// Images converted to byte arrays using https://javl.github.io/image2cpp/

// 'tree', 300x207px
const unsigned char epd_bitmap_tree [] PROGMEM = {
	0xff, 0xff, 0xff, 0xff, 0xff, 0x9f, 0xdf, 0xff, 0xff, 0xff, 0xff, 0xff, 0xff, 0xff, 0xff, 0xff, 
	0xff, 0xbf, 0xff, 0xff, 0xff, 0xff, 0xff, 0xff, 0xff, 0xff, 0xff, 0xff, 0xef, 0xff, 0xff, 0xff, 
	0xff, 0xff, 0xff, 0xfb, 0xff, 0xf0, 0xff, 0xff, 0xff, 0xff, 0xff, 0xff, 0xdf, 0xff, 0xff, 0xff, 
	0xff, 0xbf, 0xff, 0xff, 0xff, 0xff, 0xff, 0xff, 0xff, 0xff, 0xff, 0xff, 0xff, 0xff, 0xff, 0xff, 
	0xff, 0xff, 0xff, 0xff, 0xff, 0xff, 0xff, 0xff, 0xff, 0xff, 0xff, 0x00, 0xff, 0xff, 0xff, 0xff, 
	0xff, 0xbf, 0xff, 0xff, 0xff, 0xff, 0xbf, 0xbf, 0xff, 0xef, 0xff, 0xff, 0xff, 0xff, 0xff, 0xff, 
	0xff, 0xff, 0xff, 0xff, 0xff, 0xff, 0xff, 0xff, 0xff, 0xff, 0x7f, 0xdf, 0xff, 0xff, 0xff, 0xdf, 
	0x1f, 0xf0, 0xff, 0xff, 0xff, 0xff, 0xff, 0xff, 0xdf, 0xff, 0xff, 0xff, 0xff, 0xff, 0xff, 0xff, 
	0xff, 0xff, 0xff, 0xbf, 0xff, 0xff, 0xff, 0xff, 0xff, 0xff, 0xff, 0xff, 0xff, 0xff, 0xdf, 0xff, 
	0x7d, 0xff, 0xff, 0xff, 0xf7, 0xbf, 0xff, 0xd0, 0xff, 0xff, 0xff, 0xff, 0xff, 0xbf, 0xdf, 0xff, 
	0xff, 0xff, 0xbf, 0xff, 0xff, 0xff, 0xff, 0xff, 0xff, 0xff, 0xff, 0xff, 0xff, 0xff, 0xff, 0xff, 
	0xff, 0xff, 0xff, 0xff, 0x9f, 0xff, 0xfb, 0xff, 0xff, 0xff, 0xff, 0x6f, 0x8b, 0xf0, 0xff, 0xff, 
	0xff, 0xff, 0xff, 0xbf, 0xdf, 0xff, 0xff, 0xff, 0xbf, 0xff, 0xff, 0xff, 0xff, 0xe7, 0xff, 0xff, 
	0xff, 0xff, 0xff, 0xff, 0xff, 0xff, 0xff, 0xff, 0xff, 0xff, 0xbf, 0xff, 0xfe, 0xff, 0xff, 0xff, 
	0xff, 0xf9, 0x1f, 0xf0, 0xff, 0xff, 0xff, 0xff, 0xff, 0xff, 0xcf, 0xff, 0xff, 0xff, 0xdf, 0xff, 
	0xff, 0xfb, 0xff, 0xfb, 0xff, 0xdf, 0xff, 0xff, 0xff, 0xff, 0xff, 0xff, 0xff, 0xff, 0xff, 0xff, 
	0xff, 0xff, 0xf5, 0xff, 0xfe, 0x37, 0xff, 0xe3, 0xff, 0xf0, 0xff, 0xff, 0xff, 0xff, 0xff, 0xff, 
	0xcf, 0xff, 0xff, 0xff, 0xff, 0xbf, 0xff, 0xff, 0xff, 0xfc, 0xff, 0xbf, 0xff, 0xff, 0xff, 0xff, 
	0xff, 0xff, 0xff, 0xff, 0xff, 0xff, 0xff, 0xf7, 0xeb, 0xff, 0xfb, 0x9f, 0xff, 0x8f, 0xff, 0xf0, 
	0xff, 0xff, 0xff, 0xff, 0xff, 0xff, 0xff, 0xff, 0xff, 0xff, 0xff, 0xbf, 0xff, 0xff, 0xff, 0xff, 
	0x7f, 0xbf, 0xff, 0xff, 0xff, 0xff, 0xff, 0xff, 0xff, 0xff, 0xff, 0xff, 0xff, 0xfb, 0xff, 0xff, 
	0xff, 0x7e, 0xfb, 0x1f, 0xff, 0xf0, 0xff, 0xff, 0xff, 0xff, 0xff, 0xff, 0xef, 0xff, 0xff, 0xff, 
	0xff, 0xbf, 0xff, 0xde, 0xff, 0xff, 0x9f, 0xbf, 0xff, 0xff, 0xff, 0xff, 0xff, 0xff, 0xff, 0xff, 
	0xff, 0xfe, 0xff, 0xff, 0x3f, 0xff, 0xf1, 0xeb, 0xf4, 0x7f, 0xff, 0xf0, 0xff, 0xff, 0xff, 0xff, 
	0xff, 0xff, 0xef, 0xff, 0xff, 0xff, 0xbf, 0xff, 0xff, 0xdf, 0xff, 0xff, 0xce, 0xfb, 0xff, 0xff, 
	0xff, 0xff, 0xff, 0xff, 0xff, 0xff, 0xff, 0xff, 0xf2, 0xf6, 0xbf, 0xff, 0x17, 0x0f, 0xe1, 0xff, 
	0xff, 0xf0, 0xff, 0xff, 0xff, 0xff, 0xff, 0xff, 0xff, 0xff, 0xff, 0xff, 0xbf, 0xff, 0xff, 0xdd, 
	0xff, 0xff, 0xf7, 0xf7, 0xff, 0xff, 0xff, 0xff, 0xff, 0xff, 0xff, 0xff, 0xff, 0xf5, 0xef, 0x66, 
	0x3f, 0xc0, 0x3c, 0x7f, 0xe7, 0xff, 0xff, 0xf0, 0xff, 0xff, 0xff, 0xff, 0xff, 0xbf, 0xef, 0xff, 
	0xff, 0xff, 0xbf, 0xff, 0xff, 0xdf, 0xff, 0xff, 0xf6, 0xff, 0xff, 0xff, 0xff, 0xff, 0xff, 0xff, 
	0xff, 0xff, 0xff, 0xff, 0xff, 0x85, 0x9c, 0x1f, 0xf1, 0xff, 0xcf, 0xff, 0xfd, 0xf0, 0xff, 0xff, 
	0xff, 0xff, 0xff, 0xbf, 0xef, 0xff, 0xff, 0xff, 0xbf, 0xfb, 0xff, 0xdd, 0xff, 0xff, 0xff, 0xbf, 
	0xff, 0xff, 0xff, 0xff, 0xff, 0xff, 0xff, 0xff, 0xf0, 0x7d, 0x7e, 0xa3, 0xff, 0xf8, 0x0f, 0xff, 
	0xbf, 0xff, 0x3f, 0xc0, 0xff, 0xff, 0xff, 0xff, 0xff, 0xbf, 0xff, 0xff, 0xff, 0xff, 0xff, 0x77, 
	0xff, 0xff, 0xff, 0xff, 0xee, 0xbf, 0xff, 0xff, 0xff, 0xff, 0xff, 0xff, 0xff, 0xff, 0xfe, 0x5d, 
	0x20, 0x46, 0xf0, 0x01, 0xff, 0xfe, 0xf8, 0x08, 0xfe, 0x80, 0xff, 0xff, 0xff, 0xff, 0xff, 0xbf, 
	0xf7, 0xff, 0xff, 0xff, 0xff, 0x77, 0xff, 0x9f, 0xff, 0xff, 0xfe, 0xdf, 0xff, 0xff, 0xff, 0xff, 
	0xff, 0xff, 0xff, 0xff, 0xff, 0xfe, 0x87, 0xec, 0x30, 0x7f, 0xff, 0xff, 0xff, 0xc7, 0xef, 0xf0, 
	0xff, 0xff, 0xff, 0xff, 0xff, 0xbf, 0xf7, 0xff, 0xff, 0xff, 0xff, 0x77, 0xff, 0xdf, 0xff, 0xff, 
	0xfe, 0xd7, 0xff, 0xff, 0xff, 0xff, 0xff, 0xff, 0xff, 0xff, 0xff, 0xda, 0x3f, 0xed, 0xff, 0xff, 
	0xff, 0xef, 0xc1, 0xff, 0x7f, 0xf0, 0xff, 0xff, 0xff, 0xff, 0xff, 0xff, 0xf7, 0xff, 0xff, 0xff, 
	0xff, 0x77, 0xff, 0xff, 0xff, 0xff, 0xfd, 0x5f, 0xff, 0xff, 0xff, 0xff, 0xff, 0xff, 0xff, 0xff, 
	0xff, 0xdb, 0xff, 0xe9, 0xff, 0xff, 0xff, 0xff, 0xb0, 0x1d, 0xff, 0xf0, 0xff, 0xff, 0xff, 0xff, 
	0xff, 0xff, 0xf7, 0xff, 0xff, 0xff, 0xff, 0x77, 0xff, 0xff, 0xff, 0xff, 0xfd, 0x5f, 0xff, 0xff, 
	0xff, 0xff, 0xff, 0xff, 0xff, 0xff, 0xff, 0x9f, 0x7f, 0xd9, 0xff, 0xff, 0xff, 0xfe, 0xff, 0xd7, 
	0xff, 0xf0, 0xff, 0xff, 0xff, 0xff, 0xff, 0xff, 0xf7, 0xff, 0xff, 0xff, 0xbf, 0x77, 0xff, 0xff, 
	0xff, 0xff, 0xbd, 0xff, 0xff, 0xff, 0xff, 0xff, 0xff, 0xff, 0xff, 0xff, 0xff, 0xbb, 0xbf, 0x1b, 
	0xff, 0xff, 0xf3, 0xff, 0xff, 0xff, 0xff, 0xf0, 0xff, 0xff, 0xff, 0xff, 0xff, 0xff, 0xff, 0xff, 
	0xff, 0xff, 0xbf, 0x7f, 0xff, 0xdb, 0xff, 0xff, 0xe7, 0xff, 0xff, 0xff, 0xff, 0xff, 0xff, 0xff, 
	0xff, 0xff, 0xff, 0xbb, 0x9e, 0x53, 0xff, 0xf8, 0xff, 0xfb, 0xff, 0xff, 0xff, 0xf0, 0xff, 0xff, 
	0xff, 0xff, 0xff, 0xff, 0xdf, 0xff, 0xff, 0xff, 0xff, 0x7f, 0xff, 0xfb, 0xff, 0xff, 0xf3, 0xbf, 
	0xff, 0xff, 0xff, 0xff, 0xff, 0xff, 0xff, 0xff, 0xff, 0xb3, 0xdc, 0x93, 0xff, 0xff, 0xff, 0xf3, 
	0xff, 0xff, 0xff, 0xf0, 0xff, 0xff, 0xff, 0xff, 0xff, 0xdf, 0xdf, 0xff, 0xff, 0xff, 0xff, 0x7f, 
	0xff, 0xbb, 0xff, 0xff, 0xfb, 0xbf, 0xff, 0xff, 0xff, 0xff, 0xff, 0xff, 0xff, 0xff, 0xff, 0x33, 
	0xb9, 0x97, 0xf7, 0xff, 0xf1, 0xe7, 0xff, 0xff, 0xff, 0xf0, 0xff, 0xff, 0xff, 0xff, 0xff, 0xff, 
	0xdf, 0xff, 0xff, 0xff, 0x7e, 0x7f, 0xff, 0xbb, 0xff, 0xff, 0xfb, 0xff, 0xff, 0xff, 0xff, 0xff, 
	0xff, 0xff, 0xff, 0xff, 0xff, 0x76, 0x73, 0xb7, 0x87, 0xe0, 0x07, 0xe7, 0xff, 0xff, 0xff, 0xf0, 
	0xff, 0xff, 0xff, 0xff, 0xff, 0xff, 0xdf, 0xff, 0xff, 0xff, 0x7e, 0x7f, 0xff, 0xbf, 0xff, 0xff, 
	0xfb, 0x7f, 0xff, 0xff, 0xff, 0xff, 0xff, 0xff, 0xff, 0xff, 0xff, 0x74, 0xcf, 0xb6, 0x3f, 0x7f, 
	0xfc, 0xcf, 0xff, 0xff, 0xff, 0xf0, 0xff, 0xff, 0xff, 0xff, 0xff, 0xdf, 0xdf, 0xff, 0xff, 0xff, 
	0x7f, 0xef, 0xff, 0xf7, 0xff, 0xff, 0xfb, 0x7f, 0xff, 0xff, 0xff, 0xff, 0xff, 0xff, 0xff, 0xff, 
	0xff, 0x61, 0x87, 0x24, 0xff, 0xff, 0xfd, 0xdf, 0xff, 0xff, 0xff, 0xf0, 0xff, 0xff, 0xff, 0xff, 
	0xff, 0xdf, 0xcf, 0xff, 0xff, 0xfe, 0xfe, 0xf7, 0xff, 0xb7, 0xff, 0xff, 0xfb, 0x7f, 0xff, 0xff, 
	0xff, 0xff, 0xff, 0xff, 0xff, 0xff, 0xfc, 0xe3, 0x0f, 0x21, 0xef, 0xff, 0xfb, 0x9f, 0xff, 0xff, 
	0xff, 0xf0, 0xff, 0xff, 0xff, 0xff, 0xff, 0xbf, 0xd7, 0xff, 0xff, 0xfe, 0xfe, 0xf7, 0xff, 0xb7, 
	0xff, 0xff, 0xf7, 0x7f, 0xff, 0xff, 0xff, 0xff, 0xff, 0xff, 0xff, 0xff, 0xfd, 0xe6, 0x9f, 0x63, 
	0xbf, 0xff, 0x33, 0xbf, 0xff, 0xff, 0xff, 0xf0, 0xff, 0xff, 0xff, 0xff, 0xff, 0xbf, 0xdf, 0xff, 
	0xff, 0xfe, 0xfe, 0xf7, 0xff, 0xbf, 0xff, 0xfe, 0xf7, 0x7f, 0xff, 0xff, 0xff, 0xff, 0xff, 0xff, 
	0xff, 0xff, 0xf8, 0xe5, 0x3f, 0x66, 0x7f, 0xff, 0xd7, 0x3f, 0xff, 0xff, 0xff, 0xf0, 0xff, 0xff, 
	0xff, 0xff, 0xff, 0xbf, 0xdf, 0xff, 0xff, 0xfe, 0xfe, 0xff, 0xff, 0xbf, 0xff, 0xfe, 0x76, 0xff, 
	0xff, 0xff, 0xff, 0xff, 0xff, 0xbf, 0xff, 0xff, 0xfb, 0xca, 0x7f, 0x6c, 0xff, 0xff, 0xe7, 0x7f, 
	0xff, 0xff, 0xff, 0xf0, 0xff, 0xff, 0xff, 0xff, 0xff, 0xbf, 0xdf, 0xff, 0xff, 0xfe, 0xfe, 0xff, 
	0xff, 0xbf, 0xff, 0xfd, 0x26, 0xff, 0xff, 0xff, 0xff, 0xff, 0xff, 0xff, 0xff, 0xff, 0xf3, 0xcc, 
	0xfe, 0x49, 0xff, 0xff, 0xee, 0x7f, 0xff, 0xff, 0xff, 0xf0, 0xff, 0xff, 0xff, 0xff, 0xff, 0xbf, 
	0xdf, 0xff, 0xff, 0xfe, 0xfe, 0xff, 0xff, 0xbf, 0xff, 0xff, 0xce, 0xff, 0xff, 0xff, 0xff, 0xff, 
	0xff, 0xff, 0xff, 0xff, 0xf5, 0xd9, 0xe6, 0xcb, 0xff, 0xff, 0xde, 0xff, 0xff, 0xff, 0xff, 0xf0, 
	0xff, 0xff, 0xff, 0xff, 0xff, 0x9f, 0xdf, 0xff, 0xff, 0xff, 0xfc, 0xff, 0xff, 0xff, 0xff, 0xff, 
	0x6e, 0xff, 0xff, 0xff, 0xff, 0xff, 0xff, 0xff, 0xff, 0xff, 0xf7, 0xb3, 0xfa, 0xc7, 0xff, 0xff, 
	0xdc, 0xff, 0xff, 0xff, 0xff, 0xf0, 0x7f, 0xff, 0xff, 0xff, 0xff, 0x9f, 0xdf, 0xff, 0xff, 0xfd, 
	0xfd, 0xdf, 0xff, 0xf7, 0xff, 0xff, 0xce, 0xff, 0xff, 0xff, 0xff, 0xff, 0xff, 0xff, 0xff, 0xff, 
	0xf7, 0xf3, 0xfe, 0xc7, 0xff, 0xff, 0xb9, 0xff, 0xff, 0xff, 0xff, 0xf0, 0xff, 0xff, 0xff, 0xff, 
	0xff, 0xbf, 0xdf, 0xff, 0xff, 0xfd, 0xfd, 0xdf, 0xff, 0x77, 0xff, 0xff, 0x8e, 0xff, 0xff, 0xff, 
	0xff, 0xff, 0xff, 0xff, 0xff, 0xff, 0xf7, 0xe7, 0xfe, 0xcf, 0xff, 0xff, 0x79, 0xff, 0xff, 0xff, 
	0xff, 0xf0, 0xff, 0xff, 0xff, 0xff, 0xff, 0xbf, 0xdf, 0xff, 0xff, 0xfd, 0xfd, 0xff, 0xff, 0x77, 
	0xff, 0xff, 0xcf, 0xff, 0xff, 0xff, 0xff, 0xff, 0xff, 0xff, 0xff, 0xff, 0xf7, 0xef, 0xfe, 0xdf, 
	0xff, 0xfe, 0x73, 0xff, 0xff, 0xff, 0xff, 0xf0, 0xff, 0xff, 0xff, 0xff, 0xff, 0xbf, 0xdf, 0xff, 
	0xff, 0xfd, 0xfd, 0xff, 0xff, 0x77, 0xff, 0xff, 0xdd, 0xff, 0xff, 0xff, 0xff, 0xff, 0xff, 0xff, 
	0xff, 0xff, 0xe7, 0xdf, 0xfc, 0xdf, 0xff, 0xfe, 0xf1, 0xff, 0xff, 0xff, 0xff, 0xf0, 0xef, 0xff, 
	0xff, 0xff, 0xff, 0xbf, 0xcf, 0xff, 0xff, 0xfd, 0xfd, 0xdf, 0xff, 0x77, 0xff, 0xff, 0xdd, 0xff, 
	0xff, 0xff, 0xff, 0xff, 0xff, 0xff, 0xff, 0xff, 0xef, 0xdf, 0xf8, 0xdf, 0xff, 0xf9, 0xe7, 0xff, 
	0xff, 0xff, 0xff, 0xf0, 0xf7, 0xff, 0xff, 0xff, 0xff, 0xff, 0xcf, 0xff, 0xff, 0xfd, 0xfd, 0xdf, 
	0xff, 0x6f, 0xff, 0xf8, 0xc8, 0xff, 0xff, 0xff, 0xff, 0xff, 0xff, 0xff, 0xff, 0xff, 0xef, 0x9f, 
	0xf0, 0xdf, 0xff, 0xe9, 0xc7, 0xff, 0xff, 0xff, 0xff, 0xf0, 0x77, 0xff, 0xff, 0xff, 0xfe, 0xbf, 
	0xdf, 0xff, 0xff, 0xf9, 0xfd, 0xdf, 0xfe, 0x6f, 0xff, 0xff, 0xd9, 0xff, 0xff, 0xff, 0xff, 0xff, 
	0x8f, 0xff, 0xff, 0xff, 0xef, 0xbf, 0xe0, 0x9f, 0xff, 0xf3, 0xdf, 0xff, 0xff, 0xff, 0xff, 0xf0, 
	0xbb, 0xff, 0xff, 0xff, 0xff, 0xbf, 0xdf, 0xff, 0xff, 0xf9, 0xfd, 0xdf, 0xfe, 0xf7, 0xff, 0xff, 
	0xfb, 0xff, 0xff, 0xff, 0xff, 0xff, 0x1f, 0xff, 0xff, 0xff, 0xef, 0x3f, 0xc0, 0x9f, 0xff, 0xf7, 
	0x9f, 0xff, 0xff, 0xff, 0xff, 0xf0, 0xbf, 0xff, 0xff, 0xff, 0xff, 0xbf, 0xdf, 0xff, 0xff, 0xf9, 
	0xff, 0x9f, 0xfe, 0xef, 0xff, 0xff, 0xfb, 0xff, 0xff, 0xff, 0xff, 0xff, 0x5f, 0xff, 0xff, 0xff, 
	0xc7, 0x7f, 0x9c, 0xdf, 0xff, 0xf7, 0x3f, 0xff, 0xff, 0xff, 0xff, 0xf0, 0xdf, 0xff, 0xff, 0xff, 
	0xff, 0x3f, 0xdf, 0xff, 0xff, 0xf9, 0xfb, 0x9f, 0xfe, 0xef, 0xff, 0xef, 0xdb, 0xff, 0xff, 0xff, 
	0xff, 0xff, 0x5f, 0xff, 0xff, 0xff, 0xc6, 0x7e, 0x7c, 0xdf, 0xff, 0xaf, 0x7f, 0xff, 0xff, 0xff, 
	0xff, 0xf0, 0xfc, 0xff, 0xff, 0xff, 0xff, 0x3f, 0xdf, 0xff, 0xff, 0xf9, 0xfb, 0xbf, 0xfe, 0xcf, 
	0xff, 0xff, 0xfb, 0xff, 0xff, 0xff, 0xff, 0xff, 0x0f, 0xff, 0xff, 0xff, 0xce, 0xfc, 0x7c, 0xdf, 
	0xff, 0xce, 0x7f, 0xff, 0xff, 0xff, 0xff, 0xf0, 0xfe, 0xff, 0xff, 0xff, 0xff, 0x3f, 0xdf, 0xff, 
	0xff, 0xf9, 0xfb, 0xbf, 0xff, 0xdf, 0xff, 0xff, 0xf3, 0xff, 0xff, 0xff, 0xff, 0xff, 0xbf, 0xff, 
	0xff, 0xff, 0xde, 0xf0, 0xfc, 0xdf, 0xff, 0x9e, 0xff, 0xff, 0xff, 0xff, 0xff, 0xf0, 0xff, 0x1f, 
	0xff, 0xff, 0xff, 0x3f, 0xdf, 0xff, 0xff, 0xf9, 0xf7, 0xbf, 0xff, 0xc7, 0xff, 0xff, 0xf3, 0xff, 
	0xff, 0xff, 0xff, 0xff, 0xaf, 0xff, 0xff, 0xff, 0x9c, 0xe3, 0xfc, 0xdf, 0xff, 0xbc, 0xff, 0xff, 
	0xff, 0xff, 0xff, 0xf0, 0xf3, 0xaf, 0xff, 0xff, 0xff, 0x3f, 0xdf, 0xff, 0xff, 0xf9, 0xf7, 0xbf, 
	0xff, 0xcf, 0xff, 0xff, 0x93, 0xff, 0xff, 0xff, 0xff, 0xff, 0xff, 0xff, 0xff, 0xff, 0xbd, 0xe7, 
	0xfe, 0xdf, 0xfe, 0x39, 0xff, 0xff, 0xff, 0xff, 0xff, 0xf0, 0xf9, 0xdf, 0xff, 0xff, 0xff, 0x3f, 
	0xff, 0xff, 0xff, 0xfb, 0xf7, 0xbf, 0xfd, 0xef, 0xff, 0xff, 0x17, 0xff, 0xff, 0xff, 0xff, 0xff, 
	0xcf, 0xff, 0xff, 0xff, 0xb9, 0x0f, 0xfe, 0xdf, 0xfe, 0x7b, 0xff, 0xff, 0xff, 0xff, 0xff, 0xf0, 
	0xff, 0xdf, 0xff, 0xff, 0xff, 0x3f, 0xff, 0xff, 0xff, 0xfb, 0xf7, 0xbf, 0xfb, 0xcf, 0xff, 0xff, 
	0x37, 0xff, 0xff, 0xff, 0xff, 0xff, 0xeb, 0xff, 0xf0, 0xff, 0xb8, 0x3f, 0xfe, 0xdf, 0xfc, 0x77, 
	0xff, 0xff, 0xff, 0xff, 0xff, 0xf0, 0xfc, 0xff, 0xff, 0xff, 0xff, 0x3f, 0xff, 0xff, 0xff, 0xfb, 
	0xf7, 0xbf, 0xfb, 0xdf, 0xff, 0xff, 0x3f, 0xff, 0xff, 0xff, 0xff, 0xff, 0xeb, 0xff, 0xf4, 0xff, 
	0x30, 0x7f, 0xfe, 0xdf, 0xfc, 0xe7, 0xff, 0xff, 0xff, 0xff, 0xff, 0xf0, 0xfc, 0x73, 0xff, 0xff, 
	0xff, 0x3f, 0xbf, 0xff, 0xff, 0xfb, 0xf7, 0xbf, 0xfb, 0xdf, 0xff, 0xff, 0x3f, 0xff, 0xff, 0xff, 
	0xff, 0xff, 0xe9, 0xff, 0xe5, 0xff, 0x70, 0xff, 0xfe, 0xcf, 0xf9, 0xef, 0xff, 0xff, 0xfe, 0xff, 
	0xff, 0xf0, 0xff, 0x39, 0xff, 0xff, 0xff, 0x7f, 0xbf, 0xff, 0xff, 0xfb, 0xf7, 0xbf, 0xfb, 0xdf, 
	0xff, 0xff, 0x3f, 0xff, 0xff, 0xff, 0xff, 0xbf, 0xed, 0xff, 0xed, 0xff, 0x61, 0xff, 0xfe, 0xcf, 
	0xf1, 0xcf, 0xff, 0xff, 0xff, 0xff, 0xff, 0xf0, 0xfc, 0x1c, 0xff, 0xff, 0xff, 0x7f, 0xbf, 0xff, 
	0xff, 0xfb, 0xf7, 0xbf, 0xf7, 0xdf, 0xff, 0xff, 0x6f, 0xff, 0xff, 0xff, 0xfe, 0x1d, 0xe5, 0xff, 
	0xe9, 0xfe, 0xe3, 0xff, 0xfe, 0xcf, 0xf3, 0xdf, 0xff, 0xff, 0xfd, 0xff, 0xff, 0xf0, 0xf4, 0x0e, 
	0x7f, 0xff, 0xff, 0x7f, 0xbf, 0xff, 0xff, 0xf3, 0xff, 0xbf, 0xf7, 0xdf, 0xff, 0xff, 0x6f, 0xff, 
	0xff, 0xff, 0xe0, 0x0d, 0xa5, 0xff, 0xb3, 0xfe, 0xe1, 0xff, 0xfe, 0xcf, 0xf3, 0xff, 0xff, 0xff, 
	0xfd, 0xff, 0xff, 0xf0, 0xe3, 0xef, 0x3f, 0xff, 0xff, 0x7f, 0xbf, 0xff, 0xff, 0xf3, 0xff, 0xbf, 
	0xf7, 0xdf, 0xff, 0xff, 0x4f, 0xff, 0xff, 0xff, 0xef, 0xe6, 0xed, 0xff, 0x27, 0xfe, 0xc1, 0xff, 
	0xfe, 0xcf, 0xf7, 0x7f, 0xff, 0xff, 0xfb, 0xff, 0xff, 0xf0, 0x3f, 0xf7, 0x9f, 0xff, 0xff, 0x7f, 
	0xbf, 0xff, 0xff, 0xf3, 0xff, 0xbf, 0xe7, 0xcf, 0xff, 0xfe, 0x4f, 0xff, 0xff, 0xff, 0xff, 0xfa, 
	0xcd, 0x7f, 0x6f, 0xfd, 0xcf, 0xff, 0xfe, 0xcf, 0xf6, 0x7f, 0xff, 0xff, 0x7b, 0xff, 0xff, 0xf0, 
	0xff, 0xf3, 0xcf, 0xff, 0xff, 0x7f, 0xbf, 0xff, 0xff, 0xf3, 0xef, 0xbf, 0xef, 0xcf, 0xff, 0xf9, 
	0x5f, 0xff, 0xff, 0xff, 0xff, 0xfe, 0xcc, 0x7e, 0x6f, 0xfd, 0x9f, 0xff, 0xfe, 0x4f, 0xce, 0xff, 
	0xff, 0xff, 0xe7, 0xff, 0xff, 0xf0, 0xff, 0xf9, 0xe3, 0xff, 0xfe, 0x7f, 0xbf, 0xff, 0xff, 0xf3, 
	0xef, 0xbf, 0xef, 0xff, 0xff, 0xff, 0x5f, 0xff, 0xff, 0xff, 0xc0, 0x1c, 0x6c, 0x7c, 0xff, 0xfd, 
	0x9f, 0xff, 0xfe, 0x4f, 0xcc, 0xff, 0xff, 0xfd, 0xe7, 0xef, 0xff, 0xf0, 0xff, 0xfc, 0xf1, 0xff, 
	0xfe, 0x7f, 0xbf, 0xff, 0xff, 0xf3, 0xef, 0xbf, 0xcf, 0xbf, 0xff, 0xfe, 0xdf, 0xff, 0xff, 0xff, 
	0xec, 0xcf, 0x6c, 0xf9, 0xdf, 0xf9, 0xbf, 0xff, 0xff, 0x6f, 0xc9, 0xff, 0xff, 0xfe, 0xf7, 0xff, 
	0xff, 0xf0, 0xff, 0xfc, 0xf9, 0xff, 0xfe, 0x7f, 0xbf, 0xff, 0xff, 0xf3, 0xef, 0xbf, 0xcf, 0x9f, 
	0xff, 0xfe, 0xdf, 0xff, 0xff, 0xff, 0xf1, 0xee, 0x6c, 0xfb, 0xff, 0xf3, 0x3f, 0xff, 0xff, 0x6f, 
	0xb3, 0xff, 0xff, 0xff, 0x77, 0xff, 0xfb, 0xf0, 0xff, 0xfe, 0x74, 0x7f, 0xfe, 0x7f, 0xbf, 0xff, 
	0xff, 0xf3, 0xef, 0xdf, 0xdf, 0xbf, 0xff, 0xfe, 0xbf, 0xff, 0xff, 0xff, 0xf9, 0xa6, 0x6c, 0xf5, 
	0x7f, 0xf3, 0x5f, 0xff, 0xff, 0x7f, 0xb3, 0xff, 0xff, 0xff, 0xa7, 0xff, 0xff, 0xf0, 0xff, 0xff, 
	0x7a, 0x3f, 0xfe, 0x7f, 0xbf, 0xff, 0xff, 0xf3, 0x6f, 0x5f, 0xdf, 0x7f, 0xff, 0xfe, 0xbf, 0xff, 
	0xff, 0xff, 0xfd, 0x97, 0x6d, 0xe6, 0xff, 0xf7, 0x5f, 0xff, 0xff, 0x6f, 0x67, 0xff, 0xff, 0x3f, 
	0x87, 0xff, 0xff, 0xf0, 0xff, 0xff, 0x3e, 0x0f, 0xfe, 0x7f, 0xbf, 0xff, 0xff, 0xf3, 0x6f, 0x5f, 
	0xdf, 0x7f, 0xff, 0xfe, 0xbf, 0xff, 0xff, 0xff, 0xfc, 0x83, 0x25, 0xcd, 0xff, 0xf6, 0x7f, 0xff, 
	0xff, 0x6e, 0xef, 0xff, 0xfe, 0x1f, 0x81, 0xfb, 0xfb, 0xf0, 0xff, 0xff, 0x9f, 0xc0, 0x7e, 0x7f, 
	0xbf, 0xff, 0xff, 0xf3, 0xef, 0x5f, 0x9f, 0x7f, 0xff, 0xfc, 0xbf, 0xff, 0xff, 0xff, 0xfe, 0x13, 
	0xb1, 0xd9, 0xff, 0xe6, 0x3f, 0xff, 0xff, 0x24, 0xcf, 0xff, 0xff, 0xff, 0xc7, 0xf3, 0xf7, 0xf0, 
	0xff, 0xff, 0xc3, 0xf8, 0x1e, 0x7f, 0xbf, 0xff, 0xff, 0xf3, 0xef, 0x5f, 0xbf, 0x7f, 0xff, 0xfc, 
	0xbf, 0xff, 0xff, 0xff, 0xfe, 0x09, 0x95, 0xbb, 0xff, 0xec, 0x7f, 0xff, 0xff, 0x31, 0xdf, 0xff, 
	0xff, 0xff, 0xcf, 0xff, 0xf7, 0xf0, 0xff, 0xff, 0xf8, 0x7f, 0x06, 0x7f, 0xbf, 0xff, 0xff, 0xf3, 
	0xef, 0x5f, 0xbf, 0xff, 0xff, 0xfc, 0xbf, 0xff, 0xff, 0xff, 0xfe, 0x64, 0xd5, 0x37, 0xff, 0xec, 
	0xff, 0xff, 0xff, 0x33, 0x9f, 0xff, 0xff, 0xef, 0xe7, 0xff, 0xff, 0xf0, 0xff, 0xff, 0xff, 0x1f, 
	0xf0, 0x7f, 0xbf, 0xff, 0xff, 0xf2, 0xef, 0x5f, 0xbe, 0xff, 0xfb, 0xfc, 0x87, 0xff, 0xff, 0xff, 
	0xff, 0xf8, 0x45, 0x67, 0xff, 0xcc, 0x7f, 0xff, 0xff, 0x33, 0xbf, 0xff, 0xff, 0x07, 0xe7, 0xff, 
	0xef, 0xf0, 0xff, 0xff, 0xff, 0xe7, 0xfc, 0x7f, 0xbf, 0xff, 0xff, 0xf2, 0xef, 0x5e, 0x3e, 0xff, 
	0xfb, 0xf0, 0x87, 0xff, 0xff, 0xff, 0xff, 0xff, 0x2c, 0x4f, 0xff, 0xd8, 0xff, 0xff, 0xff, 0x37, 
	0x3f, 0xff, 0xff, 0xe3, 0xe7, 0xef, 0xef, 0xf0, 0xff, 0xff, 0xff, 0xf8, 0xfe, 0x7f, 0x9f, 0xff, 
	0xff, 0xf2, 0xef, 0x5f, 0x3e, 0xff, 0xfb, 0xfc, 0x3f, 0xff, 0xff, 0xff, 0xff, 0xff, 0xa4, 0xdf, 
	0xff, 0xd9, 0xff, 0xff, 0xff, 0x0f, 0x7f, 0xff, 0xff, 0xf9, 0xe7, 0xef, 0xef, 0xf0, 0xff, 0xff, 
	0xff, 0xfe, 0x3e, 0x7f, 0x87, 0xff, 0xff, 0xf2, 0xef, 0xdf, 0x3e, 0xff, 0xfb, 0xfd, 0x3f, 0xff, 
	0xff, 0xff, 0xff, 0xff, 0xbd, 0x1f, 0xff, 0xb3, 0xff, 0xff, 0xff, 0x1e, 0x7f, 0xff, 0xff, 0xfc, 
	0x63, 0xcf, 0xef, 0xe0, 0xff, 0xff, 0xff, 0xff, 0xc6, 0x7f, 0xb3, 0xff, 0xff, 0xf2, 0xef, 0xdf, 
	0x7e, 0xff, 0xfb, 0xfd, 0x7f, 0xff, 0xff, 0xff, 0xff, 0xff, 0xb9, 0x3f, 0xff, 0xb7, 0xff, 0xff, 
	0xff, 0x3e, 0x7f, 0xff, 0xff, 0xff, 0x80, 0x4f, 0xef, 0xd0, 0xff, 0xff, 0xff, 0xff, 0xf8, 0x7f, 
	0xb9, 0xff, 0xff, 0xf6, 0xef, 0xdf, 0x7d, 0xff, 0xf9, 0xfd, 0x7f, 0xff, 0xff, 0xff, 0xff, 0xff, 
	0xba, 0xff, 0xff, 0x27, 0xff, 0xff, 0xff, 0x1c, 0x7f, 0xff, 0xff, 0xff, 0xe0, 0x4f, 0xe7, 0xd0, 
	0xff, 0xff, 0xff, 0xff, 0xfe, 0x7f, 0xbc, 0xff, 0xff, 0xf7, 0xef, 0xdf, 0x7d, 0xff, 0xf9, 0xfd, 
	0x1f, 0xff, 0xff, 0xff, 0xff, 0xff, 0x9a, 0xff, 0xff, 0x67, 0xff, 0xff, 0xff, 0x3c, 0x3f, 0xff, 
	0xff, 0xff, 0xf3, 0xcf, 0xe3, 0xf0, 0xff, 0xff, 0xff, 0xff, 0xfe, 0x7f, 0xbe, 0x7f, 0xff, 0xf5, 
	0xef, 0xdf, 0x7d, 0xff, 0xfd, 0xfd, 0x7f, 0xff, 0xff, 0xff, 0xff, 0xff, 0x9a, 0xff, 0xff, 0x6f, 
	0xff, 0xff, 0xff, 0x39, 0xff, 0xff, 0xff, 0xff, 0xf3, 0xdf, 0x8b, 0xf0, 0xff, 0xff, 0xff, 0xff, 
	0xfe, 0x7f, 0x9f, 0x1f, 0xff, 0xf5, 0xef, 0xde, 0x7d, 0xff, 0xfd, 0xfd, 0x7f, 0xff, 0xff, 0xff, 
	0xff, 0xff, 0x9a, 0xff, 0xff, 0x4f, 0xff, 0xff, 0xff, 0x79, 0xff, 0xff, 0xff, 0xff, 0xf3, 0xdf, 
	0x1f, 0xf0, 0xff, 0xff, 0xff, 0xff, 0xfe, 0x7f, 0x9f, 0xcf, 0xff, 0xf5, 0xef, 0xde, 0xfd, 0xff, 
	0xf8, 0xfd, 0x7f, 0xff, 0xff, 0xff, 0xff, 0x7f, 0x96, 0xff, 0xfe, 0xdf, 0xff, 0xff, 0xff, 0x79, 
	0xff, 0xff, 0xff, 0xff, 0xf3, 0xcf, 0x3f, 0xf0, 0xff, 0xff, 0xff, 0xff, 0xfe, 0x7f, 0x9f, 0xe7, 
	0xff, 0xf5, 0xef, 0xde, 0xfd, 0xff, 0x8c, 0xf5, 0x7f, 0xff, 0xff, 0xff, 0xfe, 0x7f, 0x96, 0xff, 
	0xfe, 0xdf, 0xff, 0xff, 0xff, 0x7b, 0xff, 0xff, 0xff, 0xff, 0xe7, 0xde, 0xdf, 0xf0, 0xff, 0xff, 
	0xff, 0xff, 0xfe, 0x7f, 0x87, 0xf7, 0xff, 0xf5, 0xef, 0xde, 0xf9, 0xff, 0xfb, 0xfd, 0x7f, 0xff, 
	0xff, 0xff, 0xfd, 0x7f, 0x12, 0xff, 0xfe, 0xbf, 0xff, 0xff, 0xff, 0x73, 0xff, 0xff, 0xff, 0xff, 
	0xe3, 0x9d, 0xe3, 0xf0, 0xff, 0xff, 0xff, 0xff, 0xfe, 0x7f, 0x93, 0xf7, 0xff, 0xf5, 0xef, 0xdc, 
	0xfb, 0xff, 0xfb, 0xfd, 0x7f, 0xff, 0xff, 0xff, 0xfd, 0x3f, 0x16, 0xff, 0xf5, 0xbf, 0xff, 0xff, 
	0xfe, 0x73, 0xff, 0xff, 0xff, 0xfc, 0x01, 0x85, 0xcf, 0xf0, 0xff, 0xff, 0xff, 0xff, 0xfe, 0x7f, 
	0xdb, 0xf7, 0xff, 0xf5, 0xff, 0xdd, 0xfb, 0xff, 0xf3, 0xf9, 0x7f, 0xff, 0xff, 0xff, 0xfd, 0xbf, 
	0x16, 0xff, 0xfd, 0x3f, 0xff, 0xff, 0xfc, 0x77, 0xff, 0xff, 0xff, 0xff, 0x99, 0x9f, 0x0f, 0xf0, 
	0xff, 0xff, 0xff, 0xff, 0xfe, 0x7f, 0xdd, 0xf7, 0xff, 0xf5, 0xff, 0xdd, 0xfb, 0xbf, 0xe7, 0xf9, 
	0x7f, 0xff, 0xff, 0xff, 0xfd, 0xbf, 0x32, 0xff, 0xf9, 0x7f, 0xff, 0xff, 0xfc, 0x77, 0xff, 0xff, 
	0xff, 0xff, 0xfd, 0x38, 0x3f, 0xf0, 0xff, 0xff, 0xff, 0xff, 0xfe, 0x7f, 0xdd, 0xf3, 0xff, 0xf7, 
	0xdf, 0xd9, 0xf3, 0xdf, 0xe6, 0xf9, 0x7f, 0xff, 0xff, 0xff, 0xfd, 0x9e, 0x76, 0xff, 0xeb, 0x7f, 
	0xff, 0xff, 0xfc, 0xf7, 0xff, 0xff, 0xff, 0xf3, 0xfc, 0x30, 0x70, 0x70, 0xff, 0xff, 0xff, 0xff, 
	0xfe, 0x7f, 0xde, 0xfb, 0xff, 0xe7, 0xdf, 0xdb, 0xf7, 0xcf, 0xc7, 0xfd, 0x3f, 0xff, 0xff, 0xff, 
	0xfc, 0xde, 0x76, 0xff, 0xfa, 0x7f, 0xff, 0xff, 0xfc, 0xf7, 0xff, 0xff, 0xff, 0xf8, 0xfc, 0x40, 
	0x07, 0xf0, 0xff, 0xff, 0xff, 0xff, 0xfe, 0x7f, 0xde, 0xfb, 0xff, 0xe7, 0xdf, 0xd3, 0xf7, 0xe0, 
	0x27, 0xfd, 0x9f, 0xff, 0xff, 0xff, 0xfe, 0xcc, 0x66, 0xff, 0xd6, 0x7f, 0xff, 0xff, 0xf8, 0xf7, 
	0xff, 0xff, 0xff, 0xfe, 0x0c, 0x51, 0xff, 0xf0, 0xff, 0xff, 0xff, 0xff, 0xfe, 0x7f, 0xde, 0x7b, 
	0xff, 0xe7, 0xdf, 0xd3, 0xe7, 0xe7, 0xe7, 0xfc, 0x67, 0xff, 0xff, 0xff, 0xfe, 0x6c, 0x46, 0xff, 
	0x8e, 0xff, 0xff, 0xff, 0xf8, 0xf7, 0xff, 0xff, 0xff, 0xff, 0xe2, 0x53, 0xff, 0xf0, 0xff, 0xff, 
	0xff, 0xff, 0xfe, 0x7f, 0xdf, 0x79, 0xff, 0xe3, 0xdf, 0xc7, 0xef, 0xff, 0xe7, 0xfc, 0x03, 0xff, 
	0xff, 0xff, 0xff, 0x60, 0xda, 0x7f, 0x1e, 0xdf, 0xff, 0xff, 0xf8, 0xf7, 0xff, 0xff, 0xff, 0xff, 
	0xf8, 0x47, 0xff, 0xf0, 0xff, 0xff, 0xff, 0xff, 0xfe, 0x7f, 0xdf, 0x7d, 0xff, 0xe3, 0xff, 0xc7, 
	0xcf, 0xff, 0xe7, 0xfc, 0x1b, 0xff, 0xff, 0xff, 0xff, 0x70, 0xbb, 0x80, 0x3c, 0xbf, 0xff, 0xff, 
	0xfc, 0xf3, 0xff, 0xff, 0xff, 0xff, 0xfe, 0x4f, 0xff, 0xf0, 0xff, 0xff, 0xff, 0xff, 0xfe, 0x7f, 
	0xdf, 0x3c, 0xff, 0xe7, 0xff, 0xcf, 0xdf, 0xed, 0xe7, 0xf8, 0x79, 0xbf, 0xff, 0xff, 0xef, 0x00, 
	0x00, 0x01, 0xfc, 0x1f, 0xff, 0xff, 0xf8, 0xf3, 0xff, 0xff, 0xff, 0xff, 0xfe, 0x0f, 0xff, 0xf0, 
	0xff, 0xff, 0xff, 0xff, 0xfe, 0x7f, 0xdf, 0xbd, 0x8f, 0xe7, 0xff, 0xcf, 0xd7, 0xeb, 0xe3, 0xf8, 
	0xfd, 0xff, 0xff, 0xff, 0x00, 0x0f, 0xf8, 0xff, 0xff, 0x07, 0xff, 0xff, 0xfc, 0xf7, 0xff, 0xff, 
	0xff, 0xff, 0xfe, 0x1f, 0xff, 0xf0, 0xff, 0xff, 0xff, 0xff, 0xfe, 0xff, 0xdf, 0xbd, 0xe7, 0xe7, 
	0xff, 0xcf, 0xd9, 0xe7, 0xc3, 0xf5, 0xfd, 0xff, 0xff, 0xfc, 0x02, 0xff, 0xff, 0xff, 0xff, 0xf1, 
	0xff, 0xff, 0xfc, 0xf7, 0xff, 0xff, 0xff, 0xff, 0xfe, 0x1f, 0xff, 0xf0, 0xff, 0xff, 0xff, 0xff, 
	0xfe, 0xff, 0xdf, 0xbd, 0xf9, 0xe7, 0xff, 0xcf, 0x9e, 0x37, 0xe5, 0xe5, 0xfd, 0xff, 0xff, 0xc7, 
	0xff, 0xff, 0xff, 0xff, 0xff, 0xfe, 0x3f, 0xff, 0xfd, 0xf3, 0xff, 0xff, 0xff, 0xff, 0xff, 0x1f, 
	0xff, 0xf0, 0xff, 0xff, 0xff, 0xff, 0xfe, 0xff, 0x9f, 0x9d, 0xfc, 0xc7, 0xff, 0x9f, 0xbf, 0x87, 
	0xe6, 0xcd, 0xff, 0xff, 0xfe, 0x0f, 0xff, 0xff, 0xff, 0xff, 0xe7, 0xfe, 0x00, 0x1f, 0xfd, 0xe7, 
	0xff, 0xff, 0xff, 0xff, 0xff, 0x3f, 0xc1, 0xf0, 0xff, 0xff, 0xff, 0xff, 0xfe, 0xff, 0x9f, 0x9d, 
	0xfe, 0x0f, 0xff, 0x9f, 0xaf, 0xc7, 0xcf, 0xdd, 0xff, 0xff, 0xf8, 0x3f, 0xff, 0xff, 0xff, 0xff, 
	0xff, 0xff, 0xc0, 0x1f, 0xd8, 0xe7, 0xff, 0xff, 0xff, 0xfe, 0xff, 0x3f, 0xff, 0xf0, 0xff, 0xff, 
	0xff, 0xff, 0xfe, 0xff, 0x9f, 0xdd, 0xff, 0x0f, 0xff, 0x9f, 0xaf, 0xe3, 0x8f, 0x9d, 0xff, 0xff, 
	0xc0, 0xff, 0xff, 0xff, 0x00, 0x00, 0x0f, 0xff, 0xff, 0x07, 0xf2, 0xe7, 0xff, 0xff, 0xff, 0xfe, 
	0x7f, 0x38, 0xff, 0xf0, 0xff, 0xff, 0xff, 0xff, 0xfe, 0xff, 0x9f, 0xdd, 0xff, 0x8f, 0xff, 0x9f, 
	0x2f, 0xf3, 0x8f, 0x35, 0xff, 0xff, 0x87, 0xff, 0xfe, 0x00, 0x00, 0x00, 0x00, 0x3f, 0xff, 0xf0, 
	0x65, 0xcf, 0xff, 0xff, 0xff, 0xff, 0x3f, 0x70, 0x3d, 0xf0, 0xff, 0xff, 0xff, 0xff, 0xfe, 0xff, 
	0x9f, 0xdd, 0xff, 0xcf, 0xff, 0x9f, 0x2f, 0xf3, 0x9f, 0x3d, 0xff, 0xfe, 0x1f, 0xfc, 0x00, 0x02, 
	0xbb, 0x4f, 0xe0, 0x03, 0xff, 0xfc, 0x03, 0xdf, 0xff, 0xff, 0xff, 0xff, 0x8f, 0x77, 0xc3, 0xf0, 
	0x7f, 0xff, 0xff, 0xff, 0xfe, 0xff, 0x9f, 0xdc, 0xff, 0xcf, 0xff, 0x9f, 0x6f, 0xf9, 0x9f, 0x3d, 
	0xff, 0xf0, 0x3f, 0xe0, 0x03, 0xca, 0xb9, 0x1f, 0x87, 0xf0, 0x7f, 0xff, 0x03, 0xdf, 0xff, 0xff, 
	0xff, 0xff, 0xe5, 0x6f, 0xe3, 0x80, 0xff, 0xff, 0xff, 0xff, 0xfe, 0xff, 0x9f, 0xcc, 0xff, 0xcf, 
	0xbf, 0x9f, 0x77, 0xf9, 0x9f, 0xbd, 0xff, 0x80, 0xff, 0x0f, 0xff, 0xea, 0xb9, 0xfe, 0x0f, 0xfe, 
	0x03, 0xff, 0x8f, 0xcf, 0xff, 0xff, 0xff, 0xff, 0xf1, 0x4f, 0xdc, 0x70, 0xff, 0xff, 0xff, 0xff, 
	0xfe, 0xff, 0x9f, 0xde, 0xff, 0xcf, 0xff, 0xbf, 0x77, 0xfc, 0x9f, 0xbd, 0xfe, 0x87, 0xf3, 0x9f, 
	0xff, 0xe3, 0xbb, 0xfe, 0x1f, 0xff, 0xc0, 0x7f, 0xff, 0xdf, 0xff, 0xff, 0xff, 0xff, 0xf9, 0x5f, 
	0xff, 0xf0, 0xef, 0xff, 0xff, 0xff, 0xfe, 0xff, 0x9f, 0xde, 0xff, 0xdf, 0xff, 0xbf, 0x73, 0xfe, 
	0x1f, 0xbd, 0xfc, 0x3f, 0x98, 0x3f, 0xff, 0xf1, 0xbb, 0xfe, 0x3f, 0xff, 0xd0, 0x1f, 0xff, 0xdf, 
	0xff, 0xff, 0xff, 0xff, 0xfd, 0x1d, 0xff, 0xf0, 0xff, 0xff, 0xff, 0xff, 0xfe, 0x7f, 0x9f, 0xce, 
	0xff, 0xdf, 0xff, 0xbe, 0x7b, 0xfe, 0x1f, 0xbd, 0xf9, 0xfe, 0x00, 0xff, 0xff, 0xf1, 0xdb, 0xfc, 
	0x7f, 0xff, 0xfd, 0x07, 0xff, 0xdf, 0xff, 0xff, 0xff, 0xff, 0xfd, 0x07, 0xff, 0xf0, 0xfb, 0xff, 
	0xff, 0xff, 0xfe, 0x7f, 0x9f, 0xce, 0xff, 0x9f, 0x7f, 0xbe, 0x7b, 0xfe, 0x1f, 0xbd, 0xe3, 0xfc, 
	0x1f, 0xff, 0xff, 0xf1, 0xc3, 0xfc, 0x7f, 0xff, 0xff, 0x80, 0x3f, 0xcf, 0xff, 0xff, 0xff, 0xff, 
	0xfc, 0x3f, 0xff, 0xf0, 0xfc, 0xff, 0xff, 0xff, 0xfe, 0xff, 0x9f, 0xce, 0xff, 0x9f, 0xff, 0x3e, 
	0x7b, 0xfe, 0x1f, 0xb9, 0x0f, 0xf0, 0x7f, 0xff, 0xff, 0xf9, 0xf7, 0xf8, 0xff, 0xff, 0xff, 0xf4, 
	0x1f, 0xe1, 0xff, 0xff, 0xff, 0xff, 0xfc, 0x3f, 0xff, 0xf0, 0xff, 0x7f, 0xff, 0xff, 0xfe, 0x7f, 
	0x9f, 0xce, 0xff, 0x9b, 0xff, 0x3e, 0x7b, 0xff, 0x1f, 0xb8, 0x3f, 0xe1, 0xff, 0xff, 0xff, 0xf8, 
	0xff, 0xf3, 0xff, 0xff, 0xff, 0xff, 0x07, 0xf2, 0xff, 0xff, 0xff, 0xff, 0xfc, 0x3f, 0xff, 0xf0, 
	0xff, 0x7f, 0xff, 0xff, 0xfe, 0x7f, 0x9f, 0xce, 0xff, 0x9f, 0xff, 0x3e, 0x7b, 0xff, 0x1f, 0xd9, 
	0xff, 0x07, 0xff, 0xff, 0xff, 0xf8, 0xff, 0xe7, 0xff, 0xff, 0xff, 0xff, 0x83, 0xf9, 0xff, 0xff, 
	0xff, 0xff, 0xfc, 0x7f, 0xff, 0xf0, 0xff, 0xcf, 0xff, 0xff, 0xfe, 0x7f, 0x98, 0xce, 0xff, 0xbf, 
	0xff, 0x3c, 0x7b, 0xff, 0x1f, 0xc3, 0xfe, 0x1f, 0xff, 0xff, 0xff, 0xf8, 0xff, 0x8f, 0xff, 0xff, 
	0xff, 0xff, 0x31, 0xf9, 0xff, 0xff, 0xff, 0xff, 0xfc, 0x7f, 0xff, 0xf0, 0x7f, 0xf7, 0xff, 0xff, 
	0xfe, 0x7f, 0x9e, 0x4e, 0xff, 0xb7, 0xff, 0x3d, 0x7b, 0xff, 0x1f, 0xcf, 0xfc, 0x7f, 0xff, 0xff, 
	0xff, 0xfc, 0x7f, 0x9f, 0xff, 0xff, 0xff, 0xff, 0x30, 0xfc, 0xff, 0xff, 0xff, 0xff, 0xfd, 0x7f, 
	0xff, 0xf0, 0xdf, 0xd9, 0xff, 0xff, 0xff, 0x7f, 0x9f, 0x6e, 0x7f, 0xbf, 0xff, 0x7d, 0xfb, 0xfd, 
	0x1f, 0x9f, 0xf8, 0xff, 0xff, 0xff, 0xff, 0xfc, 0x7f, 0x3f, 0xff, 0xff, 0xff, 0xfe, 0x64, 0x7e, 
	0x1f, 0xff, 0xff, 0xff, 0xfd, 0x7f, 0xff, 0xf0, 0xd7, 0xfe, 0x7f, 0xff, 0xff, 0x7f, 0xdf, 0x8e, 
	0x7f, 0x3f, 0xff, 0x7d, 0xbb, 0xff, 0x3f, 0x3f, 0xe3, 0xff, 0xff, 0xff, 0xff, 0xfc, 0x7f, 0x7f, 
	0xff, 0xff, 0xff, 0xfc, 0x66, 0x3f, 0x3f, 0xff, 0xff, 0xff, 0xfd, 0x7f, 0xff, 0xf0, 0xf3, 0xff, 
	0x3f, 0xff, 0xff, 0x3f, 0xdf, 0xce, 0x7f, 0x3d, 0xfe, 0xf9, 0xbb, 0xff, 0x3c, 0xff, 0xcf, 0xff, 
	0xff, 0xff, 0xff, 0xfd, 0x7f, 0x7f, 0xff, 0xff, 0xff, 0xfc, 0xcf, 0x9f, 0x0f, 0xff, 0xff, 0xff, 
	0xfd, 0x7f, 0xff, 0xf0, 0xfa, 0xf7, 0x9f, 0xff, 0xff, 0x3f, 0xcf, 0xe7, 0x7e, 0x7d, 0xfe, 0xfb, 
	0xbd, 0xff, 0x39, 0xff, 0x3f, 0xff, 0xff, 0xff, 0xff, 0xfc, 0x7e, 0x7f, 0xff, 0xff, 0xff, 0xfc, 
	0xcf, 0xcf, 0x8f, 0xff, 0xff, 0xff, 0xfd, 0x7f, 0xff, 0xf0, 0xfd, 0x7f, 0xcf, 0xff, 0xff, 0x3f, 
	0xc9, 0x27, 0x7f, 0x7f, 0xfe, 0xfb, 0xbc, 0xff, 0x33, 0xfe, 0x7f, 0xff, 0xff, 0xff, 0xff, 0xfd, 
	0x7e, 0x7f, 0xff, 0xff, 0xff, 0xfc, 0xcf, 0xc7, 0xc7, 0xff, 0xff, 0xff, 0xfd, 0x7f, 0xff, 0xf0, 
	0xff, 0x5b, 0xf7, 0xff, 0xff, 0xbf, 0xcf, 0x07, 0x3f, 0x7b, 0xfe, 0xfb, 0x9c, 0xf7, 0x27, 0xf9, 
	0xff, 0xff, 0xff, 0xff, 0xff, 0xfd, 0x3e, 0x7f, 0xff, 0xff, 0xff, 0xfd, 0xdf, 0xf3, 0xe7, 0xff, 
	0xff, 0xff, 0xfd, 0x7f, 0xff, 0xf0, 0xff, 0xdf, 0xfb, 0xff, 0xff, 0x9f, 0xcf, 0xf7, 0xbe, 0x5b, 
	0xfc, 0xf7, 0xdd, 0xfe, 0x0f, 0xe3, 0xff, 0xff, 0xff, 0xff, 0xff, 0xff, 0xbc, 0x7f, 0xff, 0xff, 
	0xff, 0xfd, 0xdf, 0xf9, 0xe7, 0xff, 0xff, 0xff, 0xfd, 0x7f, 0xff, 0xf0, 0xff, 0xf1, 0xf9, 0xff, 
	0xff, 0x9f, 0xcf, 0xf3, 0xbe, 0x7b, 0xfd, 0xf7, 0xdd, 0x7e, 0x1f, 0xc7, 0xff, 0xff, 0xff, 0xff, 
	0xff, 0xff, 0xbc, 0x7f, 0xff, 0xff, 0xff, 0xf9, 0xdf, 0xfd, 0xe3, 0xff, 0xff, 0xff, 0xfd, 0x7f, 
	0xff, 0xf0, 0xff, 0xf1, 0xfc, 0xff, 0xff, 0x9f, 0xee, 0x13, 0x9e, 0xff, 0xfd, 0xf7, 0xef, 0x7e, 
	0x3b, 0x9f, 0xff, 0xff, 0xff, 0xff, 0xff, 0xff, 0xbc, 0xff, 0xff, 0xff, 0xff, 0xf9, 0xdf, 0xfc, 
	0xf3, 0xff, 0xff, 0xff, 0xfd, 0x7f, 0xff, 0xf0, 0xff, 0xf8, 0xff, 0x7f, 0xff, 0xdf, 0xef, 0xf3, 
	0x9c, 0xb7, 0xfd, 0xe7, 0xef, 0x7c, 0xf7, 0x37, 0xff, 0xff, 0xff, 0xff, 0xff, 0xff, 0xbc, 0xff, 
	0xff, 0xff, 0xff, 0xfb, 0x9f, 0xfe, 0x73, 0xff, 0xff, 0xff, 0xfb, 0x7f, 0xff, 0xf0, 0xff, 0xfe, 
	0x7f, 0x3f, 0xff, 0xcf, 0xef, 0xfb, 0xcc, 0xf7, 0xf9, 0xef, 0xef, 0x39, 0xfc, 0xf5, 0xff, 0xff, 
	0xff, 0xff, 0xff, 0xff, 0x9c, 0xff, 0xff, 0xff, 0xff, 0xfb, 0xbf, 0xff, 0x73, 0xff, 0xff, 0xff, 
	0xfb, 0x7f, 0xff, 0xf0, 0xff, 0xff, 0x1f, 0x9f, 0xff, 0xcf, 0xe7, 0xfb, 0xc5, 0xff, 0xfb, 0xef, 
	0xef, 0xb3, 0xf9, 0xf5, 0xff, 0xff, 0xff, 0xff, 0xff, 0xff, 0xdc, 0xff, 0xff, 0xff, 0xff, 0xfb, 
	0xbf, 0xff, 0x71, 0xff, 0xff, 0xff, 0xfb, 0x7f, 0xff, 0xf0, 0xff, 0xff, 0x9f, 0xcf, 0xff, 0xef, 
	0xe7, 0xfb, 0xc9, 0xef, 0xfb, 0xcf, 0xe7, 0xe7, 0xf3, 0xf5, 0xff, 0xff, 0xff, 0xff, 0xff, 0xff, 
	0xdc, 0xff, 0xff, 0xff, 0xff, 0xfb, 0xbf, 0xff, 0x39, 0xff, 0xff, 0xff, 0xfb, 0x7f, 0xff, 0xf0, 
	0xff, 0xff, 0xdf, 0xe7, 0xff, 0xef, 0xe7, 0xf9, 0xc9, 0xef, 0xf3, 0xdf, 0xf7, 0xcf, 0xe3, 0xf5, 
	0xff, 0xff, 0xff, 0xff, 0xff, 0xff, 0xdc, 0xff, 0xff, 0xff, 0xff, 0xf3, 0xbf, 0xff, 0x39, 0xff, 
	0xff, 0xff, 0xfb, 0x7f, 0xff, 0xf0, 0xff, 0xff, 0xcf, 0xf3, 0xff, 0xe7, 0xf7, 0xf9, 0xe9, 0xef, 
	0xf3, 0xdf, 0xf7, 0x3f, 0xcb, 0xe9, 0xff, 0xff, 0xff, 0xff, 0xff, 0xff, 0xdc, 0xff, 0xff, 0xff, 
	0xff, 0xf3, 0xbf, 0xff, 0xb9, 0xff, 0xff, 0xff, 0xfb, 0x7f, 0xff, 0xf0, 0xff, 0xff, 0xe7, 0xf9, 
	0xff, 0xe7, 0xf7, 0xfd, 0xe3, 0xcf, 0xf7, 0x9f, 0xf6, 0x7f, 0x9b, 0xe9, 0xff, 0xff, 0xff, 0xff, 
	0xff, 0xff, 0xde, 0xff, 0xff, 0xff, 0xff, 0xf3, 0x3f, 0xff, 0xb9, 0xff, 0xff, 0xff, 0xfb, 0x7f, 
	0xff, 0xf0, 0xff, 0xff, 0xf3, 0xfc, 0xff, 0xf7, 0xf3, 0xfd, 0xe3, 0xdf, 0xf7, 0xbf, 0xf4, 0xff, 
	0x3b, 0xc9, 0xff, 0xff, 0xff, 0xff, 0xff, 0xff, 0xce, 0xff, 0xff, 0xff, 0xff, 0xf3, 0x3f, 0xff, 
	0xb8, 0xff, 0xff, 0xff, 0xfb, 0x7f, 0xff, 0xf0, 0xff, 0xff, 0xf9, 0xfe, 0x7f, 0xf7, 0xf3, 0xfd, 
	0xf3, 0xdf, 0xe7, 0xbf, 0xf1, 0xfe, 0x7b, 0x93, 0xff, 0xff, 0xff, 0xff, 0xff, 0xff, 0xce, 0xff, 
	0xff, 0xff, 0xff, 0xf3, 0x7f, 0xff, 0x98, 0xff, 0xff, 0xff, 0xfb, 0x7f, 0xff, 0xf0, 0xff, 0xff, 
	0xf9, 0xff, 0x3f, 0xf7, 0xf3, 0xfd, 0xf3, 0x9f, 0xef, 0x3f, 0xf3, 0xfc, 0xeb, 0x97, 0xff, 0xff, 
	0xff, 0xff, 0xff, 0xff, 0xce, 0xff, 0xff, 0xff, 0xff, 0xf3, 0x7f, 0xff, 0x9c, 0xff, 0xff, 0xff, 
	0xfb, 0x7f, 0xff, 0xf0, 0xff, 0xff, 0xfc, 0xff, 0x9f, 0xf3, 0xfb, 0xfd, 0xf3, 0xbf, 0xef, 0x7f, 
	0xe7, 0xf9, 0xeb, 0xb7, 0xff, 0xff, 0xff, 0xff, 0xff, 0xff, 0xce, 0xff, 0xff, 0xff, 0xff, 0xf3, 
	0x7f, 0xff, 0xdc, 0xff, 0xff, 0xff, 0xfb, 0x7f, 0xff, 0xf0, 0xff, 0xff, 0xfe, 0x7f, 0x9f, 0xf3, 
	0xfb, 0xfd, 0xf3, 0xbf, 0xcf, 0x7f, 0xcf, 0xf1, 0xe8, 0x7f, 0xff, 0xff, 0xff, 0xff, 0xff, 0xff, 
	0xee, 0xff, 0xff, 0xff, 0xff, 0xf3, 0x7f, 0xff, 0xdc, 0x7f, 0xff, 0xff, 0xfb, 0x7f, 0xff, 0xf0, 
	0xff, 0xff, 0xff, 0x7f, 0xcf, 0xf3, 0xf9, 0xfc, 0xfb, 0xbf, 0xdf, 0x7f, 0x8f, 0xe1, 0xeb, 0x7f, 
	0xff, 0xff, 0xff, 0xff, 0xff, 0xff, 0xee, 0xff, 0xff, 0xff, 0xff, 0xf7, 0x7f, 0xff, 0xdf, 0x7f, 
	0xff, 0xff, 0xfb, 0x7f, 0xff, 0xf0, 0xff, 0xff, 0xff, 0x3f, 0xe7, 0xb3, 0xf9, 0xfc, 0xf9, 0x3f, 
	0xde, 0x7f, 0x1f, 0xc9, 0xea, 0x6f, 0xff, 0xff, 0xff, 0xff, 0xff, 0xff, 0xee, 0xff, 0xff, 0xff, 
	0xff, 0xf7, 0x7f, 0xff, 0xcf, 0x7f, 0xff, 0xff, 0xfb, 0x7f, 0xff, 0xf0, 0xff, 0xff, 0xff, 0x9f, 
	0xe7, 0x8b, 0xf9, 0xfc, 0xf9, 0x3f, 0xbe, 0x3e, 0x3d, 0x99, 0xca, 0xe7, 0xf8, 0x00, 0xff, 0xff, 
	0xff, 0xff, 0x8e, 0x7f, 0xff, 0xff, 0xff, 0xf7, 0x7f, 0xff, 0xcf, 0x7f, 0xff, 0xff, 0xfb, 0x7f, 
	0xff, 0xf0, 0xff, 0xff, 0x00, 0x0f, 0xf3, 0xcb, 0xf9, 0xfc, 0xf9, 0x7f, 0x3e, 0xc0, 0x7b, 0x30, 
	0x2d, 0xe0, 0x00, 0x00, 0x00, 0x00, 0x00, 0x00, 0x0e, 0x00, 0xf8, 0x3f, 0xff, 0xe7, 0x7f, 0xff, 
	0xee, 0x3f, 0xff, 0xff, 0xfb, 0x7f, 0xff, 0xf0, 0xe0, 0x00, 0x00, 0x07, 0xf3, 0x03, 0xfd, 0xfe, 
	0xf8, 0x7f, 0x3c, 0x00, 0xf6, 0x30, 0x0d, 0xc0, 0x00, 0x00, 0x00, 0x00, 0x00, 0x0f, 0xce, 0x00, 
	0x00, 0x00, 0x03, 0xe7, 0x7f, 0xff, 0xee, 0xbf, 0xff, 0xff, 0xfb, 0x7f, 0xff, 0xf0, 0x00, 0x00, 
	0x00, 0x03, 0xf8, 0x03, 0xfc, 0xfe, 0xfc, 0x7f, 0x7c, 0x01, 0xfe, 0x73, 0xed, 0xc1, 0xff, 0xff, 
	0xfe, 0x3f, 0xff, 0x1f, 0xee, 0x07, 0x80, 0x08, 0x00, 0x27, 0x40, 0x01, 0xee, 0xbf, 0xff, 0xff, 
	0xfb, 0x7f, 0xff, 0xf0, 0x7f, 0xff, 0xff, 0x81, 0xf8, 0x43, 0xfc, 0x00, 0xfc, 0x7f, 0x7c, 0xe3, 
	0xfc, 0xf7, 0xe5, 0xc7, 0xff, 0xff, 0xff, 0xff, 0xff, 0xff, 0xee, 0xff, 0xf8, 0x00, 0x20, 0x07, 
	0x00, 0x00, 0x0f, 0x9f, 0xff, 0xff, 0xfb, 0x7f, 0xff, 0xf0, 0xff, 0xff, 0xff, 0xf1, 0xf8, 0xf3, 
	0xfc, 0x00, 0xfc, 0xff, 0x79, 0xf7, 0xf9, 0xe7, 0xe5, 0x9f, 0xff, 0xff, 0xff, 0xff, 0xff, 0xff, 
	0xe6, 0x7f, 0xff, 0xff, 0xff, 0x87, 0x00, 0x00, 0x07, 0xbf, 0xff, 0xff, 0xfb, 0x7f, 0xfe, 0x00, 
	0xff, 0xff, 0xff, 0xfc, 0xfc, 0xf3, 0xfc, 0xfe, 0xfc, 0xff, 0x79, 0xef, 0xf3, 0xe7, 0xe5, 0xbf, 
	0xff, 0xff, 0xff, 0xff, 0xff, 0xff, 0xe6, 0x07, 0xff, 0xff, 0xff, 0xc6, 0x7f, 0xff, 0xe7, 0x80, 
	0x00, 0x00, 0x3b, 0x7f, 0xe0, 0x00, 0xff, 0xff, 0xff, 0xfc, 0x7c, 0xf3, 0xfd, 0xfe, 0xfc, 0xfe, 
	0xfb, 0xdf, 0xe3, 0x67, 0xe5, 0xbf, 0xff, 0xff, 0xff, 0xff, 0xff, 0xff, 0x86, 0x7f, 0xff, 0xff, 
	0xff, 0xc6, 0x7f, 0xff, 0xf7, 0x80, 0x00, 0x00, 0x03, 0x40, 0x00, 0x00, 0xff, 0xff, 0xff, 0xfe, 
	0x3c, 0xf3, 0xfd, 0xfe, 0x7c, 0xfe, 0xfb, 0x1f, 0xcb, 0x67, 0xf5, 0x7f, 0xff, 0xff, 0xff, 0xff, 
	0xff, 0xff, 0xe6, 0x7f, 0xff, 0xff, 0xff, 0xe6, 0x7f, 0xff, 0xf7, 0x50, 0x00, 0x00, 0x03, 0x00, 
	0x7f, 0xf0, 0xff, 0xff, 0xff, 0xff, 0x3c, 0xf3, 0xfc, 0xfe, 0x7d, 0xfe, 0xff, 0x3f, 0x9b, 0x6f, 
	0xf5, 0x4f, 0xff, 0xff, 0xff, 0xff, 0xff, 0xff, 0xc6, 0x3f, 0xff, 0xff, 0xff, 0xe6, 0x7f, 0xff, 
	0xf7, 0x5f, 0xff, 0xff, 0xf7, 0x0f, 0xff, 0xf0, 0xff, 0xff, 0xff, 0xff, 0xbe, 0xf3, 0xfc, 0xfe, 
	0x7b, 0xff, 0xf6, 0x7f, 0x1b, 0x6f, 0xf6, 0x5f, 0xff, 0xff, 0xff, 0xff, 0xff, 0xff, 0x86, 0x1f, 
	0xff, 0xff, 0xff, 0xe6, 0x7f, 0xff, 0xf7, 0x4f, 0xff, 0xff, 0xf7, 0x3f, 0xff, 0xf0, 0xff, 0xff, 
	0xff, 0xff, 0x9e, 0xf3, 0xfe, 0xfe, 0x7b, 0xfd, 0xf0, 0xff, 0x3b, 0x5f, 0xf6, 0x5f, 0xff, 0xff, 
	0xff, 0xff, 0xff, 0xff, 0x80, 0x0f, 0xff, 0xff, 0xff, 0xe6, 0x7f, 0xff, 0xf7, 0xcf, 0xff, 0xff, 
	0xd7, 0x3f, 0xff, 0xf0, 0xff, 0xff, 0xff, 0xff, 0x9e, 0x77, 0xfe, 0xfe, 0x7b, 0xff, 0xe0, 0xfe, 
	0x7b, 0xdf, 0xfe, 0x5f, 0xff, 0xff, 0xff, 0xff, 0xff, 0xff, 0xff, 0xff, 0xff, 0xff, 0xff, 0xe6, 
	0x7f, 0xff, 0xf3, 0xcf, 0xff, 0xff, 0xe7, 0x3f, 0xff, 0xf0, 0xff, 0xff, 0xff, 0xff, 0xde, 0x67, 
	0xfe, 0xfe, 0x7f, 0xff, 0xe5, 0xfc, 0x7b, 0xdf, 0xfe, 0x7f, 0xff, 0xff, 0xff, 0xff, 0xff, 0xff, 
	0xff, 0xff, 0xff, 0xff, 0xff, 0xe6, 0xff, 0xff, 0xf3, 0xcf, 0xff, 0xff, 0xe7, 0x3f, 0xff, 0xf0, 
	0xff, 0xff, 0xff, 0xff, 0xcf, 0x67, 0xfe, 0x7e, 0x77, 0xff, 0xff, 0xfc, 0xfa, 0xdf, 0xfe, 0x7f, 
	0xff, 0xff, 0xff, 0xff, 0xff, 0xff, 0xff, 0xff, 0xff, 0xff, 0xff, 0xf6, 0xff, 0xff, 0xf3, 0xcf, 
	0xff, 0xff, 0xe7, 0x5f, 0xff, 0xf0, 0xff, 0xff, 0xff, 0xff, 0xcf, 0x2f, 0xfe, 0x7e, 0x7f, 0xff, 
	0xdf, 0xf9, 0xfa, 0xdf, 0xff, 0x7f, 0xff, 0xff, 0xff, 0xff, 0xff, 0xff, 0xff, 0xff, 0xff, 0xff, 
	0xff, 0xf6, 0x7f, 0xff, 0xf3, 0xdf, 0xff, 0xff, 0xef, 0x5f, 0xff, 0xf0, 0xff, 0xff, 0xff, 0xff, 
	0xef, 0x8f, 0xff, 0x7e, 0x7f, 0xff, 0xff, 0xf9, 0xfb, 0xdf, 0xff, 0x7f, 0xff, 0xff, 0xff, 0xff, 
	0xff, 0xff, 0xff, 0xff, 0xff, 0xff, 0xff, 0xf6, 0x7f, 0xff, 0xf3, 0xdf, 0xff, 0xff, 0x8e, 0xdf, 
	0xff, 0xf0, 0xff, 0xff, 0xff, 0xff, 0xef, 0xaf, 0xff, 0x7e, 0xff, 0xff, 0xff, 0xf3, 0xfb, 0xdf, 
	0xf7, 0xff, 0xff, 0xff, 0xff, 0xff, 0xff, 0xff, 0xff, 0xff, 0xff, 0xff, 0xff, 0xf6, 0x7f, 0xff, 
	0xf3, 0xdf, 0xff, 0xff, 0x88, 0x87, 0xff, 0xf0, 0xff, 0xff, 0xff, 0xff, 0xef, 0xff, 0xff, 0x3c, 
	0xff, 0xf7, 0xbf, 0xf7, 0xfb, 0xdf, 0xff, 0xbf, 0xff, 0xff, 0xff, 0xff, 0xff, 0xff, 0xff, 0xff, 
	0xff, 0xff, 0xff, 0xf6, 0x7f, 0xff, 0xf3, 0xdf, 0xff, 0xff, 0x00, 0x00, 0xff, 0xf0, 0xff, 0xff, 
	0xff, 0xff, 0xe7, 0xdf, 0xff, 0x3c, 0xff, 0xff, 0xff, 0xe7, 0xfb, 0xcf, 0xfd, 0xc1, 0xff, 0xff, 
	0xff, 0xff, 0xff, 0xff, 0xff, 0xff, 0xff, 0xff, 0xff, 0xf6, 0x7f, 0xff, 0xf3, 0xdf, 0xff, 0xfe, 
	0x00, 0x00, 0xff, 0xf0, 0xff, 0xff, 0xff, 0xff, 0xf7, 0xdf, 0xff, 0xbd, 0xff, 0xff, 0x7e, 0xef, 
	0xf3, 0xcf, 0x00, 0x40, 0x3f, 0xff, 0xff, 0xff, 0xff, 0xff, 0xff, 0xff, 0xff, 0xff, 0xff, 0xf6, 
	0x7f, 0xff, 0xf3, 0xdf, 0xff, 0xff, 0xff, 0xff, 0xff, 0xf0, 0xff, 0xff, 0xff, 0xff, 0xf7, 0xdf, 
	0xff, 0x99, 0xff, 0xff, 0x7f, 0xcf, 0xf3, 0xc7, 0x00, 0x0f, 0xff, 0xff, 0xff, 0xff, 0xff, 0xff, 
	0xff, 0xff, 0xff, 0xff, 0xff, 0xf6, 0x7f, 0xff, 0xe3, 0xdf, 0xff, 0xff, 0xff, 0xff, 0xff, 0xf0, 
	0xff, 0xff, 0xff, 0xff, 0xf7, 0xff, 0xff, 0xc9, 0xff, 0xff, 0x7f, 0x80, 0x05, 0x87, 0xff, 0xff, 
	0xff, 0xff, 0xff, 0xff, 0xff, 0xff, 0xff, 0xff, 0xff, 0xff, 0xff, 0xf7, 0x7f, 0xff, 0xe3, 0xdf, 
	0xff, 0xff, 0xff, 0xff, 0xff, 0xf0, 0xff, 0xff, 0xff, 0xff, 0xf3, 0xef, 0xff, 0xe3, 0xff, 0x7f, 
	0xff, 0x00, 0x05, 0x83, 0xff, 0xff, 0xff, 0xff, 0xff, 0xff, 0xff, 0xff, 0xff, 0xff, 0xff, 0xff, 
	0xff, 0xf7, 0x7f, 0xff, 0xe7, 0xdf, 0xff, 0xff, 0xff, 0xff, 0xff, 0xf0, 0xff, 0xff, 0xff, 0xff, 
	0xf3, 0xef, 0xff, 0xe3, 0xff, 0x7e, 0xfe, 0x00, 0x03, 0x90, 0x3f, 0xff, 0xff, 0xff, 0xff, 0xff, 
	0xff, 0xff, 0xff, 0xff, 0xff, 0xff, 0xff, 0xd7, 0x7f, 0xff, 0xe7, 0xdf, 0xff, 0xff, 0xff, 0xff, 
	0xff, 0xf0, 0xff, 0xff, 0xff, 0xff, 0xfb, 0xef, 0xff, 0xe7, 0xfe, 0xfe, 0xfc, 0x3f, 0xe0, 0x00, 
	0x01, 0xff, 0xff, 0xff, 0xff, 0xff, 0xff, 0xff, 0xff, 0xff, 0xff, 0xff, 0xff, 0xd7, 0x7f, 0xff, 
	0xe7, 0xdf, 0xff, 0xff, 0xff, 0xff, 0xff, 0xf0, 0xff, 0xff, 0xff, 0xff, 0xf9, 0xef, 0xff, 0xcf, 
	0xfe, 0xfe, 0xf8, 0x7f, 0x00, 0x00, 0x01, 0xff, 0xff, 0xff, 0xff, 0xff, 0xff, 0xff, 0xff, 0xff, 
	0xff, 0xff, 0xff, 0xd7, 0x7f, 0xff, 0xc7, 0xdf, 0xff, 0xff, 0xff, 0xff, 0xff, 0xf0, 0xff, 0xff, 
	0xff, 0xff, 0xf9, 0xef, 0xff, 0x9f, 0xfe, 0xfd, 0xe8, 0xff, 0xff, 0xff, 0xff, 0xff, 0xff, 0xff, 
	0xff, 0xff, 0xff, 0xff, 0xff, 0xff, 0xff, 0xff, 0xff, 0xd7, 0x3f, 0xff, 0xc7, 0x9f, 0xff, 0xff, 
	0xff, 0xff, 0xff, 0xf0, 0xff, 0xff, 0xff, 0xff, 0xfd, 0xf7, 0xfb, 0xff, 0xfd, 0xfd, 0xe0, 0xff, 
	0xff, 0xff, 0xff, 0xff, 0xff, 0xff, 0xff, 0xff, 0xff, 0xff, 0xff, 0xff, 0xff, 0xff, 0xff, 0xd7, 
	0x3f, 0xff, 0xd7, 0x9f, 0xff, 0xff, 0xff, 0xff, 0xff, 0xf0, 0xff, 0xff, 0xff, 0xff, 0xfd, 0xf7, 
	0xff, 0xff, 0xfd, 0xfd, 0xe5, 0xff, 0xff, 0xff, 0xff, 0xff, 0xff, 0xff, 0xff, 0xff, 0xff, 0xff, 
	0xff, 0xff, 0xff, 0xff, 0xff, 0xd7, 0xbf, 0xff, 0xd7, 0x9f, 0xff, 0xff, 0xff, 0xff, 0xff, 0xf0, 
	0xff, 0xff, 0xff, 0xff, 0xfc, 0xf7, 0xff, 0xff, 0xf8, 0xfd, 0xc9, 0xff, 0xff, 0xff, 0xff, 0xff, 
	0xff, 0xff, 0xff, 0xff, 0xff, 0xff, 0xff, 0xff, 0xff, 0xff, 0xff, 0xa7, 0x9f, 0xff, 0x87, 0x9f, 
	0xff, 0xff, 0xff, 0xff, 0xff, 0xf0, 0xff, 0xff, 0xff, 0xff, 0xfe, 0xf7, 0xff, 0xff, 0xfb, 0xfd, 
	0x8b, 0xff, 0xff, 0xff, 0xff, 0xff, 0xff, 0xff, 0xff, 0xff, 0xff, 0xff, 0xff, 0xff, 0xff, 0xff, 
	0xff, 0x8c, 0x87, 0xff, 0x2f, 0x9f, 0xff, 0xff, 0xff, 0xff, 0xff, 0xf0, 0xff, 0xff, 0xff, 0xff, 
	0xfe, 0xff, 0xff, 0xff, 0xfb, 0xfb, 0x87, 0xff, 0xff, 0xff, 0xff, 0xff, 0xff, 0xff, 0xff, 0xff, 
	0xff, 0xff, 0xff, 0xff, 0xff, 0xff, 0xff, 0x80, 0x0f, 0xff, 0x2f, 0x8f, 0xff, 0xff, 0xff, 0xff, 
	0xff, 0xf0, 0xff, 0xff, 0xff, 0xff, 0xfe, 0x7b, 0xfb, 0xff, 0xfb, 0xfb, 0x87, 0xff, 0xff, 0xff, 
	0xff, 0xff, 0xff, 0xff, 0xff, 0xff, 0xff, 0xff, 0xff, 0xff, 0xff, 0xff, 0xff, 0x80, 0x0f, 0xfe, 
	0x6f, 0x9f, 0xff, 0xff, 0xff, 0xff, 0xff, 0xf0, 0xff, 0xff, 0xff, 0xff, 0xfe, 0x7b, 0xfb, 0xff, 
	0xf3, 0xfb, 0x8f, 0xff, 0xff, 0xff, 0xff, 0xff, 0xff, 0xff, 0xff, 0xff, 0xff, 0xff, 0xff, 0xff, 
	0xff, 0xff, 0xff, 0xff, 0xff, 0xfe, 0x4f, 0x1f, 0xff, 0xff, 0xff, 0xff, 0xff, 0xf0, 0xff, 0xff, 
	0xff, 0xff, 0xff, 0x7b, 0xf7, 0xff, 0xe7, 0xfb, 0x8f, 0xff, 0xff, 0xff, 0xff, 0xff, 0xff, 0xff, 
	0xff, 0xff, 0xff, 0xff, 0xff, 0xff, 0xff, 0xff, 0xff, 0xff, 0xff, 0xfe, 0xdf, 0x1f, 0xff, 0xff, 
	0xff, 0xff, 0xff, 0xf0, 0xff, 0xff, 0xff, 0xff, 0xff, 0x3b, 0xf7, 0xff, 0xe7, 0xfb, 0x8f, 0xff, 
	0xff, 0xff, 0xff, 0xff, 0xff, 0xff, 0xff, 0xff, 0xff, 0xff, 0xff, 0xff, 0xff, 0xff, 0xff, 0xff, 
	0xff, 0xfc, 0x9f, 0x1f, 0xff, 0xff, 0xff, 0xff, 0xff, 0xf0, 0xff, 0xff, 0xff, 0xff, 0xff, 0x3d, 
	0xef, 0xff, 0xe7, 0xf7, 0x9f, 0xff, 0xff, 0xff, 0xff, 0xff, 0xff, 0xff, 0xff, 0xff, 0xff, 0xff, 
	0xff, 0xff, 0xff, 0xff, 0xff, 0xff, 0xff, 0xfd, 0x9b, 0x1f, 0xff, 0xff, 0xff, 0xff, 0xff, 0xf0, 
	0xff, 0xff, 0xff, 0xff, 0xff, 0x3d, 0xef, 0xff, 0xef, 0xf7, 0x9f, 0xff, 0xff, 0xff, 0xff, 0xff, 
	0xff, 0xff, 0xff, 0xff, 0xff, 0xff, 0xff, 0xff, 0xff, 0xff, 0xff, 0xff, 0xff, 0xf9, 0x3b, 0x1f, 
	0xff, 0xff, 0xff, 0xff, 0xff, 0xf0, 0xff, 0xff, 0xff, 0xff, 0xff, 0xbd, 0xef, 0xff, 0xef, 0xf7, 
	0xbf, 0xff, 0xff, 0xff, 0xff, 0xff, 0xff, 0xff, 0xff, 0xff, 0xff, 0xff, 0xff, 0xff, 0xff, 0xff, 
	0xff, 0xff, 0xff, 0xf2, 0x7a, 0x1f, 0xff, 0xff, 0xff, 0xff, 0xff, 0xf0, 0xff, 0xff, 0xff, 0xff, 
	0xff, 0x9d, 0xef, 0xff, 0xef, 0xf7, 0xbf, 0xff, 0xff, 0xff, 0xff, 0xff, 0xff, 0xff, 0xff, 0xff, 
	0xff, 0xff, 0xff, 0xff, 0xff, 0xff, 0xff, 0xff, 0xff, 0xc6, 0xf2, 0x9f, 0xff, 0xff, 0xff, 0xff, 
	0xff, 0xf0, 0xff, 0xff, 0xff, 0xff, 0xff, 0x9e, 0xef, 0xff, 0xcf, 0xf7, 0x3f, 0xff, 0xff, 0xff, 
	0xff, 0xff, 0xff, 0xff, 0xff, 0xff, 0xff, 0xff, 0xff, 0xff, 0xff, 0xff, 0xff, 0xff, 0xff, 0x1d, 
	0xfa, 0x8f, 0xff, 0xff, 0xff, 0xff, 0xff, 0xf0, 0xff, 0xff, 0xff, 0xff, 0xff, 0x9e, 0xcf, 0xff, 
	0xcf, 0xf7, 0x3f, 0xff, 0xff, 0xff, 0xff, 0xff, 0xff, 0xff, 0xff, 0xff, 0xff, 0xff, 0xff, 0xff, 
	0xff, 0xff, 0xff, 0xff, 0xe0, 0x3f, 0xfc, 0xc0, 0x0f, 0xff, 0xff, 0xff, 0xff, 0xf0, 0xff, 0xff, 
	0xff, 0xff, 0xff, 0x9e, 0xcf, 0xff, 0xcf, 0xf7, 0x3f, 0xff, 0xff, 0xff, 0xff, 0xff, 0xff, 0xff, 
	0xff, 0xff, 0xff, 0xff, 0xff, 0xff, 0xff, 0xff, 0xff, 0x80, 0x08, 0xff, 0xfc, 0x60, 0x0f, 0xff, 
	0xff, 0xff, 0xff, 0xf0, 0xff, 0xff, 0xff, 0xff, 0xff, 0x9e, 0xcf, 0xff, 0xcf, 0xe7, 0x3f, 0xff, 
	0xff, 0xff, 0xff, 0xff, 0xff, 0xff, 0xff, 0xff, 0xff, 0xff, 0xff, 0xff, 0xff, 0xff, 0xff, 0xc0, 
	0x7f, 0xff, 0xe5, 0x70, 0x0f, 0xff, 0xff, 0xff, 0xff, 0xf0, 0xff, 0xff, 0xff, 0xff, 0xff, 0x9f, 
	0xcf, 0xff, 0xcf, 0xe7, 0x3f, 0xff, 0xff, 0xff, 0xff, 0xff, 0xff, 0xff, 0xff, 0xff, 0xff, 0xff, 
	0xff, 0xff, 0xff, 0xff, 0xff, 0xf8, 0xff, 0xe0, 0x01, 0x38, 0x1f, 0xff, 0xff, 0xff, 0xff, 0xf0, 
	0xff, 0xff, 0xff, 0xff, 0xff, 0x9f, 0x4f, 0xff, 0xcf, 0xef, 0x3f, 0xff, 0xff, 0xff, 0xff, 0xff, 
	0xff, 0xff, 0xff, 0xff, 0xff, 0xff, 0xff, 0xff, 0xff, 0xff, 0xff, 0xf0, 0x0f, 0x00, 0x00, 0x1c, 
	0xff, 0xff, 0xff, 0xff, 0xff, 0xf0, 0xff, 0xff, 0xff, 0xff, 0xff, 0x9f, 0xcf, 0xff, 0xcf, 0xef, 
	0x3f, 0xff, 0xff, 0xff, 0xff, 0xff, 0xff, 0xff, 0xff, 0xff, 0xff, 0xff, 0xff, 0xff, 0xff, 0xff, 
	0xff, 0xc0, 0x00, 0x07, 0xfd, 0xff, 0xff, 0xff, 0xff, 0xff, 0xff, 0xf0, 0xff, 0xff, 0xff, 0xff, 
	0xff, 0x9f, 0xcf, 0xff, 0xcf, 0xef, 0xbf, 0xff, 0xff, 0xff, 0xff, 0xff, 0xff, 0xff, 0xff, 0xff, 
	0xff, 0xff, 0xff, 0xff, 0xff, 0xff, 0xff, 0xff, 0xff, 0xff, 0xff, 0xff, 0xff, 0xff, 0xff, 0xff, 
	0xff, 0xf0, 0xff, 0xff, 0xff, 0xff, 0xff, 0xbf, 0xcf, 0xf7, 0xcf, 0xe7, 0xbf, 0xff, 0xff, 0xff, 
	0xff, 0xff, 0xff, 0xff, 0xff, 0xff, 0xff, 0xff, 0xff, 0xff, 0xff, 0xff, 0xff, 0xff, 0xff, 0xff, 
	0xff, 0xff, 0xff, 0xff, 0xff, 0xff, 0xff, 0xf0, 0xff, 0xff, 0xff, 0xff, 0xff, 0x3f, 0xef, 0xff, 
	0xc7, 0xf3, 0x9f, 0xff, 0xff, 0xff, 0xff, 0xff, 0xff, 0xff, 0xff, 0xff, 0xff, 0xff, 0xff, 0xff, 
	0xff, 0xff, 0xff, 0xff, 0xff, 0xff, 0xff, 0xff, 0xff, 0xff, 0xff, 0xff, 0xff, 0xf0, 0xff, 0xff, 
	0xff, 0xff, 0xff, 0x3f, 0xef, 0xff, 0xc7, 0xf3, 0x8f, 0xff, 0xff, 0xff, 0xff, 0xff, 0xff, 0xff, 
	0xff, 0xff, 0xff, 0xff, 0xff, 0xff, 0xff, 0xff, 0xff, 0xff, 0xff, 0xff, 0xff, 0xff, 0xff, 0xff, 
	0xff, 0xff, 0xff, 0xf0, 0xff, 0xff, 0xff, 0xff, 0xfe, 0x7f, 0xef, 0xff, 0xc7, 0xf7, 0x87, 0xff, 
	0xff, 0xff, 0xff, 0xff, 0xff, 0xff, 0xff, 0xff, 0xff, 0xff, 0xff, 0xff, 0xff, 0xff, 0xff, 0xff, 
	0xff, 0xff, 0xff, 0xff, 0xff, 0xff, 0xff, 0xff, 0xff, 0xf0, 0xff, 0xff, 0xff, 0xff, 0xfe, 0x7f, 
	0xef, 0xaf, 0xc7, 0xf7, 0x83, 0xff, 0xff, 0xff, 0xff, 0xff, 0xff, 0xff, 0xff, 0xff, 0xff, 0xff, 
	0xff, 0xff, 0xff, 0xff, 0xff, 0xff, 0xff, 0xff, 0xff, 0xff, 0xff, 0xff, 0xff, 0xff, 0xff, 0xf0, 
	0xff, 0xff, 0xff, 0xff, 0xfc, 0x7f, 0xe7, 0xaf, 0xc7, 0xf1, 0xd9, 0xff, 0xff, 0xff, 0xff, 0xff, 
	0xff, 0xff, 0xff, 0xff, 0xff, 0xff, 0xff, 0xff, 0xff, 0xff, 0xff, 0xff, 0xff, 0xff, 0xff, 0xff, 
	0xff, 0xff, 0xff, 0xff, 0xff, 0xf0, 0xff, 0xff, 0xff, 0xff, 0xf8, 0xff, 0xe7, 0xbf, 0xcf, 0xf9, 
	0xcc, 0x7f, 0xff, 0xff, 0xff, 0xff, 0xff, 0xff, 0xff, 0xff, 0xff, 0xff, 0xff, 0xff, 0xff, 0xff, 
	0xff, 0xff, 0xff, 0xff, 0xff, 0xff, 0xff, 0xff, 0xff, 0xff, 0xff, 0xf0, 0xff, 0xff, 0xff, 0xff, 
	0xe0, 0xfb, 0xe7, 0x9f, 0xef, 0xb9, 0xef, 0x1f, 0xff, 0xff, 0xff, 0xff, 0xff, 0xff, 0xff, 0xff, 
	0xff, 0xff, 0xff, 0xff, 0xff, 0xff, 0xff, 0xff, 0xff, 0xff, 0xff, 0xff, 0xff, 0xff, 0xff, 0xff, 
	0xff, 0xf0, 0xff, 0xff, 0xff, 0xff, 0xc1, 0xfb, 0xe7, 0x9f, 0xef, 0xbd, 0xe7, 0xc3, 0xff, 0xff, 
	0xff, 0xff, 0xff, 0xff, 0xff, 0xff, 0xff, 0xff, 0xff, 0xff, 0xff, 0xff, 0xff, 0xff, 0xff, 0xff, 
	0xff, 0xff, 0xff, 0xff, 0xff, 0xff, 0xff, 0xf0, 0xff, 0xff, 0xff, 0xff, 0x01, 0xf3, 0xe7, 0x9f, 
	0xe7, 0xdc, 0xf3, 0xf1, 0xff, 0xff, 0xff, 0xff, 0xff, 0xff, 0xff, 0xff, 0xff, 0xff, 0xff, 0xff, 
	0xff, 0xff, 0xff, 0xff, 0xff, 0xff, 0xff, 0xff, 0xff, 0xff, 0xff, 0xff, 0xff, 0xf0, 0xff, 0xff, 
	0xff, 0xf2, 0x23, 0xf3, 0xe7, 0x9f, 0xe3, 0xce, 0xf8, 0x08, 0xff, 0xff, 0xff, 0xff, 0xff, 0xff, 
	0xff, 0xff, 0xff, 0xff, 0xff, 0xff, 0xff, 0xff, 0xff, 0xff, 0xff, 0xff, 0xff, 0xff, 0xff, 0xff, 
	0xff, 0xff, 0xff, 0xf0, 0xff, 0xff, 0xff, 0xfe, 0x42, 0xe7, 0xe7, 0x9f, 0xe3, 0xce, 0x7f, 0xff, 
	0x01, 0xff, 0xff, 0xff, 0xff, 0xff, 0xff, 0xff, 0xff, 0xff, 0xff, 0xff, 0xff, 0xff, 0xff, 0xff, 
	0xff, 0xff, 0xff, 0xff, 0xff, 0xff, 0xff, 0xff, 0xff, 0xf0, 0xff, 0xff, 0xff, 0xfd, 0x83, 0xe7, 
	0xe7, 0x9f, 0xb0, 0x07, 0x3f, 0xff, 0xfc, 0x7f, 0xff, 0xff, 0xff, 0xff, 0xff, 0xff, 0xff, 0xff, 
	0xff, 0xff, 0xff, 0xff, 0xff, 0xff, 0xff, 0xff, 0xff, 0xff, 0xff, 0xff, 0xff, 0xff, 0xff, 0xf0, 
	0xff, 0xff, 0xff, 0xf3, 0x87, 0xcf, 0xe7, 0x9f, 0xd0, 0xc3, 0x9f, 0xff, 0xff, 0xff, 0xff, 0xff, 
	0xff, 0xff, 0xff, 0xff, 0xff, 0xff, 0xff, 0xff, 0xff, 0xff, 0xff, 0xff, 0xff, 0xff, 0xff, 0xff, 
	0xff, 0xff, 0xff, 0xff, 0xff, 0xf0, 0xff, 0xff, 0xff, 0xc0, 0x0f, 0xcf, 0xe7, 0xdf, 0xe0, 0x78, 
	0xc7, 0xff, 0xff, 0xff, 0xff, 0xff, 0xff, 0xff, 0xff, 0xff, 0xff, 0xff, 0xff, 0xff, 0xff, 0xff, 
	0xff, 0xff, 0xff, 0xff, 0xff, 0xff, 0xff, 0xff, 0xff, 0xff, 0xff, 0xf0, 0xff, 0xff, 0xfc, 0x00, 
	0x3e, 0x9f, 0xef, 0xc0, 0xfc, 0x06, 0x60, 0xff, 0xff, 0xff, 0xff, 0xff, 0xff, 0xff, 0xff, 0xff, 
	0xff, 0xff, 0xff, 0xff, 0xff, 0xff, 0xff, 0xff, 0xff, 0xff, 0xff, 0xff, 0xff, 0xff, 0xff, 0xff, 
	0xff, 0xf0, 0xff, 0xff, 0xc0, 0xfe, 0x7c, 0x3f, 0xef, 0xe7, 0xff, 0xc0, 0xfc, 0x0f, 0xff, 0xff, 
	0xff, 0xff, 0xff, 0xff, 0xff, 0xff, 0xff, 0xff, 0xff, 0xff, 0xff, 0xff, 0xff, 0xff, 0xff, 0xff, 
	0xff, 0xff, 0xff, 0xff, 0xff, 0xff, 0xff, 0xf0, 0xff, 0xfc, 0x7f, 0xfc, 0xfc, 0x00, 0x0f, 0xf3, 
	0xff, 0xfc, 0x1f, 0x00, 0xff, 0xff, 0xff, 0xff, 0xff, 0xff, 0xff, 0xff, 0xff, 0xff, 0xff, 0xff, 
	0xff, 0xff, 0xff, 0xff, 0xff, 0xff, 0xff, 0xff, 0xff, 0xff, 0xff, 0xff, 0xff, 0xf0, 0xff, 0xff, 
	0xff, 0xf9, 0xf1, 0xff, 0x8f, 0xf8, 0xff, 0x83, 0xc7, 0xcf, 0x07, 0xff, 0xff, 0xff, 0xff, 0xff, 
	0xff, 0xff, 0xff, 0xff, 0xff, 0xff, 0xff, 0xff, 0xff, 0xff, 0xff, 0xff, 0xff, 0xff, 0xff, 0xff, 
	0xff, 0xff, 0xff, 0xf0, 0xff, 0xff, 0xff, 0xe0, 0x07, 0xff, 0xf0, 0x3e, 0x00, 0x7f, 0xf1, 0xe7, 
	0xf0, 0xff, 0xff, 0xff, 0xff, 0xff, 0xff, 0xff, 0xff, 0xff, 0xff, 0xff, 0xff, 0xff, 0xff, 0xff, 
	0xff, 0xff, 0xff, 0xff, 0xff, 0xff, 0xff, 0xff, 0xff, 0xf0, 0xff, 0xff, 0xff, 0x87, 0xef, 0xff, 
	0xff, 0xfe, 0x7f, 0xff, 0xfc, 0xf9, 0xff, 0x1f, 0xff, 0xff, 0xff, 0xff, 0xff, 0xff, 0xff, 0xff, 
	0xff, 0xff, 0xff, 0xff, 0xff, 0xff, 0xff, 0xff, 0xff, 0xff, 0xff, 0xff, 0xff, 0xff, 0xff, 0xf0, 
	0xff, 0xff, 0xff, 0x3f, 0xef, 0xff, 0xff, 0xfe, 0xff, 0xff, 0xfe, 0x7c, 0xff, 0xff, 0xff, 0xff, 
	0xff, 0xff, 0xff, 0xff, 0xff, 0xff, 0xff, 0xff, 0xff, 0xff, 0xff, 0xff, 0xff, 0xff, 0xff, 0xff, 
	0xff, 0xff, 0xff, 0xff, 0xff, 0xf0, 0xff, 0xff, 0xfc, 0xff, 0xef, 0xff, 0xff, 0xfe, 0x7f, 0xff, 
	0xff, 0x1e, 0x7f, 0xff, 0xff, 0xff, 0xff, 0xff, 0xff, 0xff, 0xff, 0xff, 0xff, 0xff, 0xff, 0xff, 
	0xff, 0xff, 0xff, 0xff, 0xff, 0xff, 0xff, 0xff, 0xff, 0xff, 0xff, 0xf0, 0xff, 0xff, 0xf3, 0xff, 
	0xef, 0xff, 0xff, 0xff, 0xff, 0xff, 0xff, 0xc7, 0x3f, 0xff, 0xff, 0xff, 0xff, 0xff, 0xff, 0xff, 
	0xff, 0xff, 0xff, 0xff, 0xff, 0xff, 0xff, 0xff, 0xff, 0xff, 0xff, 0xff, 0xff, 0xff, 0xff, 0xff, 
	0xff, 0xf0, 0xff, 0xff, 0xe7, 0xff, 0xef, 0xff, 0xff, 0xff, 0xff, 0xff, 0xff, 0xf9, 0xff, 0xff, 
	0xff, 0xff, 0xff, 0xff, 0xff, 0xff, 0xff, 0xff, 0xff, 0xff, 0xff, 0xff, 0xff, 0xff, 0xff, 0xff, 
	0xff, 0xff, 0xff, 0xff, 0xff, 0xff, 0xff, 0xf0, 0xff, 0xff, 0x6f, 0xff, 0xef, 0xff, 0xff, 0xff, 
	0xff, 0xff, 0xff, 0xfc, 0x3f, 0xff, 0xff, 0xff, 0xff, 0xff, 0xff, 0xff, 0xff, 0xff, 0xff, 0xff, 
	0xff, 0xff, 0xff, 0xff, 0xff, 0xff, 0xff, 0xff, 0xff, 0xff, 0xff, 0xff, 0xff, 0xf0, 0xff, 0xff, 
	0xff, 0xff, 0xf7, 0xff, 0xff, 0xff, 0xff, 0xff, 0xff, 0xff, 0xf2, 0xff, 0xff, 0xff, 0xff, 0xff, 
	0xff, 0xff, 0xff, 0xff, 0xff, 0xff, 0xff, 0xff, 0xff, 0xff, 0xff, 0xff, 0xff, 0xff, 0xff, 0xff, 
	0xff, 0xff, 0xff, 0xf0, 0xff, 0xff, 0xff, 0xff, 0xf9, 0xff, 0xff, 0xff, 0xff, 0xff, 0xff, 0xff, 
	0xff, 0xff, 0xff, 0xff, 0xff, 0xff, 0xff, 0xff, 0xff, 0xff, 0xff, 0xff, 0xff, 0xff, 0xff, 0xff, 
	0xff, 0xff, 0xff, 0xff, 0xff, 0xff, 0xff, 0xff, 0xff, 0xf0
};

// 'river_trunk', 300x156px
const unsigned char epd_bitmap_river_trunk [] PROGMEM = {
	0xff, 0xff, 0xff, 0xff, 0xff, 0xff, 0xff, 0xff, 0xff, 0xff, 0xff, 0xff, 0xff, 0xff, 0xff, 0xff, 
	0xff, 0xff, 0xff, 0xff, 0xff, 0xff, 0xff, 0xff, 0xff, 0xff, 0xff, 0xff, 0xff, 0xff, 0xff, 0xff, 
	0xff, 0xff, 0xff, 0xff, 0xff, 0xf0, 0xff, 0xff, 0xff, 0xff, 0xff, 0xff, 0xff, 0xff, 0xff, 0xff, 
	0xff, 0xff, 0xff, 0xff, 0xff, 0xff, 0xff, 0xff, 0xff, 0xff, 0xff, 0xff, 0xff, 0xff, 0xff, 0xff, 
	0xff, 0xff, 0xff, 0xff, 0xff, 0xff, 0xff, 0xff, 0xe7, 0xff, 0xff, 0xf0, 0xff, 0xff, 0xff, 0xff, 
	0xff, 0xff, 0xff, 0xff, 0xff, 0xff, 0xff, 0xff, 0xff, 0xff, 0xff, 0xff, 0xff, 0xff, 0xff, 0xff, 
	0xff, 0xff, 0xff, 0xff, 0xff, 0xff, 0xff, 0xff, 0xff, 0xff, 0xff, 0xff, 0xff, 0xff, 0xcf, 0xff, 
	0xff, 0xf0, 0xff, 0xff, 0xff, 0xff, 0xff, 0xff, 0xff, 0xff, 0xff, 0xff, 0xff, 0xff, 0xff, 0xff, 
	0xff, 0xff, 0xff, 0xff, 0xff, 0xff, 0xff, 0xff, 0xff, 0xff, 0xff, 0xff, 0xff, 0xff, 0xff, 0xff, 
	0xff, 0xff, 0xff, 0xff, 0xdf, 0xff, 0xff, 0xf0, 0xff, 0xff, 0xff, 0xff, 0xff, 0xff, 0xff, 0xff, 
	0xff, 0xff, 0xff, 0xff, 0xff, 0xff, 0xff, 0xff, 0xff, 0xff, 0xff, 0xff, 0xff, 0xff, 0xff, 0xff, 
	0xff, 0xff, 0xff, 0xff, 0xff, 0xff, 0xff, 0xff, 0xff, 0xff, 0x3f, 0x7f, 0xff, 0xf0, 0xff, 0xff, 
	0xff, 0xff, 0xff, 0xff, 0xff, 0xff, 0xff, 0xff, 0xff, 0xff, 0xff, 0xff, 0xff, 0xff, 0xff, 0xff, 
	0xff, 0xff, 0xff, 0xff, 0xff, 0xff, 0xff, 0xff, 0xff, 0xff, 0xff, 0xff, 0xff, 0xff, 0xff, 0xfe, 
	0x76, 0xff, 0xff, 0xf0, 0xff, 0xff, 0xff, 0xff, 0xff, 0xff, 0xff, 0xff, 0xff, 0xff, 0xff, 0xff, 
	0xff, 0xff, 0xff, 0xff, 0xff, 0xff, 0xff, 0xff, 0xff, 0xff, 0xff, 0xff, 0xff, 0xff, 0xff, 0xff, 
	0xff, 0xff, 0xff, 0xff, 0xff, 0xfe, 0xec, 0xff, 0xff, 0xf0, 0xff, 0xff, 0xff, 0xff, 0xff, 0xff, 
	0xff, 0xff, 0xff, 0xff, 0xff, 0xff, 0xff, 0xff, 0xff, 0xff, 0xff, 0xff, 0xff, 0xff, 0xff, 0xff, 
	0xff, 0xff, 0xff, 0xff, 0xff, 0xff, 0xff, 0xff, 0xff, 0xff, 0xff, 0xf0, 0xdb, 0xff, 0xff, 0xf0, 
	0xff, 0xff, 0xff, 0xff, 0xff, 0xff, 0xff, 0xff, 0xff, 0xff, 0xff, 0xff, 0xff, 0xff, 0xff, 0xff, 
	0xff, 0xff, 0xff, 0xff, 0xff, 0xff, 0xff, 0xff, 0xff, 0xff, 0xff, 0xff, 0xff, 0xff, 0xff, 0xff, 
	0xff, 0xf2, 0xf7, 0xff, 0xff, 0xf0, 0xff, 0xff, 0xff, 0xff, 0xff, 0xff, 0xff, 0xff, 0xff, 0xff, 
	0xff, 0xff, 0xff, 0xff, 0xff, 0xff, 0xff, 0xff, 0xff, 0xff, 0xff, 0xff, 0xff, 0xff, 0xff, 0xff, 
	0xff, 0xff, 0xff, 0xff, 0xff, 0xff, 0xff, 0xef, 0x87, 0xff, 0xff, 0xf0, 0xff, 0xff, 0xff, 0xff, 
	0xff, 0xff, 0xff, 0xff, 0xff, 0xff, 0xff, 0xff, 0xff, 0xff, 0xff, 0xff, 0xff, 0xff, 0xff, 0xff, 
	0xff, 0xff, 0xff, 0xff, 0xff, 0xff, 0xff, 0xff, 0xff, 0xff, 0xff, 0xff, 0xff, 0x9f, 0xbf, 0xff, 
	0xff, 0xf0, 0xff, 0xff, 0xff, 0xff, 0xff, 0xff, 0xff, 0xff, 0xff, 0xff, 0xff, 0xff, 0xff, 0xff, 
	0xff, 0xff, 0xff, 0xff, 0xff, 0xff, 0xff, 0xff, 0xff, 0xff, 0xff, 0xff, 0xff, 0xff, 0xff, 0xff, 
	0xff, 0xff, 0xff, 0xb5, 0x3f, 0xff, 0xff, 0xf0, 0xff, 0xff, 0xff, 0xff, 0xff, 0xff, 0xff, 0xff, 
	0xff, 0xff, 0xff, 0xff, 0xff, 0xff, 0xff, 0xff, 0xff, 0xff, 0xff, 0xff, 0xff, 0xff, 0xff, 0xff, 
	0xff, 0xff, 0xff, 0xff, 0xff, 0xff, 0xff, 0xff, 0xff, 0xba, 0x7f, 0xff, 0xff, 0xf0, 0xff, 0xff, 
	0xff, 0xff, 0xff, 0xff, 0xff, 0xff, 0xff, 0xff, 0xff, 0xff, 0xff, 0xff, 0xff, 0xff, 0xff, 0xff, 
	0xff, 0xff, 0xff, 0xff, 0xff, 0xff, 0xff, 0xff, 0xff, 0xff, 0xff, 0xff, 0xff, 0xff, 0xfe, 0x79, 
	0xff, 0xff, 0xff, 0xf0, 0xff, 0xff, 0xff, 0xff, 0xff, 0xff, 0xff, 0xff, 0xff, 0xff, 0xff, 0xff, 
	0xff, 0xff, 0xff, 0xff, 0xff, 0xff, 0xff, 0xff, 0xff, 0xff, 0xff, 0xff, 0xff, 0xff, 0xff, 0xff, 
	0xff, 0xff, 0xff, 0xff, 0xfc, 0xf3, 0xff, 0xff, 0xff, 0xf0, 0xff, 0xff, 0xff, 0xff, 0xff, 0xff, 
	0xff, 0xff, 0xff, 0xff, 0xff, 0xff, 0xff, 0xff, 0xff, 0xff, 0xff, 0xff, 0xff, 0xff, 0xff, 0xff, 
	0xff, 0xff, 0xff, 0xff, 0xff, 0xff, 0xff, 0xff, 0xff, 0xff, 0xfd, 0xa7, 0xff, 0xff, 0xff, 0xf0, 
	0xff, 0xff, 0xff, 0xff, 0xff, 0xff, 0xff, 0xff, 0xff, 0xff, 0xff, 0xff, 0xff, 0xff, 0xff, 0xff, 
	0xff, 0xff, 0xff, 0xff, 0xff, 0xff, 0xff, 0xff, 0xff, 0xff, 0xff, 0xff, 0xff, 0xff, 0xff, 0xff, 
	0xe3, 0x4f, 0xff, 0xff, 0xff, 0xf0, 0xff, 0xff, 0xff, 0xff, 0xff, 0xff, 0xff, 0xff, 0xff, 0xff, 
	0xff, 0xff, 0xff, 0xff, 0xff, 0xff, 0xff, 0xff, 0xff, 0xff, 0xff, 0xff, 0xff, 0xff, 0xff, 0xff, 
	0xff, 0xff, 0xff, 0xff, 0xff, 0xff, 0xe7, 0x8f, 0xff, 0xff, 0xff, 0xf0, 0xff, 0xff, 0xff, 0xff, 
	0xff, 0xff, 0xff, 0xff, 0xff, 0xff, 0xff, 0xff, 0xff, 0xff, 0xff, 0xff, 0xff, 0xff, 0xff, 0xff, 
	0xff, 0xff, 0xff, 0xff, 0xff, 0xff, 0xff, 0xff, 0xff, 0xff, 0xff, 0xff, 0xee, 0x8f, 0xff, 0xff, 
	0xff, 0xf0, 0xff, 0xff, 0xff, 0xff, 0xff, 0xff, 0xff, 0xff, 0xff, 0xff, 0xff, 0xff, 0xff, 0xff, 
	0xff, 0xff, 0xff, 0xff, 0xff, 0xff, 0xff, 0xff, 0xff, 0xff, 0xff, 0xff, 0xff, 0xff, 0xff, 0xff, 
	0xff, 0xff, 0x8c, 0x3f, 0xff, 0xff, 0xff, 0xf0, 0xff, 0xff, 0xff, 0xff, 0xff, 0xff, 0xff, 0xff, 
	0xff, 0xff, 0xff, 0xff, 0xff, 0xff, 0xff, 0xff, 0xff, 0xff, 0xff, 0xff, 0xff, 0xff, 0xff, 0xff, 
	0xff, 0xff, 0xff, 0xff, 0xff, 0xff, 0xff, 0xff, 0x3e, 0x7f, 0xff, 0xff, 0xff, 0xf0, 0xff, 0xff, 
	0xff, 0xff, 0xff, 0xff, 0xff, 0xff, 0xff, 0xff, 0xff, 0xff, 0xff, 0xff, 0xff, 0xff, 0xff, 0xff, 
	0xff, 0xff, 0xff, 0xff, 0xff, 0xff, 0xff, 0xff, 0xff, 0xff, 0xff, 0xff, 0xff, 0xff, 0x78, 0xff, 
	0xff, 0xff, 0xff, 0xf0, 0xff, 0xff, 0xff, 0xff, 0xff, 0xff, 0xff, 0xff, 0xff, 0xff, 0xff, 0xff, 
	0xff, 0xff, 0xff, 0xff, 0xff, 0xff, 0xff, 0xff, 0xff, 0xff, 0xff, 0xff, 0xff, 0xff, 0xff, 0xff, 
	0xff, 0xff, 0xff, 0xfc, 0xeb, 0xff, 0xff, 0xff, 0xff, 0xf0, 0xff, 0xff, 0xff, 0xff, 0xff, 0xff, 
	0xff, 0xff, 0xff, 0xff, 0xff, 0xff, 0xff, 0xff, 0xff, 0xff, 0xff, 0xff, 0xff, 0xff, 0xff, 0xff, 
	0xff, 0xff, 0xff, 0xff, 0xff, 0xff, 0xff, 0xff, 0xff, 0xfc, 0xf3, 0xff, 0xff, 0xff, 0xff, 0xf0, 
	0xff, 0xff, 0xff, 0xff, 0xff, 0xff, 0xff, 0xff, 0xff, 0xff, 0xff, 0xff, 0xff, 0xff, 0xff, 0xff, 
	0xff, 0xff, 0xff, 0xff, 0xff, 0xff, 0xff, 0xff, 0xff, 0xff, 0xff, 0xff, 0xff, 0xff, 0xff, 0xf9, 
	0xe7, 0xff, 0xff, 0xff, 0xff, 0xf0, 0xff, 0xff, 0xff, 0xff, 0xff, 0xff, 0xff, 0xff, 0xff, 0xff, 
	0xff, 0xff, 0xff, 0xff, 0xff, 0xff, 0xff, 0xff, 0xff, 0xff, 0xff, 0xff, 0xff, 0xff, 0xff, 0xff, 
	0xff, 0xff, 0xff, 0xff, 0xff, 0xe7, 0x8f, 0xff, 0xff, 0xff, 0xff, 0xf0, 0xff, 0xff, 0xff, 0xff, 
	0xff, 0xff, 0xff, 0xff, 0xff, 0xff, 0xff, 0xff, 0xff, 0xff, 0xff, 0xff, 0xff, 0xff, 0xff, 0xff, 
	0xff, 0xff, 0xff, 0xff, 0xff, 0xff, 0xff, 0xff, 0xff, 0xff, 0xff, 0xc7, 0x9f, 0xff, 0xff, 0xff, 
	0xff, 0xf0, 0xff, 0xff, 0xff, 0xff, 0xff, 0xff, 0xff, 0xff, 0xff, 0xff, 0xff, 0xff, 0xff, 0xff, 
	0xff, 0xff, 0xff, 0xff, 0xff, 0xff, 0xff, 0xff, 0xff, 0xff, 0xff, 0xff, 0xff, 0xff, 0xff, 0xff, 
	0xff, 0xcf, 0x1f, 0xff, 0xff, 0xff, 0xff, 0xf0, 0xff, 0xff, 0xff, 0xff, 0xff, 0xff, 0xff, 0xff, 
	0xff, 0xff, 0xff, 0xff, 0xff, 0xff, 0xff, 0xff, 0xff, 0xff, 0xff, 0xff, 0xff, 0xff, 0xff, 0xff, 
	0xff, 0xff, 0xff, 0xff, 0xff, 0xff, 0xff, 0xb7, 0x3f, 0xff, 0xff, 0xff, 0xff, 0xf0, 0xff, 0xff, 
	0xff, 0xff, 0xff, 0xff, 0xff, 0xff, 0xff, 0xff, 0xff, 0xff, 0xff, 0xff, 0xff, 0xff, 0xff, 0xff, 
	0xff, 0xff, 0xff, 0xff, 0xff, 0xff, 0xff, 0xff, 0xff, 0xff, 0xff, 0xff, 0xff, 0x3b, 0x7f, 0xff, 
	0xff, 0xff, 0xff, 0xf0, 0xff, 0xff, 0xff, 0xff, 0xff, 0xff, 0xff, 0xff, 0xff, 0xff, 0xff, 0xff, 
	0xff, 0xff, 0xff, 0xff, 0xff, 0xff, 0xff, 0xff, 0xff, 0xff, 0xff, 0xff, 0xff, 0xff, 0xff, 0xff, 
	0xff, 0xff, 0xff, 0x3e, 0xff, 0xff, 0xff, 0xff, 0xff, 0xf0, 0xff, 0xff, 0xff, 0xff, 0xff, 0xff, 
	0xff, 0xff, 0xff, 0xff, 0xff, 0xff, 0xff, 0xff, 0xff, 0xff, 0xff, 0xff, 0xff, 0xff, 0xff, 0xff, 
	0xff, 0xff, 0xff, 0xff, 0xff, 0xff, 0xff, 0xff, 0xfe, 0xe9, 0xff, 0xff, 0xff, 0xff, 0xff, 0xf0, 
	0xff, 0xff, 0xff, 0xff, 0xff, 0xff, 0xff, 0xff, 0xff, 0xff, 0xff, 0xff, 0xff, 0xff, 0xff, 0xff, 
	0xff, 0xff, 0xff, 0xff, 0xff, 0xff, 0xff, 0xff, 0xff, 0xff, 0xff, 0xff, 0xff, 0xff, 0xfc, 0xcb, 
	0xff, 0xff, 0xff, 0xff, 0xff, 0xf0, 0xff, 0xff, 0xff, 0xff, 0xff, 0xff, 0xff, 0xff, 0xff, 0xff, 
	0xff, 0xff, 0xff, 0xff, 0xff, 0xff, 0xff, 0xff, 0xff, 0xff, 0xff, 0xff, 0xff, 0xff, 0xff, 0xff, 
	0xff, 0xff, 0xff, 0xff, 0xf9, 0xd7, 0xff, 0xff, 0xff, 0xff, 0xff, 0xf0, 0xff, 0xff, 0xff, 0xff, 
	0xff, 0xff, 0xff, 0xff, 0xff, 0xff, 0xff, 0xff, 0xff, 0xff, 0xff, 0xff, 0xff, 0xff, 0xff, 0xff, 
	0xff, 0xff, 0xff, 0xff, 0xff, 0xff, 0xff, 0xff, 0xff, 0xff, 0xf2, 0x0f, 0xff, 0xff, 0xff, 0xff, 
	0xff, 0xf0, 0xff, 0xff, 0xff, 0xff, 0xff, 0xff, 0xff, 0xff, 0xff, 0xff, 0xff, 0xff, 0xff, 0xff, 
	0xff, 0xff, 0xff, 0xff, 0xff, 0xff, 0xff, 0xff, 0xff, 0xff, 0xff, 0xff, 0xff, 0xff, 0xff, 0xff, 
	0xe6, 0x5f, 0xff, 0xff, 0xff, 0xff, 0xff, 0xf0, 0xff, 0xff, 0xff, 0xff, 0xff, 0xff, 0xff, 0xff, 
	0xff, 0xff, 0xff, 0xff, 0xff, 0xff, 0xff, 0xff, 0xff, 0xff, 0xff, 0xff, 0xff, 0xff, 0xff, 0xff, 
	0xff, 0xff, 0xff, 0xff, 0xff, 0xff, 0xcc, 0x3f, 0xff, 0xff, 0xff, 0xff, 0xff, 0xf0, 0xff, 0xff, 
	0xff, 0xff, 0xff, 0xff, 0xff, 0xff, 0xff, 0xff, 0xff, 0xff, 0xff, 0xff, 0xff, 0xff, 0xff, 0xff, 
	0xff, 0xff, 0xff, 0xff, 0xff, 0xff, 0xff, 0xff, 0xff, 0xff, 0xff, 0xff, 0xb4, 0x7f, 0xff, 0xff, 
	0xff, 0xff, 0xff, 0xf0, 0xff, 0xff, 0xff, 0xff, 0xff, 0xff, 0xff, 0xff, 0xff, 0xff, 0xff, 0xff, 
	0xff, 0xff, 0xff, 0xff, 0xff, 0xff, 0xff, 0xff, 0xff, 0xff, 0xff, 0xff, 0xff, 0xff, 0xff, 0xff, 
	0xff, 0xfe, 0x5a, 0xff, 0xff, 0xff, 0xff, 0xff, 0xff, 0xf0, 0xff, 0xff, 0xff, 0xff, 0xff, 0xff, 
	0xff, 0xff, 0xff, 0xff, 0xff, 0xff, 0xff, 0xff, 0xff, 0xff, 0xff, 0xff, 0xff, 0xff, 0xff, 0xff, 
	0xff, 0xff, 0xff, 0xff, 0xff, 0xff, 0xff, 0xfc, 0xe5, 0xff, 0xff, 0xff, 0xff, 0xff, 0xff, 0xf0, 
	0xff, 0xff, 0xff, 0xff, 0xff, 0xff, 0xff, 0xff, 0xff, 0xff, 0xff, 0xff, 0xff, 0xff, 0xff, 0xff, 
	0xff, 0xff, 0xff, 0xff, 0xff, 0xff, 0xff, 0xff, 0xff, 0xff, 0xff, 0xff, 0xff, 0xfb, 0xe3, 0xff, 
	0xff, 0xff, 0xff, 0xff, 0xff, 0xf0, 0xff, 0xff, 0xff, 0xff, 0xff, 0xff, 0xff, 0xff, 0xff, 0xff, 
	0xff, 0xff, 0xff, 0xff, 0xff, 0xff, 0xff, 0xff, 0xff, 0xff, 0xff, 0xff, 0xff, 0xff, 0xff, 0xff, 
	0xff, 0xff, 0xff, 0xf1, 0x47, 0xff, 0xff, 0xff, 0xff, 0xff, 0xff, 0xf0, 0xff, 0xff, 0xff, 0xff, 
	0xff, 0xff, 0xff, 0xff, 0xff, 0xff, 0xff, 0xff, 0xff, 0xff, 0xff, 0xff, 0xff, 0xff, 0xff, 0xff, 
	0xff, 0xff, 0xff, 0xff, 0xff, 0xff, 0xff, 0xff, 0xff, 0xe3, 0x8f, 0xff, 0xff, 0xff, 0xff, 0xff, 
	0xff, 0xf0, 0xff, 0xff, 0xff, 0xff, 0xff, 0xff, 0xff, 0xff, 0xff, 0xff, 0xff, 0xff, 0xff, 0xff, 
	0xff, 0xff, 0xff, 0xff, 0xff, 0xff, 0xff, 0xff, 0xff, 0xff, 0xff, 0xff, 0xff, 0xff, 0xff, 0xe6, 
	0x1f, 0xff, 0xff, 0xff, 0xff, 0xff, 0xff, 0xf0, 0xff, 0xff, 0xff, 0xff, 0xff, 0xff, 0xff, 0xff, 
	0xff, 0xff, 0xff, 0xff, 0xff, 0xff, 0xff, 0xff, 0xff, 0xff, 0xff, 0xff, 0xff, 0xff, 0xff, 0xff, 
	0xff, 0xff, 0xff, 0xff, 0xff, 0xcc, 0x3f, 0xff, 0xff, 0xff, 0xff, 0xff, 0xff, 0xf0, 0xff, 0xff, 
	0xff, 0xff, 0xff, 0xff, 0xff, 0xff, 0xff, 0xff, 0xff, 0xff, 0xff, 0xff, 0xff, 0xff, 0xff, 0xff, 
	0xff, 0xff, 0xff, 0xff, 0xff, 0xff, 0xff, 0xff, 0xff, 0xff, 0xff, 0x9c, 0x7f, 0xff, 0xff, 0xff, 
	0xff, 0xff, 0xff, 0xf0, 0xff, 0xff, 0xff, 0xff, 0xff, 0xff, 0xff, 0xff, 0xff, 0xff, 0xff, 0xff, 
	0xff, 0xff, 0xff, 0xff, 0xff, 0xff, 0xff, 0xff, 0xff, 0xff, 0xff, 0xff, 0xff, 0xff, 0xff, 0xff, 
	0xff, 0x34, 0xff, 0xff, 0xff, 0xff, 0xff, 0xff, 0xff, 0xf0, 0xff, 0xff, 0xff, 0xff, 0xff, 0xff, 
	0xff, 0xff, 0xff, 0xff, 0xff, 0xff, 0xff, 0xff, 0xff, 0xff, 0xff, 0xff, 0xff, 0xff, 0xff, 0xff, 
	0xff, 0xff, 0xff, 0xff, 0xff, 0xff, 0xff, 0x60, 0xff, 0xff, 0xff, 0xff, 0xff, 0xff, 0xff, 0xf0, 
	0xff, 0xff, 0xff, 0xff, 0xff, 0xff, 0xff, 0xff, 0xff, 0xff, 0xff, 0xff, 0xff, 0xff, 0xff, 0xff, 
	0xff, 0xff, 0xff, 0xff, 0xff, 0xff, 0xff, 0xff, 0xff, 0xff, 0xff, 0xff, 0xfe, 0xc3, 0xff, 0xff, 
	0xff, 0xff, 0xff, 0xff, 0xff, 0xf0, 0xff, 0xff, 0xff, 0xff, 0xff, 0xff, 0xff, 0xff, 0xff, 0xff, 
	0xff, 0xff, 0xff, 0xff, 0xff, 0xff, 0xff, 0xff, 0xff, 0xff, 0xff, 0xff, 0xff, 0xff, 0xff, 0xff, 
	0xff, 0xff, 0xfc, 0x47, 0xff, 0xff, 0xff, 0xff, 0xff, 0xff, 0xff, 0xf0, 0x7f, 0xff, 0xff, 0xff, 
	0xff, 0xff, 0xff, 0xff, 0xff, 0xff, 0xff, 0xff, 0xff, 0xff, 0xff, 0xff, 0xff, 0xff, 0xff, 0xff, 
	0xff, 0xff, 0xff, 0xff, 0xff, 0xff, 0xff, 0xff, 0xf9, 0x2f, 0xff, 0xff, 0xff, 0xff, 0xff, 0xff, 
	0xff, 0xf0, 0x9f, 0xff, 0xff, 0xff, 0xff, 0xff, 0xff, 0xff, 0xff, 0xff, 0xff, 0xff, 0xff, 0xff, 
	0xff, 0xff, 0xff, 0xff, 0xff, 0xff, 0xff, 0xff, 0xff, 0xff, 0xff, 0xff, 0xff, 0xff, 0xfb, 0xcf, 
	0xff, 0xff, 0xff, 0xff, 0xff, 0xff, 0xff, 0xf0, 0xf7, 0xff, 0xff, 0xff, 0xff, 0xff, 0xf0, 0xff, 
	0xff, 0xff, 0xff, 0xff, 0xff, 0xff, 0xff, 0xff, 0xff, 0xff, 0xff, 0xff, 0xff, 0xff, 0xff, 0xff, 
	0xff, 0xff, 0xff, 0xff, 0xe2, 0x9f, 0xff, 0xff, 0xff, 0xff, 0xff, 0xff, 0xff, 0xf0, 0xf9, 0xff, 
	0xff, 0xff, 0xff, 0xc0, 0x0e, 0x1f, 0xff, 0xff, 0xff, 0xff, 0xff, 0xff, 0xff, 0xff, 0xff, 0xff, 
	0xff, 0xff, 0xff, 0xff, 0xff, 0xff, 0xff, 0xff, 0xff, 0xff, 0xcd, 0x3f, 0xff, 0xff, 0xff, 0xff, 
	0xff, 0xff, 0xff, 0xf0, 0xff, 0xff, 0xff, 0xff, 0xff, 0xff, 0xff, 0xc7, 0xff, 0xff, 0xff, 0xff, 
	0xff, 0xff, 0xff, 0xff, 0xff, 0xff, 0xff, 0xff, 0xff, 0xff, 0xff, 0xff, 0xff, 0xff, 0xff, 0xff, 
	0xdf, 0x7f, 0xff, 0xff, 0xff, 0xff, 0xff, 0xff, 0xff, 0xf0, 0xff, 0x0f, 0xff, 0xff, 0xe1, 0xff, 
	0xff, 0xfa, 0x7f, 0x9f, 0xff, 0xff, 0xff, 0xff, 0xff, 0xff, 0xff, 0xff, 0xff, 0xff, 0xff, 0xff, 
	0xff, 0xff, 0xff, 0xff, 0xff, 0xff, 0x36, 0xff, 0xff, 0xff, 0xff, 0xff, 0xff, 0xff, 0xff, 0xf0, 
	0xff, 0xff, 0xff, 0xfe, 0x1f, 0xff, 0xff, 0xff, 0x00, 0x61, 0xff, 0xff, 0xff, 0xff, 0xff, 0xff, 
	0xff, 0xff, 0xff, 0xff, 0xff, 0xff, 0xff, 0xff, 0xff, 0xff, 0xff, 0xfe, 0x14, 0xff, 0xff, 0xff, 
	0xff, 0xff, 0xff, 0xff, 0xff, 0xf0, 0xff, 0xf0, 0x1f, 0xf9, 0x3f, 0xff, 0xff, 0xff, 0xff, 0xff, 
	0xff, 0xff, 0xff, 0xff, 0xff, 0xff, 0xff, 0xff, 0xff, 0xff, 0xff, 0xff, 0xff, 0xfb, 0xef, 0xff, 
	0xff, 0xfe, 0x29, 0xff, 0xff, 0xff, 0xff, 0xff, 0xff, 0xff, 0xff, 0xf0, 0x7f, 0xff, 0xff, 0xff, 
	0xff, 0xff, 0xff, 0xff, 0xff, 0xfb, 0xff, 0xff, 0xff, 0xff, 0xff, 0xff, 0xff, 0xff, 0xff, 0xff, 
	0xff, 0xff, 0xff, 0xff, 0xff, 0xc0, 0x00, 0xf9, 0x7f, 0xff, 0xff, 0xff, 0xff, 0xff, 0xff, 0xff, 
	0xff, 0xf0, 0x9f, 0xff, 0xff, 0xff, 0xff, 0xff, 0xff, 0xff, 0xff, 0xfd, 0xff, 0xff, 0xff, 0xff, 
	0xff, 0xff, 0xff, 0xff, 0xff, 0xff, 0xff, 0xff, 0xff, 0xff, 0xff, 0xff, 0xff, 0xf0, 0xb7, 0xff, 
	0xff, 0xff, 0xff, 0xff, 0xff, 0xff, 0xff, 0xf0, 0xcf, 0xff, 0xff, 0xff, 0xff, 0xff, 0xff, 0xff, 
	0xf7, 0xff, 0xff, 0xff, 0xff, 0xff, 0xff, 0xff, 0xff, 0xff, 0xff, 0xff, 0xff, 0xff, 0xff, 0xff, 
	0xff, 0xff, 0xff, 0xf3, 0x47, 0xff, 0xff, 0xff, 0xff, 0xff, 0xff, 0xff, 0xff, 0xf0, 0xff, 0xff, 
	0xff, 0xff, 0xff, 0xff, 0xff, 0xff, 0xff, 0xff, 0x1f, 0xf3, 0xff, 0xff, 0xff, 0xff, 0xff, 0xff, 
	0xff, 0xff, 0xff, 0xff, 0xff, 0xff, 0xff, 0xff, 0xff, 0xcb, 0xbf, 0xff, 0xff, 0xff, 0xff, 0xff, 
	0xff, 0xff, 0xcf, 0xf0, 0xff, 0xff, 0xff, 0xff, 0xff, 0xff, 0xff, 0xff, 0xff, 0xff, 0xc0, 0x02, 
	0x00, 0x3f, 0xff, 0xff, 0xff, 0xff, 0xff, 0xff, 0xff, 0xff, 0xff, 0xff, 0xff, 0xff, 0xff, 0x83, 
	0x3f, 0xff, 0xff, 0xff, 0xff, 0xff, 0xff, 0xff, 0xdf, 0xf0, 0xfe, 0xff, 0xff, 0xff, 0xff, 0xff, 
	0xc0, 0x3f, 0xff, 0xff, 0xff, 0xff, 0xff, 0xfe, 0x07, 0xff, 0xff, 0xff, 0xff, 0xff, 0xff, 0xff, 
	0xff, 0xff, 0xff, 0xff, 0xff, 0x94, 0x7f, 0xff, 0xff, 0xff, 0xff, 0xff, 0xff, 0xfe, 0xbf, 0xf0, 
	0xff, 0xbf, 0xff, 0xff, 0xff, 0xff, 0xff, 0xff, 0xff, 0xff, 0xff, 0xff, 0xff, 0xff, 0xff, 0xcf, 
	0xff, 0xff, 0xff, 0xff, 0xff, 0xff, 0xff, 0xff, 0xff, 0xff, 0xfe, 0x25, 0xff, 0xff, 0xff, 0xfe, 
	0xff, 0xff, 0xf7, 0xfc, 0x7f, 0xf0, 0xff, 0xff, 0xff, 0xff, 0xff, 0xff, 0xff, 0xff, 0xff, 0xff, 
	0xff, 0xff, 0xff, 0xff, 0xff, 0xfc, 0x7f, 0xff, 0xff, 0xff, 0xff, 0xff, 0xff, 0xff, 0xff, 0xff, 
	0xfc, 0x29, 0xff, 0xff, 0xff, 0xfc, 0xff, 0xff, 0xf6, 0xfc, 0xff, 0xf0, 0xff, 0xff, 0xff, 0xff, 
	0xff, 0xff, 0xff, 0xff, 0xff, 0xff, 0xff, 0xff, 0xff, 0xff, 0xff, 0xff, 0x80, 0xff, 0xff, 0xff, 
	0xff, 0xff, 0xff, 0xff, 0xff, 0xff, 0xfc, 0x19, 0xff, 0xff, 0xff, 0xfd, 0xff, 0xff, 0xf5, 0xfd, 
	0xfd, 0xf0, 0xff, 0xff, 0xe7, 0xff, 0xfb, 0xf7, 0xff, 0xff, 0xff, 0xff, 0xff, 0xff, 0xff, 0xff, 
	0xff, 0xff, 0xff, 0x9f, 0xff, 0xff, 0xff, 0xff, 0xff, 0xff, 0xff, 0xff, 0xf8, 0x27, 0xff, 0xff, 
	0xff, 0xfb, 0x3f, 0xff, 0xf3, 0xf3, 0xef, 0xf0, 0xff, 0xff, 0xff, 0xff, 0xfb, 0xe7, 0xff, 0xff, 
	0xff, 0xff, 0xbf, 0xff, 0xff, 0xff, 0xff, 0xff, 0xff, 0xef, 0xff, 0xfd, 0xff, 0xff, 0xff, 0xff, 
	0xff, 0xff, 0xf0, 0x8f, 0xff, 0xff, 0xff, 0xfa, 0x7f, 0xff, 0xe3, 0xe7, 0xcf, 0xf0, 0xff, 0xff, 
	0xef, 0xff, 0xff, 0xe7, 0xff, 0xff, 0xff, 0xff, 0x80, 0x7f, 0xf0, 0x07, 0xff, 0xff, 0xff, 0xe2, 
	0x3f, 0xe8, 0xff, 0xff, 0xff, 0xff, 0xff, 0xff, 0xe1, 0x0f, 0xff, 0xff, 0xff, 0xf8, 0xff, 0xff, 
	0xc7, 0xef, 0x9f, 0xf0, 0xff, 0xff, 0xf7, 0xff, 0xfe, 0xef, 0x0f, 0xff, 0xff, 0xff, 0xff, 0xff, 
	0xff, 0xff, 0x7f, 0xff, 0xff, 0xff, 0xff, 0xc0, 0xdf, 0xff, 0xff, 0xff, 0xff, 0xff, 0xea, 0x1f, 
	0xff, 0xf3, 0xff, 0xf3, 0xff, 0xff, 0xdf, 0xde, 0x7f, 0xf0, 0xff, 0xff, 0xf7, 0xff, 0xff, 0xef, 
	0xe3, 0xff, 0xff, 0xff, 0xff, 0xff, 0xff, 0xff, 0x1f, 0xff, 0xff, 0xff, 0xff, 0xc4, 0x3f, 0xff, 
	0xff, 0xff, 0xff, 0xff, 0xdc, 0x3f, 0xff, 0xff, 0xff, 0xe7, 0xff, 0x7f, 0xbf, 0x9c, 0x7f, 0xf0, 
	0xff, 0xff, 0xf3, 0xff, 0xff, 0x7f, 0xff, 0xff, 0xff, 0xff, 0xff, 0xff, 0xff, 0xff, 0xff, 0xff, 
	0xff, 0xff, 0xfc, 0x00, 0x7f, 0xff, 0xff, 0xff, 0xff, 0xff, 0x9c, 0x7f, 0xff, 0xff, 0x9f, 0xe7, 
	0xff, 0xff, 0x3f, 0x00, 0x7f, 0x30, 0xff, 0xff, 0xf9, 0xff, 0xff, 0x3f, 0xff, 0xf0, 0x01, 0xff, 
	0xff, 0xff, 0xff, 0xff, 0xff, 0xff, 0xff, 0xff, 0xff, 0xfe, 0x3f, 0xff, 0xff, 0xff, 0xff, 0xff, 
	0x7c, 0x7f, 0xff, 0xff, 0x3f, 0xcf, 0xfd, 0xfe, 0x78, 0x0f, 0xc1, 0xf0, 0xff, 0xff, 0xf9, 0xff, 
	0xff, 0xbf, 0xff, 0xff, 0xff, 0xfd, 0xff, 0xff, 0xff, 0xff, 0xff, 0xff, 0xbf, 0xff, 0xff, 0xff, 
	0x8f, 0xff, 0xff, 0xff, 0xff, 0xfe, 0xfc, 0xff, 0xff, 0xfc, 0x7f, 0xcf, 0xfd, 0xfe, 0xe0, 0x7f, 
	0xf1, 0xf0, 0xff, 0xf8, 0xf8, 0xff, 0xff, 0xb3, 0xff, 0xff, 0xff, 0xff, 0xbf, 0xff, 0xff, 0xff, 
	0xff, 0xff, 0xff, 0xff, 0xff, 0xff, 0xe0, 0x07, 0xff, 0xff, 0xff, 0xfc, 0xf9, 0xff, 0xfe, 0xfc, 
	0xff, 0xcf, 0xfe, 0xef, 0xc1, 0xff, 0xfc, 0x70, 0xff, 0xff, 0x81, 0x3f, 0xff, 0xc3, 0xff, 0xf0, 
	0x1f, 0xff, 0xf0, 0xff, 0xff, 0xcf, 0xff, 0x83, 0xff, 0xff, 0xff, 0xff, 0xff, 0xff, 0xe0, 0x00, 
	0x00, 0x01, 0xa3, 0xff, 0xff, 0xfc, 0xff, 0x9f, 0xff, 0x1c, 0x1f, 0xff, 0xff, 0xf0, 0xff, 0xff, 
	0xfc, 0x8f, 0xff, 0xc3, 0xff, 0xff, 0xef, 0xff, 0xff, 0xfd, 0xff, 0xf0, 0xff, 0xfd, 0xff, 0xff, 
	0xff, 0xff, 0xff, 0xff, 0xff, 0xff, 0xff, 0xf3, 0x44, 0xff, 0xfc, 0x7c, 0xff, 0xbf, 0xff, 0x30, 
	0x3f, 0xff, 0xff, 0xf0, 0xff, 0xff, 0xfe, 0x43, 0xff, 0xe3, 0xff, 0xff, 0xff, 0xff, 0xff, 0xff, 
	0xff, 0xff, 0x7f, 0xff, 0xff, 0xff, 0xff, 0xff, 0xff, 0xff, 0xff, 0xff, 0xff, 0xe7, 0x2f, 0x7f, 
	0xfe, 0x7d, 0xff, 0xbf, 0xff, 0xb1, 0xff, 0xff, 0xff, 0xf0, 0xff, 0xff, 0xff, 0x9c, 0x7f, 0xe5, 
	0xff, 0xff, 0xff, 0xff, 0xff, 0xff, 0xff, 0xff, 0xff, 0xff, 0xff, 0xff, 0xff, 0xff, 0xff, 0xff, 
	0xff, 0xff, 0xff, 0x85, 0x9f, 0xe7, 0xff, 0x3d, 0xfe, 0x3f, 0xff, 0x0f, 0xff, 0xff, 0xff, 0xf0, 
	0xff, 0xff, 0xff, 0xca, 0x3f, 0xf4, 0xff, 0xff, 0xff, 0xff, 0xff, 0xff, 0xff, 0xff, 0xff, 0xff, 
	0xff, 0xe0, 0x3f, 0xff, 0xff, 0xff, 0xff, 0xff, 0xfe, 0x06, 0x1f, 0xff, 0xff, 0xbd, 0xfe, 0x3f, 
	0xff, 0x0f, 0xff, 0xff, 0xff, 0xf0, 0xff, 0xff, 0xff, 0x8d, 0x87, 0xf4, 0xff, 0xff, 0xff, 0xff, 
	0xff, 0xff, 0xff, 0xff, 0xff, 0xff, 0xff, 0xff, 0xff, 0xff, 0xff, 0xff, 0xff, 0xff, 0xfe, 0x04, 
	0x3f, 0xfe, 0x3f, 0x9d, 0xfe, 0x7f, 0xfe, 0x1f, 0xfd, 0xff, 0xff, 0xf0, 0xff, 0xff, 0xff, 0xe1, 
	0x88, 0x60, 0xff, 0xff, 0xff, 0xff, 0xff, 0xff, 0xff, 0xcf, 0xff, 0xff, 0xff, 0xff, 0xff, 0xff, 
	0xff, 0xff, 0xff, 0xff, 0xf0, 0x30, 0xff, 0xff, 0xf8, 0xdd, 0xfe, 0x7f, 0xfc, 0x7f, 0xfb, 0xff, 
	0xff, 0xf0, 0xff, 0xff, 0xff, 0xf8, 0xff, 0x24, 0xff, 0xff, 0xff, 0xff, 0xff, 0xff, 0xff, 0xf7, 
	0xf8, 0x00, 0x3f, 0xff, 0xff, 0xff, 0x1f, 0xff, 0xff, 0xff, 0xe0, 0x29, 0xff, 0xff, 0xff, 0xeb, 
	0xfe, 0x7f, 0xf0, 0xff, 0xf0, 0xff, 0xff, 0xf0, 0xff, 0xff, 0xff, 0xfe, 0x7b, 0x80, 0xff, 0xff, 
	0xff, 0xff, 0xff, 0xff, 0xff, 0xff, 0xff, 0xff, 0xff, 0xff, 0xff, 0xff, 0xe0, 0x01, 0xfc, 0xff, 
	0x80, 0x53, 0xff, 0xff, 0xff, 0xeb, 0xfe, 0x7f, 0xe1, 0xff, 0xf3, 0xff, 0xff, 0xf0, 0xff, 0xff, 
	0xff, 0xf8, 0x07, 0xc0, 0xff, 0xff, 0xff, 0x80, 0x1f, 0xff, 0xff, 0xff, 0x7f, 0xff, 0xff, 0xff, 
	0xff, 0xff, 0xff, 0xff, 0xf9, 0x3e, 0x01, 0x47, 0xff, 0xff, 0xff, 0xc7, 0xfc, 0x3f, 0x07, 0xf0, 
	0x00, 0xff, 0xff, 0xf0, 0xff, 0xff, 0xff, 0x80, 0x71, 0xe0, 0xff, 0xff, 0xff, 0xff, 0xff, 0xff, 
	0xff, 0xff, 0xff, 0xff, 0xff, 0xff, 0xff, 0xff, 0xff, 0xff, 0xf9, 0x3c, 0x06, 0xcf, 0xff, 0xff, 
	0xff, 0xe3, 0xfc, 0x7c, 0x38, 0x00, 0x00, 0x3f, 0xff, 0xf0, 0xff, 0xff, 0xfe, 0x1f, 0xf8, 0x02, 
	0x7f, 0xff, 0xff, 0xff, 0xff, 0xff, 0xff, 0xff, 0xff, 0xff, 0xff, 0xff, 0xff, 0xff, 0xff, 0xff, 
	0xf8, 0x10, 0x0f, 0x9f, 0xff, 0xff, 0xff, 0xe3, 0xf8, 0xf0, 0xe0, 0x0f, 0xff, 0xff, 0xff, 0xf0, 
	0xff, 0xff, 0xe3, 0xff, 0x7d, 0xc0, 0x1f, 0xff, 0xff, 0xff, 0xff, 0xff, 0xff, 0xff, 0xff, 0xff, 
	0xff, 0xff, 0xff, 0xff, 0xff, 0xff, 0xe2, 0x61, 0x3b, 0x3f, 0xff, 0xff, 0xff, 0xe3, 0xe6, 0x0f, 
	0x8f, 0xf1, 0xff, 0xff, 0xff, 0xf0, 0xff, 0xff, 0x07, 0xbf, 0xbf, 0xff, 0x8f, 0xff, 0xff, 0xff, 
	0xff, 0xff, 0xff, 0xff, 0xff, 0xff, 0xff, 0xff, 0xff, 0xff, 0xff, 0xff, 0xcf, 0x88, 0x74, 0x3f, 
	0xfc, 0x01, 0xff, 0xe3, 0xce, 0x3f, 0x1d, 0x7f, 0xff, 0xff, 0xff, 0xf0, 0xfe, 0x00, 0x1f, 0xff, 
	0xc0, 0xef, 0xe7, 0xff, 0xff, 0xff, 0xff, 0xff, 0x8f, 0xff, 0xff, 0xff, 0xff, 0xff, 0xff, 0xff, 
	0xff, 0xff, 0xdb, 0xe0, 0xfb, 0xbf, 0x00, 0x00, 0x1f, 0xe3, 0x1f, 0xde, 0x7f, 0x87, 0xff, 0xff, 
	0xff, 0xf0, 0xff, 0xff, 0x1f, 0x47, 0xff, 0xdd, 0xb1, 0xff, 0xff, 0xff, 0xff, 0xfe, 0x4f, 0xff, 
	0xff, 0xff, 0xfc, 0x1f, 0xff, 0xe7, 0xff, 0xfe, 0x18, 0x9f, 0x9f, 0xa0, 0x1f, 0xe0, 0x00, 0x00, 
	0x7f, 0xc9, 0xff, 0xff, 0xff, 0xe3, 0xff, 0xf0, 0xff, 0xff, 0xff, 0xff, 0x00, 0xf7, 0x5c, 0x3f, 
	0xff, 0xff, 0xff, 0xfe, 0x5f, 0xff, 0xff, 0xff, 0xfb, 0xff, 0xff, 0xc1, 0xff, 0xfc, 0xcf, 0xf7, 
	0xbe, 0xc1, 0xfc, 0x7f, 0xff, 0xf8, 0x07, 0x03, 0xff, 0xff, 0xff, 0xdf, 0xff, 0xf0, 0x03, 0xff, 
	0xff, 0xfc, 0x7f, 0xff, 0xb6, 0x0f, 0xff, 0xff, 0xff, 0xfe, 0x1f, 0xff, 0xff, 0xff, 0xff, 0xff, 
	0xff, 0xc9, 0xff, 0xf0, 0x3f, 0xfd, 0xf7, 0x7f, 0x8f, 0xf0, 0x18, 0x1f, 0xff, 0xc3, 0xff, 0xff, 
	0xfb, 0x9f, 0xff, 0xf0, 0xff, 0x01, 0xff, 0xbf, 0xff, 0xef, 0xf6, 0x30, 0x7f, 0xff, 0xff, 0xfc, 
	0xbf, 0xff, 0xff, 0xff, 0xff, 0xff, 0xff, 0x0c, 0x00, 0x0d, 0xff, 0xdd, 0xc1, 0x87, 0xff, 0x9f, 
	0xc0, 0xff, 0xee, 0xdf, 0xff, 0x80, 0x30, 0xcf, 0xff, 0xf0, 0xff, 0xff, 0xff, 0xff, 0xff, 0xff, 
	0x9f, 0xc8, 0x0f, 0xff, 0xff, 0xfc, 0xbf, 0xff, 0xff, 0xff, 0xff, 0xff, 0xfc, 0x00, 0x00, 0x17, 
	0xfc, 0xfe, 0x7e, 0xff, 0x39, 0x78, 0x3f, 0xfe, 0x01, 0xcf, 0xe0, 0x00, 0x00, 0x03, 0x7f, 0xf0, 
	0x7f, 0xff, 0xff, 0xff, 0xfc, 0xff, 0xff, 0xfb, 0x00, 0x03, 0xff, 0xf9, 0xbf, 0xff, 0xff, 0xff, 
	0xff, 0xff, 0xf0, 0x00, 0x01, 0xf0, 0x0f, 0xef, 0xff, 0xfb, 0xe3, 0x8f, 0xff, 0x80, 0x10, 0xf7, 
	0xc0, 0x00, 0x3f, 0x7f, 0xbf, 0xf0, 0xff, 0xff, 0xff, 0x9d, 0x1b, 0xff, 0xb6, 0xff, 0xdc, 0x00, 
	0x1f, 0xfe, 0x07, 0xff, 0xff, 0xff, 0xff, 0xfe, 0x07, 0x7f, 0xe7, 0xff, 0xf9, 0xff, 0x7f, 0x79, 
	0x9f, 0x70, 0x00, 0x00, 0x07, 0x3c, 0x7f, 0xff, 0xdf, 0xff, 0xf3, 0xf0, 0xf8, 0x3f, 0xdc, 0xff, 
	0xff, 0xcf, 0xdf, 0xff, 0xf8, 0x84, 0x04, 0x01, 0xe0, 0x0f, 0xff, 0xff, 0xff, 0xe0, 0x1d, 0xf7, 
	0x9f, 0x7d, 0xff, 0xbf, 0xff, 0xc6, 0x2c, 0x30, 0x00, 0x00, 0x1f, 0xc3, 0x1f, 0xff, 0xff, 0xff, 
	0xfc, 0x30, 0xff, 0xff, 0x1f, 0xff, 0xff, 0xff, 0x7f, 0xf7, 0xff, 0xff, 0xff, 0xff, 0xc0, 0x01, 
	0xff, 0x83, 0xff, 0x00, 0xff, 0x3f, 0x7d, 0xef, 0xff, 0xff, 0x9b, 0xf8, 0xfb, 0x80, 0x07, 0xe0, 
	0x3f, 0xf9, 0xc0, 0x7f, 0xff, 0xff, 0xff, 0xc0, 0x8f, 0xf8, 0x87, 0xff, 0xbf, 0xff, 0xee, 0xfc, 
	0xdf, 0xef, 0xff, 0xff, 0xff, 0xf0, 0x00, 0x00, 0x00, 0xc7, 0xff, 0xdd, 0xef, 0x7f, 0xff, 0xe7, 
	0x87, 0xe0, 0x90, 0xc0, 0x7f, 0xff, 0xff, 0xff, 0x03, 0xbf, 0xff, 0xff, 0xff, 0xf0, 0xff, 0xfb, 
	0xff, 0xff, 0xfb, 0xff, 0xf3, 0xbf, 0x7f, 0xfc, 0xff, 0x7c, 0xf0, 0x7e, 0x00, 0x07, 0xf3, 0xff, 
	0x3f, 0x3f, 0x9f, 0xcf, 0xf8, 0xfc, 0xf0, 0x00, 0xc3, 0x60, 0x3f, 0xff, 0xff, 0xff, 0x08, 0x8f, 
	0xff, 0xff, 0xff, 0xf0, 0xff, 0x1f, 0xff, 0xf7, 0xfc, 0xff, 0xff, 0xe7, 0xef, 0xff, 0xc7, 0xff, 
	0x8f, 0xf1, 0xef, 0xf0, 0x0f, 0xff, 0xfd, 0xde, 0xff, 0x7f, 0xf3, 0xff, 0xff, 0xc7, 0x00, 0xc2, 
	0x3f, 0xff, 0xff, 0xff, 0xee, 0x6f, 0xff, 0xff, 0xff, 0xf0, 0xff, 0xff, 0xf9, 0xff, 0x7f, 0xe8, 
	0x1f, 0xff, 0x17, 0xff, 0xff, 0xfd, 0xff, 0xfe, 0x03, 0xe0, 0x7f, 0x07, 0xdf, 0xdf, 0x1f, 0x7e, 
	0xe7, 0x80, 0x3f, 0xc0, 0xff, 0x2a, 0x1f, 0xff, 0xff, 0xff, 0xff, 0xcc, 0x00, 0xff, 0xff, 0xf0, 
	0xff, 0xff, 0x80, 0x3f, 0xff, 0xf3, 0x8f, 0xef, 0xff, 0x80, 0x20, 0x1f, 0x87, 0xdf, 0xc0, 0x0f, 
	0xf8, 0x1d, 0xf7, 0x3b, 0xfb, 0xef, 0xc0, 0x00, 0x00, 0x07, 0xff, 0x9c, 0xc7, 0xff, 0xff, 0xff, 
	0xff, 0xe7, 0x80, 0xff, 0xff, 0xf0, 0xff, 0xf8, 0x00, 0x0f, 0xff, 0xfc, 0xf3, 0xff, 0xf3, 0xff, 
	0xff, 0xfd, 0xff, 0xff, 0xe0, 0x71, 0xc0, 0xff, 0xbd, 0xff, 0xff, 0x7f, 0x30, 0xff, 0x80, 0x7f, 
	0xff, 0xcf, 0x67, 0xff, 0xff, 0xff, 0xff, 0xf3, 0x1c, 0x3f, 0xff, 0xf0, 0xff, 0xff, 0xff, 0xc1, 
	0x92, 0x93, 0xea, 0x77, 0x9f, 0xbb, 0xff, 0xfe, 0xff, 0xff, 0x1c, 0x80, 0x3f, 0xff, 0xfc, 0x46, 
	0x18, 0x7f, 0xf0, 0x00, 0x7f, 0xff, 0xff, 0xf3, 0xe4, 0xff, 0xff, 0xff, 0xff, 0xff, 0xff, 0x7f, 
	0xff, 0xf0, 0xff, 0xff, 0xff, 0xf8, 0x43, 0xc0, 0x7f, 0xbf, 0xff, 0x83, 0xff, 0xe3, 0xcf, 0xf0, 
	0x71, 0xe1, 0xe5, 0xff, 0x04, 0xbb, 0x83, 0xcf, 0xc0, 0x0f, 0xff, 0xff, 0xff, 0xf9, 0xf3, 0x1f, 
	0xff, 0xff, 0xff, 0xfe, 0xff, 0xff, 0xff, 0xf0, 0xff, 0xff, 0xff, 0xfe, 0x39, 0xc0, 0x1f, 0x47, 
	0x0d, 0xff, 0x87, 0xfe, 0x7f, 0xff, 0xff, 0xff, 0xbf, 0xff, 0x07, 0x1c, 0x00, 0x07, 0x8f, 0xff, 
	0x7f, 0xff, 0xff, 0xfe, 0x64, 0x87, 0xff, 0xff, 0xff, 0xfe, 0x7f, 0xff, 0xff, 0xf0, 0xff, 0xff, 
	0xff, 0xff, 0x80, 0x3f, 0xe0, 0x3f, 0x1f, 0x7e, 0x00, 0x00, 0x07, 0xbe, 0xff, 0xff, 0x7b, 0xe0, 
	0x00, 0x00, 0x00, 0xb8, 0x3f, 0x7f, 0x7f, 0xef, 0xff, 0xff, 0x9f, 0x1c, 0x7f, 0xff, 0xff, 0xff, 
	0x3f, 0xff, 0xff, 0xf0, 0xff, 0xff, 0xff, 0xff, 0xc7, 0xff, 0xfe, 0x01, 0xe3, 0x80, 0x00, 0x1f, 
	0xc0, 0x77, 0xc3, 0xf9, 0x9e, 0xf0, 0x00, 0x00, 0x80, 0xe1, 0xfd, 0x9e, 0x7f, 0xcf, 0xff, 0xff, 
	0xc7, 0x64, 0x01, 0xff, 0xff, 0xff, 0xff, 0xff, 0xff, 0xf0, 0xff, 0xff, 0xff, 0xff, 0xff, 0xff, 
	0xff, 0xc0, 0x00, 0x03, 0xff, 0x00, 0x70, 0x09, 0xff, 0xe1, 0xff, 0xc0, 0x00, 0x73, 0x1c, 0x8f, 
	0xfc, 0x9c, 0x7f, 0xdf, 0xff, 0xff, 0xc7, 0xca, 0xf0, 0x07, 0xff, 0xff, 0xff, 0xff, 0xff, 0xf0, 
	0xff, 0xff, 0xff, 0xff, 0xff, 0xff, 0xff, 0xe1, 0x80, 0x00, 0x00, 0xe0, 0x80, 0x01, 0xff, 0xf0, 
	0x42, 0x38, 0x1c, 0x8f, 0xe0, 0x3f, 0xfe, 0x07, 0x7f, 0x9f, 0xff, 0xff, 0x00, 0xf8, 0x01, 0xfe, 
	0x3f, 0xff, 0xff, 0xff, 0xff, 0xf0, 0xff, 0xff, 0xff, 0xff, 0xff, 0xff, 0xff, 0xf0, 0x03, 0xc0, 
	0x00, 0x00, 0x3c, 0x00, 0x10, 0xff, 0xfc, 0xe0, 0x73, 0x3f, 0xfc, 0x7f, 0xff, 0x0f, 0x5e, 0x0f, 
	0xff, 0xfe, 0x18, 0x78, 0x00, 0x0f, 0x9f, 0xff, 0xff, 0xff, 0xff, 0xf0, 0xff, 0xff, 0xff, 0xff, 
	0xff, 0xff, 0xff, 0xfe, 0x1f, 0xff, 0xdf, 0xe0, 0x01, 0xe0, 0x01, 0x3f, 0xc0, 0x01, 0x8e, 0x3f, 
	0xff, 0x7f, 0xff, 0x8d, 0x18, 0x8f, 0xff, 0xfe, 0x3f, 0x20, 0x00, 0xf9, 0xe7, 0xff, 0xff, 0xff, 
	0xff, 0xf0, 0xff, 0xff, 0xff, 0xff, 0xff, 0xff, 0xff, 0xff, 0xff, 0xff, 0xf7, 0xff, 0xf0, 0x00, 
	0xff, 0xff, 0xff, 0x1d, 0xe1, 0x07, 0xff, 0xff, 0xff, 0xce, 0x4c, 0xff, 0xff, 0xfe, 0x7f, 0xa7, 
	0xe0, 0x01, 0x1c, 0xff, 0xff, 0xff, 0xff, 0xf0, 0xff, 0xff, 0xff, 0xff, 0xcf, 0xff, 0xff, 0xff, 
	0xff, 0xff, 0xff, 0xff, 0xf9, 0xd2, 0x3f, 0xff, 0xfc, 0x13, 0x80, 0x07, 0xff, 0xff, 0xff, 0xce, 
	0x11, 0xff, 0xff, 0xe0, 0xff, 0xa7, 0xff, 0xc0, 0xce, 0x7f, 0xff, 0xff, 0xff, 0xf0, 0xff, 0xff, 
	0xff, 0xff, 0xf3, 0xff, 0xff, 0xff, 0xff, 0xff, 0xff, 0xff, 0xfe, 0x43, 0x1f, 0xff, 0xf0, 0x0c, 
	0x00, 0x03, 0xff, 0xff, 0xff, 0xcc, 0x0f, 0xff, 0xff, 0xf9, 0xff, 0xa7, 0xff, 0xf4, 0x33, 0x9f, 
	0xff, 0xff, 0xff, 0xf0, 0xff, 0xff, 0xff, 0xff, 0xff, 0xff, 0xff, 0xff, 0xff, 0xff, 0xff, 0x7f, 
	0xff, 0x99, 0x60, 0x00, 0x04, 0x00, 0xfe, 0xc8, 0xff, 0xff, 0xff, 0xc4, 0x3f, 0xff, 0xff, 0xf7, 
	0xff, 0x8f, 0xff, 0xfd, 0xe2, 0x73, 0xff, 0xff, 0xff, 0xf0, 0xff, 0xff, 0xff, 0xff, 0xff, 0xff, 
	0xff, 0xff, 0xff, 0xff, 0xff, 0x7f, 0xff, 0xc8, 0x83, 0x00, 0x01, 0xc3, 0xfe, 0x60, 0x3f, 0xff, 
	0xff, 0xc0, 0x3f, 0xff, 0xff, 0xcf, 0xff, 0x9f, 0xff, 0xf9, 0xf1, 0x99, 0xff, 0xff, 0xff, 0xf0, 
	0xff, 0xff, 0xff, 0xff, 0xff, 0xff, 0xff, 0xff, 0xff, 0xff, 0xff, 0xff, 0xff, 0xc0, 0x62, 0x82, 
	0x06, 0x07, 0xfe, 0x64, 0x1f, 0xff, 0xff, 0x80, 0x3f, 0xff, 0xff, 0x9f, 0xff, 0xbf, 0xff, 0xf8, 
	0xfc, 0x4e, 0x7f, 0xff, 0xff, 0xf0, 0xff, 0xff, 0xff, 0xff, 0xff, 0xff, 0xff, 0xff, 0xff, 0xff, 
	0xfe, 0xec, 0xff, 0xf0, 0x00, 0x00, 0x90, 0xff, 0xff, 0x36, 0x2f, 0xff, 0xff, 0x81, 0x03, 0xff, 
	0xff, 0xff, 0xff, 0xff, 0xff, 0xfc, 0x7f, 0x89, 0xdf, 0xdf, 0xff, 0xf0, 0xff, 0xff, 0xff, 0xff, 
	0xff, 0xff, 0xff, 0xff, 0xff, 0xff, 0xfe, 0xe1, 0xff, 0xf8, 0x00, 0x01, 0xeb, 0xff, 0xff, 0x97, 
	0x03, 0xff, 0xff, 0x02, 0x07, 0xff, 0xff, 0xff, 0xff, 0xff, 0xff, 0xfe, 0x7f, 0xc6, 0x6f, 0xef, 
	0xff, 0xf0, 0xff, 0xff, 0xff, 0xff, 0xff, 0xff, 0xff, 0xff, 0xff, 0xff, 0xfd, 0x87, 0xff, 0xff, 
	0xff, 0xfc, 0xf7, 0xff, 0xff, 0xc9, 0x81, 0xff, 0xfc, 0x12, 0x7f, 0xff, 0xff, 0xff, 0xff, 0xff, 
	0xff, 0xff, 0x3f, 0xf0, 0x3f, 0xe7, 0xff, 0xf0, 0xff, 0xff, 0xff, 0xff, 0xff, 0xff, 0xff, 0xff, 
	0xff, 0xff, 0xf0, 0x1f, 0xff, 0xff, 0xff, 0xfe, 0x67, 0xff, 0x80, 0x07, 0x22, 0x00, 0x20, 0x15, 
	0xff, 0xff, 0xff, 0xff, 0xff, 0xff, 0xff, 0xff, 0x1f, 0xff, 0xff, 0xff, 0xff, 0xf0, 0xff, 0xff, 
	0xff, 0xff, 0xff, 0xff, 0xff, 0xff, 0xff, 0xff, 0xf3, 0xff, 0xff, 0xff, 0xff, 0xfd, 0xc7, 0xff, 
	0xce, 0x79, 0xf0, 0x00, 0x00, 0x97, 0xff, 0xff, 0xff, 0xff, 0xcf, 0xff, 0xff, 0xff, 0x9f, 0xff, 
	0xff, 0xff, 0xff, 0xf0, 0xff, 0xf8, 0x8f, 0xff, 0xff, 0xff, 0xff, 0xff, 0xff, 0xff, 0xc7, 0xff, 
	0xff, 0xff, 0xf0, 0x00, 0x87, 0xfe, 0x00, 0x00, 0xf8, 0x00, 0x00, 0x82, 0x03, 0xff, 0xff, 0xf7, 
	0xbf, 0xff, 0xff, 0xff, 0xff, 0xff, 0xff, 0xff, 0xff, 0xf0, 0xff, 0xff, 0xf5, 0xff, 0xff, 0xff, 
	0xff, 0xff, 0xff, 0xf8, 0x0f, 0xff, 0xff, 0xff, 0xff, 0xf6, 0x67, 0xff, 0xff, 0xe8, 0x90, 0x20, 
	0x60, 0x27, 0xff, 0xc7, 0xff, 0xfc, 0x3f, 0xff, 0xff, 0xff, 0xff, 0xff, 0xff, 0xff, 0xff, 0xf0, 
	0xff, 0xff, 0xff, 0xff, 0xff, 0xff, 0xff, 0xf8, 0x00, 0x30, 0x03, 0xff, 0xff, 0xff, 0xff, 0xfd, 
	0xe7, 0xff, 0xff, 0xe8, 0xe8, 0x00, 0x00, 0x2f, 0xff, 0xf8, 0x00, 0x01, 0xff, 0xff, 0xff, 0xff, 
	0xff, 0xff, 0xff, 0xff, 0xff, 0xf0, 0xff, 0xff, 0xfd, 0xef, 0xff, 0xff, 0xff, 0xff, 0xfc, 0x00, 
	0xff, 0xff, 0xff, 0xff, 0xff, 0xe1, 0xe7, 0xff, 0xff, 0xe9, 0xe4, 0x00, 0x1f, 0x27, 0xff, 0xff, 
	0xff, 0xff, 0xf8, 0x7f, 0xff, 0xff, 0xff, 0xff, 0xff, 0xff, 0xff, 0xf0, 0xff, 0xff, 0xff, 0x67, 
	0xff, 0xff, 0xf7, 0xff, 0xff, 0xe3, 0xc7, 0xff, 0xff, 0xff, 0xf0, 0x0f, 0xe7, 0xff, 0xff, 0xc3, 
	0xfb, 0x0f, 0xe0, 0x03, 0xff, 0xff, 0xff, 0xff, 0xef, 0xff, 0xff, 0xff, 0xff, 0xff, 0xff, 0xff, 
	0xff, 0xf0, 0xff, 0xf9, 0xff, 0xcb, 0xff, 0xff, 0x8f, 0xff, 0xff, 0xfc, 0xff, 0xff, 0xff, 0xff, 
	0x80, 0x00, 0x00, 0xff, 0xff, 0xc7, 0xfe, 0xc1, 0xf8, 0x18, 0x7f, 0xff, 0xff, 0xff, 0x1f, 0xff, 
	0xff, 0xff, 0xff, 0xff, 0xff, 0xff, 0xff, 0xf0, 0xff, 0xc0, 0x7f, 0xab, 0xff, 0xfc, 0x7f, 0xff, 
	0xff, 0xfe, 0x0f, 0xff, 0x83, 0xe0, 0x00, 0x7f, 0xff, 0xff, 0xfe, 0x07, 0xff, 0xcf, 0xff, 0x1f, 
	0xff, 0xff, 0xff, 0xff, 0x7f, 0xff, 0xff, 0xff, 0xff, 0xff, 0xff, 0xff, 0xff, 0xf0, 0xff, 0xfb, 
	0x9f, 0xd2, 0x27, 0xff, 0xff, 0xff, 0xff, 0xff, 0xff, 0xfc, 0x01, 0xff, 0xff, 0xff, 0xff, 0xff, 
	0xf1, 0xff, 0xff, 0x63, 0xff, 0xff, 0xf8, 0x1f, 0xff, 0xfe, 0xff, 0xff, 0xff, 0xff, 0xff, 0xff, 
	0xff, 0xff, 0xff, 0xf0, 0xff, 0xfd, 0xff, 0xd7, 0x1f, 0xff, 0xff, 0xff, 0xff, 0xff, 0xfd, 0xff, 
	0x83, 0xff, 0xff, 0xff, 0xff, 0xfe, 0x0c, 0x3f, 0xff, 0x71, 0xff, 0x1f, 0xff, 0xff, 0xe0, 0x00, 
	0xff, 0xff, 0xff, 0xff, 0xff, 0xff, 0xff, 0xff, 0xff, 0xf0, 0xff, 0xfc, 0xf0, 0x64, 0x7f, 0xff, 
	0xff, 0xff, 0xff, 0xff, 0xff, 0x00, 0x7f, 0xff, 0xff, 0xff, 0x87, 0xfc, 0x01, 0xff, 0xf9, 0x03, 
	0xc1, 0xff, 0xff, 0xff, 0xff, 0xfe, 0x7f, 0xff, 0xff, 0xff, 0xff, 0xff, 0xff, 0xff, 0xff, 0xf0, 
	0xff, 0xff, 0x8f, 0xa7, 0xdd, 0xff, 0xff, 0xff, 0xff, 0xff, 0xff, 0xff, 0xff, 0xff, 0xff, 0xfe, 
	0xff, 0xff, 0xff, 0xff, 0xfe, 0x01, 0xff, 0xff, 0xff, 0xff, 0xff, 0xff, 0xff, 0xff, 0xff, 0xff, 
	0xff, 0xff, 0xff, 0xff, 0xff, 0xf0, 0xff, 0xff, 0xff, 0xaf, 0xeb, 0xff, 0xff, 0xff, 0xff, 0xff, 
	0xff, 0xff, 0xff, 0xff, 0xff, 0xff, 0x80, 0xff, 0xff, 0x03, 0xff, 0xff, 0xff, 0xfc, 0x00, 0x3f, 
	0xff, 0xff, 0xff, 0xff, 0xff, 0xff, 0xff, 0xff, 0xff, 0xff, 0xff, 0xf0, 0xff, 0xff, 0xff, 0x8f, 
	0xfe, 0xff, 0xff, 0xff, 0xff, 0xff, 0xff, 0xff, 0xff, 0xff, 0xff, 0xff, 0xff, 0x03, 0xff, 0xff, 
	0xff, 0x5f, 0xff, 0xff, 0xff, 0xff, 0xff, 0xff, 0xff, 0xff, 0xff, 0xff, 0xff, 0xff, 0xff, 0xff, 
	0xff, 0xf0, 0x0f, 0xff, 0xff, 0xbf, 0xff, 0xff, 0xff, 0xff, 0xff, 0xff, 0xff, 0xff, 0xf1, 0x87, 
	0xff, 0xff, 0xff, 0xff, 0xff, 0xff, 0xff, 0xff, 0xff, 0xf8, 0x00, 0x00, 0x07, 0xff, 0xff, 0xff, 
	0xff, 0x3f, 0xff, 0xff, 0xff, 0xff, 0xff, 0xf0, 0xe3, 0xff, 0xff, 0xff, 0xff, 0xff, 0xff, 0xff, 
	0xfd, 0xff, 0xff, 0xff, 0xff, 0xff, 0x01, 0xff, 0xff, 0xff, 0xff, 0xff, 0xff, 0xff, 0xff, 0xff, 
	0xff, 0xff, 0xf3, 0xff, 0xff, 0xff, 0xff, 0xc1, 0xff, 0xff, 0xff, 0xff, 0xff, 0xf0, 0xfd, 0xff, 
	0xff, 0xff, 0xff, 0xff, 0xff, 0xff, 0xff, 0xff, 0xff, 0xff, 0xff, 0x07, 0x01, 0xff, 0xff, 0xff, 
	0xff, 0xff, 0xff, 0xff, 0xff, 0x00, 0x1f, 0xff, 0xe7, 0xff, 0xff, 0xff, 0xff, 0xfe, 0x3f, 0xff, 
	0xff, 0xff, 0xff, 0xf0, 0xff, 0x78, 0x00, 0xff, 0xff, 0xff, 0xff, 0xff, 0xff, 0xff, 0xff, 0xff, 
	0xff, 0xff, 0xff, 0xff, 0xff, 0xff, 0xff, 0xff, 0xff, 0xff, 0xff, 0xff, 0xff, 0xc0, 0xff, 0xff, 
	0xff, 0xff, 0xff, 0xff, 0xff, 0xff, 0xff, 0xff, 0xff, 0xf0, 0xff, 0xe3, 0xfe, 0x7f, 0xff, 0xff, 
	0xff, 0xff, 0xff, 0xff, 0xff, 0xff, 0xf0, 0x77, 0xff, 0xff, 0xff, 0xff, 0xff, 0xff, 0xff, 0xff, 
	0xff, 0xff, 0xe0, 0x3f, 0xff, 0xff, 0xff, 0xff, 0xff, 0xff, 0xff, 0xff, 0xff, 0xff, 0xff, 0xf0, 
	0xff, 0xcf, 0xff, 0x37, 0xff, 0xff, 0xff, 0xff, 0xff, 0xff, 0xff, 0xff, 0x8e, 0xff, 0xff, 0xff, 
	0xff, 0xff, 0xff, 0xff, 0xff, 0xff, 0xff, 0xfc, 0x0f, 0xff, 0xff, 0xff, 0xff, 0xff, 0xff, 0xff, 
	0xff, 0xff, 0xff, 0xff, 0xff, 0xf0, 0xdf, 0x3f, 0xff, 0xcf, 0xff, 0xff, 0xff, 0xff, 0xff, 0xff, 
	0xf7, 0xff, 0xfe, 0xff, 0xff, 0xff, 0xff, 0xff, 0xff, 0xff, 0xff, 0xff, 0xff, 0x1f, 0xff, 0xff, 
	0xff, 0xff, 0xff, 0xff, 0xff, 0xff, 0xff, 0xff, 0xff, 0xff, 0xff, 0xf0, 0xee, 0xe0, 0x01, 0xdf, 
	0xff, 0xff, 0xff, 0x00, 0x7f, 0xff, 0xfb, 0xff, 0xff, 0x1f, 0xff, 0xff, 0xff, 0xff, 0xff, 0xff, 
	0xff, 0xff, 0xf8, 0xff, 0xff, 0xff, 0xff, 0xff, 0xff, 0xff, 0xff, 0xff, 0xff, 0xff, 0xff, 0xff, 
	0xff, 0xf0, 0xfc, 0x1f, 0xfc, 0x6f, 0xff, 0xff, 0xfe, 0xff, 0x1f, 0x80, 0x79, 0x9f, 0xff, 0xef, 
	0xff, 0xff, 0xff, 0xff, 0xfd, 0xff, 0xff, 0xff, 0xff, 0xff, 0xff, 0xff, 0xff, 0xff, 0xff, 0xff, 
	0xff, 0xff, 0xff, 0xff, 0xff, 0x1f, 0xff, 0xf0, 0x3f, 0xff, 0xff, 0x8f, 0xe0, 0x00, 0xff, 0xff, 
	0xf0, 0x7f, 0xd7, 0xfd, 0xff, 0x80, 0xff, 0xff, 0xff, 0xf3, 0xf3, 0xc0, 0xff, 0xff, 0xfc, 0x3f, 
	0x7f, 0xff, 0xff, 0xff, 0xff, 0xff, 0xff, 0xff, 0xff, 0xff, 0xff, 0xff, 0xff, 0xf0, 0xff, 0xff, 
	0xff, 0xef, 0xdf, 0xff, 0x3f, 0xff, 0xf9, 0xff, 0xcc, 0xfe, 0x7c, 0x39, 0xff, 0xff, 0xff, 0xef, 
	0xfc, 0x3f, 0x7f, 0xff, 0xff, 0xe7, 0xff, 0xff, 0xff, 0xff, 0xff, 0xff, 0xff, 0xff, 0xff, 0xff, 
	0xff, 0xff, 0xff, 0xf0, 0xff, 0xff, 0xff, 0xff, 0xbf, 0xff, 0xc7, 0xff, 0xf3, 0xff, 0xe5, 0x9f, 
	0x91, 0xff, 0xff, 0xff, 0xff, 0xff, 0xfe, 0xff, 0xff, 0xff, 0xff, 0xff, 0xbf, 0xff, 0xff, 0xff, 
	0xff, 0xff, 0xff, 0xff, 0xff, 0xff, 0xff, 0xff, 0xff, 0xf0, 0xff, 0xff, 0xff, 0xfe, 0xff, 0xff, 
	0xff, 0xff, 0xff, 0xbf, 0x0e, 0x03, 0xcf, 0xff, 0xff, 0xff, 0xff, 0xc0, 0x7b, 0xff, 0xff, 0xff, 
	0xff, 0xfd, 0xff, 0xff, 0xff, 0xff, 0xff, 0xff, 0xff, 0xff, 0xff, 0xff, 0xff, 0xff, 0xff, 0xf0, 
	0xff, 0xff, 0xff, 0xff, 0xff, 0xff, 0xff, 0xff, 0xdf, 0xff, 0x09, 0x9f, 0x9f, 0x87, 0xff, 0xff, 
	0xff, 0xef, 0xff, 0xff, 0xff, 0xff, 0xff, 0xff, 0xff, 0xff, 0xff, 0xff, 0xff, 0xff, 0xff, 0xff, 
	0xff, 0xff, 0xff, 0xff, 0xff, 0xf0, 0xff, 0xff, 0xff, 0xff, 0xff, 0xff, 0xff, 0xff, 0xff, 0xff, 
	0xff, 0x9f, 0xfe, 0x7e, 0xff, 0xff, 0xff, 0xff, 0xff, 0xff, 0xff, 0xff, 0xff, 0xff, 0xff, 0xff, 
	0xff, 0xff, 0xff, 0xff, 0xff, 0xff, 0xff, 0xff, 0xff, 0xff, 0xff, 0xf0, 0xff, 0xff, 0xff, 0xff, 
	0xff, 0xff, 0xff, 0xff, 0xff, 0xff, 0xff, 0xff, 0xff, 0xff, 0xff, 0xff, 0xff, 0xff, 0xff, 0xff, 
	0xff, 0xff, 0xff, 0xff, 0xff, 0xff, 0xff, 0xff, 0xff, 0xff, 0xff, 0xff, 0xff, 0xff, 0xff, 0xff, 
	0xff, 0xf0, 0xff, 0xff, 0xff, 0xff, 0xff, 0xff, 0xff, 0xff, 0xff, 0xff, 0xff, 0xff, 0xff, 0xff, 
	0xff, 0xff, 0xff, 0xff, 0xff, 0xff, 0xff, 0xff, 0xff, 0xff, 0xff, 0xff, 0xff, 0xff, 0xff, 0xff, 
	0xff, 0xff, 0xff, 0xff, 0xff, 0xff, 0xff, 0xf0
};

// 'path', 300x169px
const unsigned char epd_bitmap_path [] PROGMEM = {
	0xff, 0xff, 0xff, 0xff, 0xff, 0xff, 0xff, 0xff, 0xff, 0xff, 0xff, 0xff, 0xff, 0xff, 0xff, 0xff, 
	0xef, 0xff, 0xff, 0xff, 0xff, 0xff, 0xff, 0xdf, 0xff, 0xff, 0xff, 0xff, 0xff, 0xff, 0xff, 0xff, 
	0xef, 0xff, 0xff, 0xff, 0xff, 0xf0, 0xff, 0xff, 0xff, 0xff, 0xff, 0xff, 0xff, 0xff, 0xff, 0xff, 
	0xff, 0xff, 0xff, 0xff, 0xff, 0xff, 0xf7, 0xff, 0xff, 0xff, 0xff, 0xfe, 0xff, 0xdf, 0xff, 0xff, 
	0xff, 0xff, 0xff, 0xff, 0xff, 0xff, 0xff, 0xff, 0xff, 0xff, 0xff, 0xf0, 0xff, 0xff, 0xff, 0xff, 
	0xff, 0xff, 0xff, 0xff, 0x7f, 0xff, 0xff, 0xff, 0xff, 0xff, 0xff, 0xff, 0xff, 0xff, 0xff, 0xff, 
	0xff, 0xff, 0x7f, 0xdf, 0xff, 0xff, 0xbf, 0xff, 0xff, 0xff, 0xff, 0xff, 0xdf, 0xff, 0xff, 0xf7, 
	0xbf, 0xf0, 0xff, 0xff, 0xff, 0xff, 0xf7, 0xff, 0xff, 0xff, 0xbf, 0xff, 0xff, 0xff, 0xff, 0xff, 
	0xff, 0xff, 0xfb, 0xff, 0xff, 0xff, 0xff, 0xff, 0x7f, 0xdf, 0xff, 0xff, 0xff, 0xfb, 0xff, 0xff, 
	0xff, 0xff, 0xdf, 0xff, 0xff, 0xfc, 0x7f, 0xf0, 0xff, 0xff, 0xff, 0xff, 0xf3, 0xff, 0x7f, 0xff, 
	0xbf, 0xbf, 0xff, 0xff, 0xff, 0xff, 0xff, 0xff, 0xfd, 0xff, 0xff, 0xff, 0xff, 0xfe, 0x7f, 0xdf, 
	0xff, 0xff, 0xdf, 0xfb, 0xff, 0xff, 0xff, 0xff, 0xdf, 0xff, 0xff, 0xff, 0xff, 0xf0, 0xff, 0xff, 
	0xff, 0xff, 0xf7, 0xff, 0x7f, 0xff, 0xff, 0xef, 0xff, 0xff, 0xff, 0xff, 0xff, 0xff, 0xff, 0xff, 
	0xff, 0xbf, 0xff, 0xff, 0xbf, 0xdf, 0xff, 0xff, 0xff, 0xff, 0xff, 0xff, 0xfb, 0xff, 0xbf, 0xff, 
	0xff, 0xff, 0xff, 0xf0, 0xff, 0xef, 0xff, 0xff, 0xf7, 0xff, 0x7f, 0xff, 0xff, 0xff, 0xff, 0xdf, 
	0xff, 0xff, 0xff, 0xff, 0xff, 0x7f, 0xff, 0xbf, 0xff, 0xfd, 0xff, 0xdf, 0xff, 0xff, 0xff, 0x7f, 
	0xff, 0xff, 0xff, 0xff, 0xbf, 0xff, 0xff, 0xff, 0xff, 0x70, 0xff, 0xef, 0xff, 0xff, 0xf7, 0x7f, 
	0x7f, 0xff, 0xef, 0xf3, 0xff, 0xdf, 0xff, 0xff, 0xff, 0xff, 0xff, 0x7f, 0xff, 0x7f, 0xff, 0xfd, 
	0xdf, 0xdf, 0xff, 0xff, 0xff, 0x7e, 0xff, 0xff, 0xff, 0xff, 0xbf, 0xff, 0xff, 0xff, 0xff, 0x70, 
	0xff, 0xf7, 0xfd, 0xff, 0xf7, 0xbf, 0xff, 0xff, 0xf7, 0xff, 0xff, 0xdf, 0xfd, 0xff, 0xff, 0xff, 
	0xdf, 0xdf, 0xfe, 0xff, 0xff, 0xf7, 0xdf, 0xdf, 0xff, 0xff, 0xfd, 0xbf, 0xfe, 0xff, 0xff, 0xff, 
	0x7f, 0xff, 0xff, 0xff, 0xff, 0xf0, 0xef, 0xf7, 0xfd, 0xff, 0xf6, 0x7f, 0xff, 0xff, 0xfb, 0xff, 
	0xff, 0xff, 0xfb, 0xff, 0xff, 0xff, 0xff, 0xdf, 0xfe, 0xff, 0xff, 0xf7, 0xdf, 0xdf, 0xff, 0xff, 
	0xff, 0xdf, 0xff, 0xff, 0xff, 0xff, 0x7f, 0xff, 0xff, 0xff, 0xff, 0xf0, 0xef, 0xff, 0xfd, 0xff, 
	0xf5, 0x9f, 0xff, 0xff, 0xff, 0xff, 0xff, 0xff, 0xf6, 0xff, 0xff, 0xff, 0xff, 0xff, 0xff, 0xff, 
	0xff, 0xff, 0xef, 0xdf, 0xff, 0xff, 0xfb, 0xff, 0xff, 0xff, 0xff, 0xfd, 0x7f, 0xfb, 0xff, 0xff, 
	0xfd, 0x70, 0xef, 0xff, 0xfd, 0xff, 0xe3, 0xff, 0xb7, 0xff, 0xfd, 0xff, 0xff, 0xbf, 0xbf, 0xff, 
	0xff, 0xff, 0xbf, 0xef, 0xfd, 0xff, 0xff, 0xdf, 0xff, 0xdb, 0xfe, 0x7f, 0xf7, 0xff, 0xfe, 0xff, 
	0xff, 0xff, 0xff, 0xff, 0xff, 0xff, 0xf7, 0xf0, 0x8f, 0xbb, 0xfd, 0xff, 0xd7, 0xff, 0xb7, 0xff, 
	0xfd, 0xff, 0xbf, 0xbf, 0x77, 0xff, 0xff, 0xff, 0xbf, 0xf7, 0xfd, 0xff, 0xff, 0xbf, 0xff, 0xdb, 
	0xff, 0xfb, 0xf7, 0xff, 0xff, 0xff, 0xff, 0xfe, 0xff, 0xff, 0xff, 0xff, 0xff, 0xf0, 0xcf, 0xbb, 
	0xfd, 0xff, 0xdf, 0xff, 0xb7, 0xff, 0xfe, 0xff, 0x7f, 0xbf, 0xff, 0xff, 0xff, 0xff, 0x7f, 0xfb, 
	0xfb, 0xff, 0xff, 0xff, 0xff, 0x7b, 0xff, 0xff, 0xef, 0xff, 0xff, 0xff, 0xff, 0xfe, 0xff, 0xff, 
	0xff, 0xff, 0xfd, 0xf0, 0xff, 0xbd, 0xfd, 0xef, 0xff, 0xff, 0xb7, 0xff, 0xff, 0x7f, 0xff, 0xbf, 
	0xff, 0xe7, 0x7f, 0xfe, 0xff, 0xfd, 0xfb, 0xff, 0xff, 0x7f, 0xfb, 0xbd, 0xeb, 0xff, 0xdf, 0xff, 
	0xfd, 0xff, 0xff, 0xfd, 0xff, 0xff, 0xff, 0xff, 0x77, 0xf0, 0xfb, 0xbe, 0xfd, 0xff, 0xff, 0x7f, 
	0xbf, 0xff, 0xff, 0x7e, 0xfb, 0x7f, 0xff, 0xcf, 0x7f, 0xfe, 0xff, 0xfe, 0xf7, 0xff, 0xfe, 0xff, 
	0xfb, 0xb9, 0xd7, 0xff, 0xdf, 0xff, 0xfd, 0xff, 0xff, 0xfd, 0xff, 0xff, 0xff, 0xff, 0xef, 0xf0, 
	0xfd, 0xbe, 0xfd, 0xf7, 0xbf, 0xbf, 0xbf, 0xff, 0xff, 0xf3, 0x56, 0x7f, 0xff, 0xbf, 0x7f, 0xfe, 
	0xff, 0xff, 0x77, 0xff, 0xfd, 0xff, 0xfd, 0xbd, 0xbf, 0xff, 0xbf, 0xff, 0xf9, 0xff, 0xff, 0xfd, 
	0xff, 0xff, 0xff, 0xfb, 0x7f, 0xf0, 0xfa, 0x3e, 0xfd, 0xfd, 0x7f, 0xdf, 0xff, 0xff, 0xff, 0xbf, 
	0xdf, 0xff, 0xbf, 0x7f, 0xff, 0xff, 0xff, 0xff, 0xbf, 0xff, 0xff, 0xff, 0xff, 0xbd, 0x5f, 0xff, 
	0x7f, 0xff, 0xff, 0xff, 0xef, 0xfb, 0xff, 0xff, 0xff, 0xf7, 0xff, 0xf0, 0xfd, 0x3e, 0xfd, 0xfd, 
	0x7f, 0xff, 0xff, 0xff, 0xff, 0x8f, 0xe6, 0xff, 0xbf, 0x7f, 0xef, 0xff, 0xff, 0xff, 0xbf, 0xff, 
	0xff, 0xff, 0xdd, 0xfc, 0xdf, 0xff, 0xff, 0xff, 0xff, 0xff, 0xff, 0xff, 0xff, 0xff, 0xff, 0xeb, 
	0xff, 0xf0, 0xff, 0xbf, 0xfd, 0xff, 0x7f, 0xff, 0xf7, 0xff, 0xff, 0xd5, 0xfb, 0xff, 0xbf, 0xff, 
	0xff, 0xfd, 0xff, 0xff, 0xdf, 0xff, 0xfb, 0xff, 0xdd, 0xbd, 0xbf, 0xef, 0xff, 0xff, 0xff, 0xff, 
	0xff, 0xff, 0xff, 0xff, 0xff, 0xff, 0xff, 0xf0, 0xff, 0x7f, 0xfd, 0xff, 0x7f, 0xef, 0xff, 0xdf, 
	0xff, 0xdf, 0x8a, 0xff, 0xa7, 0xfb, 0xcf, 0xfd, 0xff, 0xff, 0xff, 0xff, 0xf7, 0xff, 0xe7, 0xbb, 
	0xff, 0xfe, 0xff, 0xff, 0xfd, 0xff, 0xfa, 0xf7, 0xff, 0xdf, 0xff, 0xd7, 0xff, 0xf0, 0xff, 0xbf, 
	0xfd, 0xff, 0xbf, 0xf7, 0xff, 0xdf, 0xff, 0xef, 0xfe, 0xff, 0xbf, 0xff, 0xff, 0xfb, 0xff, 0xff, 
	0xf7, 0xff, 0xf7, 0xff, 0xe7, 0xbb, 0x3f, 0xfd, 0xff, 0xff, 0xff, 0xff, 0xff, 0xf7, 0xff, 0xff, 
	0xff, 0xaf, 0xff, 0xf0, 0xff, 0xff, 0xfd, 0xfd, 0xff, 0xf7, 0xff, 0xdf, 0xff, 0xef, 0xfe, 0xff, 
	0xbf, 0xdf, 0xff, 0xfb, 0xff, 0xdf, 0xfb, 0xff, 0xef, 0xff, 0xef, 0xbe, 0x1f, 0xff, 0xff, 0x7f, 
	0xff, 0xff, 0xff, 0xf7, 0xff, 0xff, 0xff, 0xaf, 0xff, 0xf0, 0xff, 0xef, 0xfd, 0xf5, 0x87, 0xfb, 
	0xff, 0xdf, 0xff, 0xef, 0xfe, 0xff, 0xbf, 0xfc, 0xff, 0xf7, 0xff, 0xff, 0xef, 0xff, 0xff, 0xfb, 
	0xb3, 0x7e, 0xb7, 0xbf, 0xfe, 0xff, 0xff, 0xfe, 0xf9, 0xef, 0xff, 0xff, 0xff, 0xff, 0xff, 0xf0, 
	0xff, 0xf7, 0xfd, 0xf5, 0xef, 0xff, 0xff, 0xdf, 0xff, 0xff, 0xfe, 0xff, 0xbf, 0xff, 0xff, 0xf7, 
	0xff, 0xef, 0xee, 0xff, 0xdf, 0xfd, 0xf7, 0x7d, 0xbf, 0x3f, 0xfe, 0xff, 0xbf, 0xff, 0xfb, 0xef, 
	0xff, 0xff, 0xfc, 0xdf, 0xff, 0xf0, 0xff, 0xf7, 0xfd, 0xf5, 0x47, 0xff, 0xff, 0xdf, 0xff, 0xff, 
	0xfe, 0xff, 0xbf, 0xff, 0xff, 0xff, 0xfb, 0xef, 0xef, 0x7f, 0xdf, 0xff, 0xf5, 0xfd, 0xb7, 0x7f, 
	0xfe, 0xff, 0xf7, 0xff, 0xb7, 0x5f, 0xff, 0xff, 0xf3, 0x9f, 0xff, 0xf0, 0xff, 0xfb, 0xfd, 0xff, 
	0xbb, 0xfe, 0xff, 0xef, 0xff, 0xff, 0xff, 0xff, 0xbf, 0xff, 0xff, 0xef, 0xfd, 0xf7, 0xef, 0xff, 
	0xbf, 0xff, 0xf6, 0xff, 0xbf, 0xff, 0xfe, 0xff, 0xbf, 0xff, 0xed, 0xdf, 0xff, 0xfe, 0x7b, 0xbf, 
	0xff, 0xf0, 0xff, 0xfd, 0xff, 0xff, 0x9b, 0xfe, 0xff, 0xef, 0xff, 0xf7, 0xff, 0xff, 0xcf, 0xff, 
	0xff, 0xef, 0xfe, 0xfb, 0xdf, 0xff, 0x7f, 0xff, 0xd6, 0xfb, 0x35, 0xff, 0xfe, 0xff, 0xaf, 0xff, 
	0xff, 0xdf, 0xff, 0xf9, 0xcf, 0xff, 0xff, 0xf0, 0xff, 0xfe, 0xff, 0xff, 0x1d, 0xff, 0x7f, 0xef, 
	0xff, 0xf7, 0xfe, 0xff, 0xdf, 0xff, 0xff, 0xef, 0xff, 0x7b, 0xdf, 0xff, 0x7f, 0xfe, 0x9f, 0xff, 
	0x73, 0xff, 0xfe, 0xff, 0xbf, 0xff, 0xff, 0xff, 0xff, 0xf7, 0x3f, 0xbf, 0xff, 0xf0, 0xff, 0xff, 
	0xff, 0xff, 0x7d, 0xff, 0xff, 0xef, 0xff, 0xf7, 0xff, 0xff, 0xdf, 0xff, 0xff, 0xdf, 0xff, 0xdf, 
	0xdf, 0xff, 0xff, 0xff, 0xaf, 0xee, 0xf7, 0xff, 0xfd, 0xff, 0xbf, 0xff, 0xff, 0xbf, 0xff, 0x8f, 
	0xff, 0xff, 0xff, 0xf0, 0xff, 0xff, 0x7f, 0xff, 0x7e, 0xff, 0xff, 0xf7, 0xff, 0xf7, 0xff, 0xff, 
	0xdf, 0xff, 0xff, 0xbf, 0xff, 0xfd, 0xdf, 0xfe, 0xff, 0xff, 0xaf, 0xfe, 0xf7, 0xff, 0xfd, 0xff, 
	0xbf, 0xff, 0xff, 0xbf, 0xff, 0xef, 0xff, 0xff, 0xff, 0xf0, 0xff, 0xff, 0xbf, 0xfe, 0xff, 0xff, 
	0xbf, 0xf7, 0xff, 0xf7, 0xff, 0xff, 0xdf, 0xff, 0xff, 0xbf, 0xff, 0xed, 0xdf, 0xfe, 0xff, 0xff, 
	0xab, 0xfd, 0xf7, 0xff, 0xff, 0xff, 0xbf, 0xff, 0xff, 0xbf, 0xff, 0xdd, 0xff, 0xbf, 0xff, 0xf0, 
	0xf3, 0xff, 0xdf, 0xfe, 0xff, 0x7f, 0xdf, 0xf7, 0xff, 0xf7, 0xff, 0xff, 0xdf, 0xff, 0xff, 0xff, 
	0xff, 0xfa, 0xdf, 0xfd, 0xff, 0xff, 0xb5, 0xfd, 0x7f, 0xff, 0xff, 0xff, 0xff, 0xff, 0xff, 0x7f, 
	0xff, 0xb7, 0xff, 0xbf, 0xff, 0xf0, 0xfb, 0xff, 0xff, 0xff, 0xff, 0xbf, 0xef, 0xf6, 0xff, 0xf7, 
	0xff, 0xff, 0xdf, 0xff, 0xff, 0xff, 0xff, 0xff, 0x5f, 0xfd, 0xff, 0xff, 0xb4, 0xfd, 0x7e, 0xff, 
	0xff, 0x7f, 0xff, 0xff, 0xbf, 0x7f, 0xff, 0xbf, 0xff, 0xff, 0xff, 0xf0, 0xfb, 0xff, 0xff, 0xff, 
	0xff, 0xbf, 0xef, 0xf6, 0xff, 0xf7, 0xfd, 0xff, 0xdf, 0xff, 0xff, 0x7f, 0xff, 0xff, 0x5f, 0xfb, 
	0xff, 0xff, 0xbe, 0xfe, 0xed, 0xff, 0xfb, 0xff, 0xff, 0xff, 0xbf, 0x7f, 0xff, 0xff, 0xff, 0xff, 
	0xff, 0xf0, 0xf9, 0xff, 0xef, 0xff, 0xff, 0xdf, 0xff, 0xfe, 0x7f, 0xf7, 0xfd, 0xff, 0xc7, 0xff, 
	0xff, 0x7f, 0xff, 0xff, 0xdf, 0xfb, 0xff, 0xff, 0xbf, 0xfc, 0x9d, 0x7f, 0xef, 0xff, 0xff, 0xff, 
	0x7e, 0xff, 0xff, 0x7f, 0xfe, 0xff, 0xff, 0xf0, 0xfb, 0xff, 0xef, 0xfd, 0xff, 0xff, 0xf7, 0xff, 
	0xbf, 0xff, 0xfd, 0xff, 0xcf, 0xff, 0xfe, 0xff, 0xff, 0xff, 0x9f, 0xff, 0xff, 0xff, 0xbf, 0xfd, 
	0xbf, 0xff, 0xff, 0xff, 0xff, 0xfe, 0xfe, 0xff, 0xff, 0x5f, 0xfd, 0xff, 0xff, 0xf0, 0xfd, 0xff, 
	0xf7, 0xfd, 0xff, 0xef, 0xf7, 0xff, 0x5f, 0xff, 0xfd, 0xff, 0xef, 0xff, 0xfe, 0xff, 0xff, 0xff, 
	0xbf, 0xff, 0xff, 0xff, 0xbf, 0xed, 0xef, 0xff, 0xdf, 0xff, 0xff, 0xfe, 0xfe, 0xff, 0xfe, 0xbf, 
	0xfd, 0xf4, 0xff, 0xf0, 0xfc, 0xff, 0xff, 0xf5, 0xff, 0xf7, 0xfb, 0xff, 0xbf, 0xff, 0xff, 0xff, 
	0xff, 0xff, 0xfd, 0xff, 0xff, 0xff, 0xdf, 0xfe, 0xff, 0xff, 0xbf, 0xff, 0xdf, 0xf7, 0xff, 0xff, 
	0xff, 0xff, 0xfe, 0xff, 0xff, 0xfb, 0xfd, 0xff, 0xff, 0xf0, 0xfc, 0xff, 0xff, 0xfd, 0xff, 0xff, 
	0xbf, 0xff, 0xcf, 0xff, 0xff, 0xff, 0xef, 0xff, 0xfd, 0xff, 0xff, 0xff, 0xdf, 0xfe, 0xff, 0xff, 
	0xbf, 0xfe, 0xbf, 0xdf, 0xff, 0xff, 0xbf, 0xfb, 0xfe, 0xff, 0xfb, 0x7d, 0xfd, 0x7f, 0xff, 0xf0, 
	0xfd, 0x7f, 0xf7, 0xfb, 0xff, 0xfb, 0xbf, 0xff, 0xd7, 0xff, 0xff, 0xff, 0xef, 0xfb, 0xfd, 0xff, 
	0xff, 0xff, 0xef, 0xff, 0xff, 0xff, 0xbf, 0xfe, 0xff, 0xbb, 0xff, 0xff, 0xbf, 0xfb, 0xfe, 0xff, 
	0xf6, 0xfd, 0xf8, 0x7f, 0xff, 0xf0, 0xff, 0xbf, 0xf7, 0xeb, 0xff, 0xff, 0xbf, 0xff, 0xfb, 0xff, 
	0xfb, 0xff, 0xef, 0xb5, 0xfd, 0xff, 0xff, 0xff, 0xff, 0xff, 0x7f, 0xff, 0xbf, 0xff, 0xfe, 0xe7, 
	0xff, 0xff, 0xbf, 0xef, 0xfe, 0xff, 0xff, 0xfb, 0xfb, 0xef, 0x90, 0xf0, 0xff, 0xbf, 0xf7, 0xe7, 
	0xff, 0xff, 0xdf, 0xff, 0xff, 0xff, 0xfb, 0xff, 0xeb, 0xee, 0xdd, 0xff, 0xff, 0xff, 0xf7, 0xff, 
	0x7f, 0xff, 0xff, 0xff, 0xf7, 0xff, 0xff, 0xff, 0xbf, 0xef, 0xff, 0xff, 0xdb, 0xfc, 0x3b, 0xfc, 
	0xff, 0xf0, 0xff, 0xbf, 0xf7, 0xe7, 0xff, 0xfe, 0xdf, 0xff, 0xef, 0xff, 0xfb, 0xff, 0xe7, 0xdf, 
	0xfd, 0xff, 0xff, 0xff, 0xf7, 0xff, 0xbf, 0xff, 0xff, 0xfe, 0x7d, 0x7f, 0x7f, 0xff, 0xbf, 0xff, 
	0xff, 0xff, 0xb7, 0xee, 0x0b, 0xff, 0x8e, 0x70, 0xfb, 0xff, 0xef, 0xbf, 0xff, 0xff, 0xdf, 0xfb, 
	0xf6, 0xff, 0xfd, 0xff, 0xff, 0xff, 0x3e, 0xff, 0xff, 0xff, 0xfb, 0xff, 0xbf, 0xff, 0xff, 0xfb, 
	0xff, 0x3f, 0xbf, 0xef, 0xff, 0xdf, 0xff, 0xff, 0xff, 0xff, 0xfd, 0xff, 0xfb, 0x70, 0xfa, 0xff, 
	0xef, 0xaf, 0xff, 0xff, 0xdf, 0xfb, 0xf7, 0x7f, 0xfd, 0xff, 0xef, 0xff, 0x7e, 0xff, 0xff, 0xff, 
	0xfb, 0xff, 0xdf, 0xff, 0xdf, 0xf3, 0xf3, 0xff, 0xbf, 0xdf, 0xff, 0xbf, 0xff, 0xfe, 0xdf, 0xf7, 
	0xfe, 0xfb, 0xfd, 0xf0, 0xfa, 0xff, 0xef, 0xef, 0xff, 0xff, 0xdf, 0xfb, 0xfb, 0xff, 0xfd, 0xff, 
	0xef, 0x7d, 0x36, 0xbf, 0xff, 0xff, 0xfa, 0xf7, 0xdf, 0xff, 0xdf, 0xfb, 0xff, 0xff, 0xbf, 0xdf, 
	0xff, 0xff, 0xff, 0xfd, 0xbf, 0xf7, 0xff, 0x9f, 0xff, 0xf0, 0xfa, 0xff, 0xef, 0x5f, 0xff, 0xff, 
	0xdf, 0xf5, 0xff, 0xbf, 0xfd, 0xff, 0xff, 0xdb, 0xdf, 0x7f, 0xff, 0xff, 0xf9, 0x67, 0xff, 0xff, 
	0x5f, 0xfb, 0xff, 0xff, 0xdf, 0xbf, 0xff, 0xff, 0xf3, 0xfb, 0xff, 0xfb, 0xff, 0xff, 0xff, 0xf0, 
	0xfe, 0xff, 0xfe, 0xbf, 0xff, 0xff, 0xdf, 0xfd, 0xfd, 0xbf, 0xfd, 0xff, 0xf9, 0xff, 0xd7, 0x79, 
	0xdf, 0xff, 0xfb, 0x56, 0xff, 0xff, 0x5f, 0xdf, 0xff, 0xff, 0xdf, 0xbf, 0xff, 0xbf, 0xfb, 0xfe, 
	0xff, 0xfc, 0x3f, 0xff, 0xff, 0xf0, 0xff, 0x7f, 0xfd, 0xbf, 0xff, 0xff, 0xdf, 0xfd, 0xfd, 0xdf, 
	0xfd, 0xff, 0xf7, 0x7f, 0xf7, 0x7b, 0x99, 0xff, 0xff, 0x54, 0xef, 0xff, 0xdf, 0xdf, 0xff, 0xff, 
	0xff, 0xbf, 0xff, 0xbf, 0xfb, 0xf5, 0xff, 0xff, 0xf7, 0xff, 0xff, 0xf0, 0xff, 0x7f, 0xdf, 0xff, 
	0xff, 0xff, 0xdf, 0xfd, 0xfe, 0xff, 0xfd, 0xff, 0xf3, 0xfb, 0x66, 0xf5, 0x99, 0xff, 0xff, 0xdd, 
	0x97, 0xff, 0xdf, 0xbf, 0xff, 0xff, 0xf7, 0xff, 0xff, 0xff, 0xfb, 0xdf, 0xff, 0xfe, 0xf7, 0xbf, 
	0xff, 0xf0, 0xff, 0xff, 0x5f, 0xff, 0xff, 0xff, 0xdf, 0xfd, 0xfe, 0xff, 0xfd, 0xff, 0xef, 0xfb, 
	0x67, 0xf5, 0xb9, 0x3f, 0xff, 0xad, 0x77, 0xff, 0xef, 0xff, 0xff, 0xff, 0xf7, 0x7f, 0xff, 0xff, 
	0xf5, 0xb7, 0xff, 0xff, 0x77, 0xff, 0xfb, 0xf0, 0xff, 0x7f, 0xdf, 0xff, 0xff, 0xff, 0xdf, 0xfd, 
	0xfe, 0xff, 0xfd, 0xff, 0xef, 0xf9, 0x6f, 0xe7, 0x7d, 0xff, 0xff, 0xaa, 0x7b, 0xff, 0xef, 0xff, 
	0xff, 0xf7, 0xfb, 0x7f, 0xfe, 0xff, 0xf5, 0x6f, 0xff, 0xff, 0x77, 0xff, 0xfe, 0x30, 0xff, 0x3f, 
	0xbf, 0xff, 0xff, 0xff, 0xdf, 0xfd, 0xff, 0x7f, 0xfb, 0xff, 0xef, 0xfd, 0x6f, 0xef, 0x7c, 0xff, 
	0xfe, 0xab, 0xff, 0xff, 0xef, 0xff, 0xff, 0xdf, 0xff, 0x7f, 0xfd, 0xff, 0xf5, 0xbf, 0xff, 0xff, 
	0xff, 0xff, 0xff, 0xf0, 0x7e, 0x3f, 0x7f, 0xff, 0xff, 0xff, 0xdf, 0xfe, 0xff, 0x7f, 0xfb, 0xef, 
	0xef, 0xfd, 0x6f, 0xcf, 0x7c, 0xff, 0xfe, 0xab, 0xfd, 0xff, 0xef, 0xff, 0xff, 0xff, 0xfd, 0x7f, 
	0xfd, 0xff, 0xf6, 0x7f, 0xff, 0x7f, 0xff, 0xff, 0xfd, 0xf0, 0x6a, 0x3f, 0x7f, 0xff, 0xff, 0xff, 
	0xdf, 0xfe, 0xff, 0x7f, 0xfb, 0xef, 0xef, 0xfc, 0x7b, 0xde, 0x7c, 0xff, 0xfe, 0xa1, 0xff, 0xff, 
	0xef, 0xff, 0xff, 0x7f, 0xfd, 0x7f, 0xfb, 0xff, 0xff, 0xff, 0xff, 0x7f, 0xdf, 0xff, 0xfd, 0xf0, 
	0xbc, 0x3f, 0x7f, 0x7f, 0xff, 0xff, 0xdf, 0xfe, 0xff, 0x7f, 0xff, 0xff, 0xef, 0xbd, 0x77, 0xae, 
	0xbe, 0xff, 0xfe, 0xa3, 0xfe, 0xef, 0xef, 0xff, 0xfe, 0xff, 0xfe, 0xff, 0xfb, 0xff, 0xbe, 0xff, 
	0xff, 0xbf, 0xef, 0xff, 0xdd, 0xf0, 0xdc, 0x3f, 0xff, 0x7f, 0xff, 0xff, 0xdf, 0xff, 0xff, 0x7f, 
	0xff, 0xf7, 0xff, 0xf9, 0x77, 0x8e, 0xbe, 0xff, 0xfe, 0x07, 0xfe, 0xef, 0xff, 0xff, 0xff, 0xf8, 
	0x7f, 0x7f, 0xfb, 0xff, 0xde, 0xff, 0xff, 0xbf, 0xf7, 0xff, 0xfd, 0xf0, 0xee, 0x3f, 0xff, 0x7f, 
	0xff, 0xff, 0xdf, 0xfe, 0x7f, 0x7f, 0xff, 0xf7, 0xff, 0xf9, 0x27, 0x5e, 0xb4, 0xff, 0xfe, 0x0b, 
	0xfe, 0xff, 0xff, 0xfe, 0xfd, 0xfb, 0xff, 0x7f, 0xfb, 0xff, 0xfe, 0xff, 0xff, 0xdf, 0xff, 0xff, 
	0xfd, 0xf0, 0xf6, 0xbf, 0x7f, 0xff, 0xff, 0xff, 0xbf, 0xfe, 0xbf, 0xff, 0xff, 0xf7, 0xfb, 0xdc, 
	0xce, 0x9c, 0xf5, 0xff, 0xfe, 0x8f, 0xfe, 0x7f, 0xff, 0xfe, 0xfb, 0xfb, 0xff, 0xbf, 0xfb, 0xfd, 
	0xff, 0x7f, 0xff, 0xef, 0xfb, 0xff, 0xfd, 0xf0, 0xfa, 0x3f, 0x7f, 0xff, 0xff, 0xff, 0xbf, 0xfe, 
	0xbf, 0xff, 0xfe, 0xf7, 0xff, 0xfe, 0x8d, 0xba, 0x75, 0xff, 0xfe, 0x87, 0xfe, 0x79, 0xff, 0xff, 
	0x7b, 0xff, 0xff, 0xbf, 0xfb, 0xff, 0xff, 0x7f, 0xff, 0xef, 0xfb, 0xff, 0xfd, 0xf0, 0xff, 0x7f, 
	0x3e, 0xff, 0xff, 0xff, 0xbf, 0xfe, 0xff, 0xff, 0xfe, 0xf7, 0xf7, 0xfe, 0x8f, 0xb6, 0x35, 0xff, 
	0xfe, 0x87, 0xfc, 0x13, 0xff, 0xf7, 0x77, 0xff, 0xff, 0xdf, 0xfb, 0xf7, 0xff, 0x7f, 0xff, 0xff, 
	0xfd, 0xff, 0xfd, 0xf0, 0xff, 0xbf, 0x7f, 0xff, 0xbf, 0xff, 0xbf, 0xfe, 0xff, 0xff, 0xfe, 0xf7, 
	0xff, 0xff, 0xcb, 0x7e, 0x8d, 0xff, 0xff, 0x2f, 0xfc, 0xff, 0xff, 0xff, 0xef, 0xbb, 0xff, 0xef, 
	0xfb, 0xdf, 0xff, 0x7f, 0xff, 0xf7, 0xfe, 0xfb, 0xff, 0xf0, 0xff, 0xef, 0x7f, 0xff, 0x7f, 0xff, 
	0xff, 0xfe, 0xff, 0xff, 0xfe, 0xf7, 0xff, 0xff, 0xd6, 0x6e, 0xe5, 0xff, 0xff, 0x6f, 0xfc, 0xef, 
	0xff, 0xff, 0xcf, 0xbf, 0xdf, 0xef, 0xff, 0x7f, 0xff, 0x7f, 0xff, 0xf7, 0xfe, 0xfb, 0xfb, 0xf0, 
	0xff, 0xcf, 0x7d, 0xff, 0x7f, 0xff, 0xff, 0xfe, 0xff, 0xff, 0xff, 0xf7, 0xfb, 0xff, 0x26, 0x4f, 
	0xb5, 0xff, 0xff, 0x4f, 0xff, 0xef, 0xff, 0xfc, 0xdf, 0xbf, 0xff, 0xef, 0xfc, 0xff, 0xff, 0x7f, 
	0xff, 0xf7, 0xfe, 0xfb, 0xfb, 0xf0, 0xfe, 0xff, 0xfd, 0xfe, 0xff, 0xff, 0xff, 0xfe, 0x1f, 0xff, 
	0xfd, 0xf7, 0xff, 0xff, 0x8c, 0xfe, 0xe3, 0xff, 0xff, 0x5f, 0xff, 0x9f, 0xff, 0xfd, 0xde, 0x7f, 
	0xdf, 0xff, 0xef, 0xff, 0xff, 0x7f, 0xff, 0xfb, 0xff, 0xfb, 0xff, 0xf0, 0xff, 0x7f, 0xfd, 0xfe, 
	0xff, 0xff, 0xff, 0xfe, 0xc3, 0x7f, 0xff, 0xf7, 0xef, 0xff, 0xad, 0xbe, 0xf3, 0xff, 0xff, 0x5f, 
	0xff, 0xbf, 0xff, 0xfd, 0xdc, 0xf9, 0xff, 0xff, 0xfb, 0xff, 0xff, 0xbf, 0xff, 0xfb, 0xff, 0x77, 
	0xf7, 0xf0, 0xff, 0x7b, 0xfd, 0xf7, 0xff, 0xff, 0xff, 0xfe, 0x87, 0xff, 0xff, 0xef, 0xef, 0xff, 
	0xd9, 0xfe, 0xd3, 0xff, 0xff, 0x5f, 0xfb, 0x3f, 0xff, 0xfd, 0xdb, 0xf6, 0xff, 0xf7, 0xbb, 0xff, 
	0xff, 0xbf, 0xff, 0xfd, 0xff, 0x77, 0xf7, 0xf0, 0xff, 0xf9, 0xfe, 0xf9, 0xff, 0xfc, 0x7f, 0xfe, 
	0xdf, 0xff, 0xff, 0xef, 0xef, 0xff, 0xc7, 0x7e, 0xdf, 0xff, 0xff, 0x5f, 0xfa, 0xff, 0xff, 0xf9, 
	0x59, 0xb7, 0xff, 0xf7, 0x7f, 0xff, 0xff, 0xff, 0xff, 0xff, 0xff, 0xd7, 0xf7, 0xf0, 0xff, 0xba, 
	0x7e, 0xe5, 0xff, 0xfd, 0xef, 0xfe, 0xff, 0xff, 0xff, 0xff, 0xef, 0xff, 0xcf, 0xfe, 0xdf, 0xff, 
	0xff, 0x5f, 0xfb, 0xff, 0xfd, 0xfc, 0xdb, 0xa7, 0xff, 0xf3, 0x77, 0xff, 0xff, 0xff, 0xff, 0xff, 
	0xff, 0xd7, 0xff, 0xf0, 0xff, 0xbf, 0x7f, 0xdd, 0xff, 0xff, 0xcf, 0xfe, 0xfb, 0xff, 0xff, 0xff, 
	0xef, 0xff, 0xcb, 0xfe, 0xff, 0xff, 0xff, 0x5f, 0xf9, 0x7f, 0xfd, 0xdd, 0xdb, 0xe7, 0xff, 0xfb, 
	0x6f, 0xff, 0xff, 0xdf, 0xff, 0xff, 0xff, 0xcf, 0xff, 0xf0, 0xff, 0xbd, 0xfe, 0x5b, 0xff, 0xfe, 
	0xef, 0xfe, 0xaf, 0xff, 0xff, 0xff, 0xdf, 0xff, 0xae, 0x7e, 0xf7, 0xff, 0xfe, 0xdf, 0xfb, 0x7f, 
	0xfd, 0x79, 0xd0, 0x0f, 0xff, 0xfb, 0x3f, 0xff, 0xff, 0xdf, 0xff, 0xfe, 0xff, 0xef, 0xfb, 0xf0, 
	0xff, 0xbd, 0x7e, 0xfb, 0xff, 0xfe, 0xef, 0xfe, 0xbf, 0xff, 0xff, 0xff, 0xdf, 0xff, 0xa6, 0x7e, 
	0xf7, 0xff, 0xfe, 0xdf, 0xfa, 0xff, 0xfd, 0x79, 0xd0, 0x1f, 0xff, 0xfb, 0x7b, 0xff, 0xbf, 0xef, 
	0xff, 0xff, 0x7f, 0xef, 0xfb, 0xf0, 0xff, 0xbf, 0xfd, 0x77, 0xff, 0xfe, 0xef, 0xfe, 0x9f, 0xff, 
	0xff, 0xff, 0xdf, 0xff, 0xa4, 0x7e, 0xf7, 0xff, 0xff, 0xdf, 0xfa, 0xff, 0xfd, 0x79, 0xd7, 0x1f, 
	0xff, 0xff, 0xff, 0xff, 0xbf, 0xef, 0xff, 0xff, 0x7f, 0xff, 0xfb, 0xf0, 0xfb, 0xbf, 0xf8, 0xf7, 
	0xff, 0xff, 0xdf, 0xfd, 0xbf, 0xff, 0xff, 0xff, 0xdf, 0xff, 0xa4, 0xfe, 0xef, 0xff, 0xfe, 0xdf, 
	0xf9, 0xff, 0xfd, 0x7b, 0xde, 0x9f, 0xff, 0xff, 0xf7, 0xff, 0xef, 0xf7, 0xff, 0xff, 0xbf, 0xff, 
	0xfb, 0xf0, 0xfd, 0x3f, 0xf4, 0xff, 0xff, 0xff, 0xdf, 0xfd, 0x00, 0x3f, 0xff, 0xff, 0xdf, 0xff, 
	0xa5, 0xff, 0x2f, 0xff, 0xfe, 0xdf, 0xf9, 0xff, 0xfd, 0x7b, 0xff, 0xbf, 0xff, 0xff, 0xf7, 0xff, 
	0xdf, 0xf7, 0xff, 0xff, 0xff, 0xff, 0xfb, 0xf0, 0xff, 0xbf, 0xf6, 0xff, 0xff, 0xff, 0xdf, 0xfd, 
	0x3f, 0xc0, 0xff, 0xff, 0xdf, 0xff, 0xa5, 0xff, 0x2f, 0xff, 0xfe, 0xdf, 0xf5, 0xff, 0xfd, 0x7b, 
	0xaf, 0xbf, 0xff, 0xff, 0xf7, 0xff, 0xff, 0xf6, 0xff, 0xff, 0xff, 0xff, 0xff, 0xf0, 0xfe, 0x7f, 
	0xed, 0xff, 0xff, 0xfe, 0xdf, 0xf9, 0x1f, 0xfe, 0xfb, 0xff, 0xdf, 0xff, 0xa3, 0xff, 0x5f, 0xff, 
	0xfe, 0xdf, 0xf7, 0xff, 0xff, 0x7b, 0xaf, 0x7f, 0xff, 0xbf, 0xef, 0xff, 0xf7, 0xff, 0xff, 0xff, 
	0xff, 0xdf, 0xf7, 0xf0, 0xf9, 0xaf, 0xed, 0xff, 0xff, 0xff, 0xdf, 0xf8, 0x21, 0xff, 0xfb, 0xff, 
	0xd1, 0xff, 0xa7, 0xff, 0x5f, 0xff, 0xfe, 0xdf, 0xef, 0xff, 0xfd, 0x7b, 0xaf, 0x7f, 0xff, 0xbf, 
	0xff, 0xff, 0xfb, 0xff, 0xff, 0xff, 0xff, 0xdf, 0xf7, 0xf0, 0xf9, 0xf7, 0xed, 0xf7, 0xff, 0xff, 
	0xbf, 0xfd, 0x0e, 0x07, 0xfb, 0xff, 0xde, 0x0f, 0xe7, 0xff, 0x5f, 0xff, 0xfe, 0xdf, 0xef, 0xff, 
	0xfe, 0x7b, 0xdf, 0xbf, 0xff, 0xbf, 0xe7, 0xff, 0xfb, 0xff, 0xff, 0xff, 0xff, 0xdf, 0xf7, 0xf0, 
	0xf9, 0xea, 0xed, 0xff, 0xff, 0xff, 0xbf, 0xfd, 0xff, 0x7f, 0xdf, 0xff, 0xdf, 0xfe, 0x38, 0x7f, 
	0x7f, 0xff, 0xff, 0xdf, 0xfb, 0xff, 0xfe, 0x01, 0xdc, 0xbf, 0xff, 0xbf, 0xef, 0xff, 0xff, 0xfb, 
	0xff, 0xff, 0xff, 0xdf, 0xf7, 0xf0, 0xfd, 0xf6, 0xed, 0xff, 0xff, 0xff, 0xbf, 0xfd, 0xff, 0xc1, 
	0xdf, 0xff, 0xd8, 0x0f, 0xfb, 0x87, 0x7f, 0xff, 0xff, 0xdf, 0xfb, 0xff, 0xfe, 0x7b, 0xdc, 0x7f, 
	0xff, 0xbf, 0xef, 0xff, 0xfe, 0xfb, 0xff, 0xff, 0xff, 0xdf, 0xf7, 0xf0, 0xfb, 0xfe, 0xed, 0xff, 
	0xff, 0xff, 0xbf, 0xf5, 0xff, 0xde, 0x0f, 0xff, 0xde, 0x03, 0xfb, 0xf8, 0x3f, 0xff, 0xff, 0xff, 
	0xf7, 0xff, 0xfc, 0x3b, 0x5c, 0x7f, 0xff, 0xff, 0xef, 0x7f, 0xfe, 0xfd, 0xff, 0xff, 0xff, 0xdf, 
	0xff, 0xf0, 0xf7, 0xfd, 0xed, 0xff, 0xdf, 0xff, 0xbf, 0xf5, 0xbf, 0xff, 0xf7, 0xff, 0xfe, 0x3e, 
	0x87, 0xf8, 0xfc, 0x3f, 0xfd, 0xff, 0xd7, 0xff, 0xcf, 0x3b, 0x3c, 0xff, 0xff, 0xff, 0xe7, 0xff, 
	0xff, 0xbd, 0xff, 0xff, 0xff, 0xdf, 0xff, 0xf0, 0xff, 0xff, 0x6d, 0xff, 0xef, 0xff, 0xff, 0xf1, 
	0xbe, 0xff, 0xf7, 0xff, 0xd1, 0xdf, 0x37, 0xf1, 0x07, 0x80, 0x07, 0xff, 0xcf, 0xff, 0x3f, 0x3a, 
	0xbc, 0xff, 0xff, 0xff, 0xef, 0xff, 0xff, 0xbe, 0xff, 0xff, 0xef, 0xbf, 0xff, 0xf0, 0xff, 0xff, 
	0xad, 0xed, 0xbf, 0xff, 0xff, 0xe9, 0x3f, 0xff, 0xf7, 0xff, 0xfc, 0x00, 0x30, 0x0e, 0x11, 0xff, 
	0xff, 0xc7, 0xcf, 0xfc, 0xff, 0x3a, 0xfe, 0xff, 0xff, 0xf7, 0xef, 0xff, 0xff, 0xfe, 0xff, 0xff, 
	0xf7, 0xbf, 0xef, 0xf0, 0xff, 0xff, 0x4f, 0xfd, 0xff, 0xff, 0xff, 0xfb, 0x0f, 0xff, 0xf7, 0xff, 
	0xbf, 0xfc, 0xb0, 0x3f, 0x03, 0x00, 0x1f, 0xff, 0xef, 0x9f, 0xff, 0x32, 0xfb, 0xff, 0xff, 0xf7, 
	0xdf, 0x6f, 0xff, 0xdf, 0xff, 0xff, 0xff, 0xbf, 0x7f, 0xf0, 0xff, 0xff, 0xaf, 0xff, 0xff, 0xfd, 
	0xff, 0xdb, 0x7f, 0xff, 0xef, 0xff, 0xbf, 0xff, 0xdf, 0x82, 0xfc, 0x10, 0x00, 0x00, 0x00, 0x0f, 
	0xff, 0x32, 0xfb, 0xff, 0xff, 0xf7, 0xdf, 0xef, 0xff, 0xef, 0xff, 0xff, 0xff, 0xbf, 0x6f, 0xf0, 
	0xff, 0xff, 0xef, 0xef, 0xff, 0xfd, 0x7f, 0xda, 0xff, 0xff, 0xef, 0xff, 0xbf, 0xff, 0xcf, 0xf8, 
	0x3f, 0xe0, 0x41, 0xf7, 0xfc, 0xf1, 0xff, 0x72, 0x7f, 0xff, 0xff, 0x7f, 0xdf, 0xff, 0xff, 0xf7, 
	0xff, 0xf9, 0xff, 0x7f, 0xf7, 0xf0, 0xff, 0xff, 0xfb, 0xef, 0xff, 0xfe, 0xff, 0xf9, 0xff, 0xff, 
	0xef, 0xff, 0xbf, 0xff, 0x4f, 0xff, 0xf3, 0x03, 0xc0, 0xc0, 0xe7, 0x1e, 0x31, 0x7c, 0x7d, 0xff, 
	0xff, 0x77, 0xdf, 0xff, 0xff, 0xff, 0xff, 0xff, 0xff, 0x7f, 0xd7, 0xf0, 0xff, 0xff, 0xeb, 0xff, 
	0xff, 0xfe, 0xff, 0xfb, 0xff, 0xff, 0xef, 0xff, 0xbf, 0xff, 0x1f, 0xff, 0xf8, 0xfc, 0x79, 0x1f, 
	0x1e, 0x00, 0x00, 0x28, 0xfd, 0xff, 0xfe, 0xf7, 0xff, 0xff, 0xff, 0xfb, 0xff, 0xff, 0xff, 0x7e, 
	0xaf, 0xf0, 0xff, 0xff, 0xff, 0xff, 0xff, 0xff, 0xff, 0xfd, 0xff, 0xff, 0xef, 0xff, 0xbf, 0xff, 
	0xbf, 0xff, 0xff, 0x0f, 0x82, 0x00, 0x60, 0x7e, 0x3c, 0x08, 0x7d, 0xff, 0xfe, 0xff, 0xdf, 0xff, 
	0xff, 0xfd, 0xff, 0xff, 0xff, 0xff, 0x8f, 0xf0, 0xff, 0xff, 0xf9, 0xf7, 0xff, 0xff, 0xff, 0xfb, 
	0xff, 0xff, 0xef, 0xff, 0xbf, 0xff, 0xbf, 0xff, 0xff, 0xff, 0x80, 0x40, 0x9f, 0x83, 0xf3, 0xff, 
	0x80, 0x7f, 0xfe, 0xff, 0xff, 0xff, 0xff, 0xfe, 0x7f, 0xff, 0xff, 0xfe, 0xbf, 0xf0, 0xff, 0xff, 
	0xff, 0xf3, 0xff, 0xfb, 0xff, 0xff, 0xff, 0xff, 0xef, 0xff, 0xbf, 0xff, 0x9f, 0xff, 0xff, 0xff, 
	0xfc, 0x1e, 0x1c, 0x7f, 0xf8, 0x1f, 0xf0, 0x00, 0xfd, 0xff, 0xff, 0xff, 0xff, 0xff, 0xff, 0xff, 
	0xff, 0xfe, 0xf7, 0xf0, 0xff, 0xff, 0xff, 0xbd, 0xff, 0xe3, 0xff, 0xff, 0xff, 0xff, 0xef, 0xff, 
	0xbf, 0xff, 0xdf, 0xff, 0xff, 0xff, 0xf0, 0x38, 0xc0, 0x7f, 0x80, 0x01, 0xfe, 0x18, 0x7d, 0xff, 
	0xff, 0xf7, 0xff, 0xff, 0x7f, 0xfb, 0xff, 0xfe, 0x37, 0xf0, 0xff, 0xff, 0xff, 0xfc, 0xf7, 0xdf, 
	0xff, 0xff, 0xff, 0xff, 0xef, 0xff, 0xbf, 0xff, 0x03, 0xff, 0xff, 0xff, 0x80, 0x00, 0x5e, 0x63, 
	0xcf, 0x1c, 0x00, 0x7f, 0xff, 0xff, 0xff, 0xff, 0xff, 0xff, 0xbf, 0xff, 0xfe, 0xff, 0x9f, 0xf0, 
	0xff, 0xff, 0xfe, 0xbf, 0xef, 0x9f, 0xff, 0xf7, 0xff, 0xff, 0xef, 0xff, 0xbf, 0xff, 0x3f, 0xff, 
	0xff, 0xfc, 0x01, 0x23, 0x3f, 0x8f, 0x80, 0x00, 0x31, 0x9f, 0xff, 0xff, 0xdf, 0xff, 0xff, 0xff, 
	0xdf, 0xff, 0xfe, 0xfe, 0xef, 0xf0, 0xff, 0xff, 0xfe, 0x3e, 0xc7, 0x9b, 0xff, 0xf7, 0xff, 0xff, 
	0xff, 0xff, 0xbf, 0xfc, 0xbf, 0xff, 0xff, 0xe0, 0x06, 0x0e, 0xfe, 0x71, 0xff, 0xf1, 0xc0, 0x00, 
	0xff, 0xff, 0xdf, 0xff, 0xff, 0xff, 0xff, 0xff, 0xfd, 0xff, 0xff, 0xf0, 0xff, 0xff, 0xff, 0xff, 
	0x4f, 0xbb, 0xf7, 0xef, 0xff, 0xff, 0xff, 0xff, 0xff, 0x87, 0x7f, 0xff, 0xf8, 0xe0, 0x40, 0xf7, 
	0xf3, 0xff, 0x87, 0xff, 0xe0, 0xc0, 0x07, 0xff, 0xd7, 0xdf, 0xff, 0xff, 0xef, 0xff, 0xfd, 0xff, 
	0xff, 0xf0, 0xff, 0xff, 0xff, 0xbf, 0x6f, 0xbf, 0xff, 0xdf, 0xff, 0xff, 0xff, 0xff, 0xfe, 0x7f, 
	0xff, 0xff, 0xc3, 0x02, 0x83, 0xcf, 0x0f, 0xff, 0xf8, 0xff, 0xff, 0x00, 0xbf, 0xff, 0xc7, 0xff, 
	0xff, 0xff, 0xf7, 0xff, 0xfd, 0xff, 0xff, 0xf0, 0xff, 0xff, 0xff, 0xbf, 0xaf, 0xf7, 0xff, 0xdf, 
	0xff, 0xff, 0xff, 0xff, 0xdf, 0xff, 0xff, 0xfe, 0x0e, 0x14, 0x0f, 0xbe, 0x7f, 0xff, 0xff, 0x1f, 
	0xff, 0xff, 0xff, 0xff, 0xdb, 0xef, 0xff, 0xff, 0xfb, 0xff, 0xfd, 0xff, 0xff, 0xf0, 0xff, 0xff, 
	0xff, 0xbf, 0xef, 0xb7, 0xff, 0xff, 0xff, 0xff, 0xff, 0xff, 0xd3, 0xff, 0xff, 0xf4, 0xe3, 0xd2, 
	0x79, 0xf7, 0xff, 0xff, 0xff, 0xf9, 0xff, 0xff, 0xff, 0xff, 0xd8, 0x3f, 0xff, 0xff, 0xfd, 0xff, 
	0xfd, 0xff, 0xef, 0xf0, 0xff, 0xbf, 0xdf, 0xbf, 0xef, 0xb7, 0xff, 0xff, 0xff, 0xef, 0xef, 0xff, 
	0xdf, 0xff, 0xff, 0xc3, 0x86, 0xa0, 0xf7, 0xcf, 0xff, 0xff, 0xff, 0xfe, 0x7f, 0xff, 0xff, 0xff, 
	0xfa, 0xdf, 0xff, 0xf7, 0xfe, 0xff, 0xfc, 0xff, 0xef, 0xf0, 0xff, 0xff, 0xff, 0xff, 0xff, 0xbf, 
	0xff, 0xbf, 0xff, 0x9f, 0xef, 0xff, 0xff, 0xff, 0xff, 0x0e, 0x0d, 0x43, 0xce, 0x3f, 0xff, 0xff, 
	0xff, 0xff, 0xff, 0xff, 0xee, 0x7f, 0xff, 0xfd, 0xff, 0xef, 0xfe, 0x7f, 0xfc, 0xff, 0xef, 0xf0, 
	0xff, 0xff, 0xff, 0xff, 0xdf, 0xbf, 0xff, 0xbf, 0xfe, 0xff, 0xef, 0xff, 0xdf, 0xff, 0xfd, 0xf1, 
	0x70, 0x3e, 0x71, 0xff, 0xff, 0xff, 0xc0, 0xff, 0xff, 0xff, 0xef, 0xcf, 0xff, 0xf7, 0xff, 0xff, 
	0xfe, 0xbf, 0xfe, 0xff, 0xcf, 0xf0, 0xff, 0xff, 0xfe, 0xff, 0xeb, 0xff, 0xff, 0x7f, 0xfd, 0xff, 
	0xef, 0xff, 0xff, 0xff, 0xf3, 0x82, 0xe0, 0x7d, 0xc7, 0xff, 0xff, 0xf8, 0x3f, 0xff, 0xff, 0xff, 
	0xff, 0xff, 0xff, 0xfb, 0xff, 0xfb, 0xfe, 0xff, 0xfe, 0xff, 0xcf, 0xf0, 0xff, 0xfe, 0xff, 0x7f, 
	0xef, 0xbf, 0xff, 0x7b, 0xfd, 0xff, 0xef, 0xff, 0x7f, 0xff, 0xee, 0x31, 0xc0, 0xf3, 0x9f, 0xff, 
	0xff, 0xe7, 0xff, 0xff, 0xff, 0xff, 0x7f, 0xf3, 0xff, 0xfb, 0xff, 0xff, 0xff, 0xff, 0xfe, 0xff, 
	0xdf, 0xf0, 0xff, 0xff, 0xdf, 0x3f, 0xfd, 0xff, 0xff, 0x7b, 0xfb, 0xff, 0xef, 0xff, 0x7f, 0xfe, 
	0x23, 0x97, 0x07, 0x39, 0xff, 0xff, 0xfc, 0xff, 0xff, 0xff, 0xff, 0xfe, 0x00, 0x7e, 0xff, 0xff, 
	0xff, 0xfb, 0xff, 0xff, 0xff, 0xff, 0x9f, 0xf0, 0xff, 0x7f, 0xff, 0xdf, 0xfe, 0xff, 0xfe, 0xff, 
	0xf7, 0xff, 0xef, 0xff, 0x7f, 0xf9, 0x47, 0x7e, 0x0e, 0xe7, 0xff, 0xff, 0xe3, 0xff, 0xff, 0xff, 
	0xff, 0x01, 0xff, 0x87, 0x7f, 0xff, 0xff, 0xdb, 0xff, 0xff, 0xff, 0xff, 0x9f, 0xf0, 0x7e, 0xf7, 
	0x7f, 0xdf, 0xff, 0xff, 0xfe, 0xf3, 0xef, 0xff, 0xef, 0xff, 0x7f, 0xf7, 0x10, 0xec, 0x79, 0x1f, 
	0xff, 0xff, 0x9f, 0xff, 0xff, 0xff, 0x80, 0xfe, 0xff, 0xf8, 0x7f, 0xff, 0xff, 0xfb, 0xff, 0xfe, 
	0xff, 0xff, 0x1f, 0xf0, 0xfb, 0xff, 0xff, 0xbf, 0xff, 0xdf, 0xff, 0xdf, 0xff, 0xff, 0xef, 0xfe, 
	0xff, 0x71, 0x2f, 0xa2, 0xc9, 0xff, 0xff, 0xfc, 0xff, 0xff, 0xff, 0xe3, 0xff, 0xfb, 0xff, 0xff, 
	0xff, 0xff, 0x7f, 0xfd, 0xfe, 0xff, 0xff, 0xff, 0xdf, 0xf0, 0xff, 0xfd, 0xff, 0x9f, 0xff, 0xef, 
	0xff, 0xdf, 0xdf, 0xff, 0xef, 0xfe, 0xfe, 0xc0, 0x9f, 0x01, 0xe7, 0xff, 0xff, 0xfb, 0xff, 0xff, 
	0xff, 0x9f, 0xff, 0xfb, 0xff, 0xff, 0xff, 0xff, 0x7f, 0xfd, 0xff, 0xff, 0xff, 0x7f, 0x5f, 0xf0, 
	0xff, 0xfe, 0x7f, 0xef, 0xff, 0xf7, 0xff, 0xef, 0xbf, 0xff, 0xef, 0xfe, 0xfd, 0x27, 0x3c, 0x07, 
	0x87, 0xff, 0xff, 0xe7, 0xff, 0xff, 0xff, 0x7f, 0xff, 0xfb, 0xff, 0xff, 0xff, 0xff, 0xbf, 0xff, 
	0xff, 0xff, 0xff, 0x7f, 0x5f, 0xf0, 0xff, 0xfe, 0x7f, 0xbf, 0xff, 0xfe, 0xff, 0xbf, 0x7f, 0xff, 
	0xef, 0xfe, 0xe2, 0x27, 0xe2, 0x32, 0xdf, 0xff, 0xff, 0x3f, 0xff, 0xff, 0xe3, 0xff, 0xff, 0xf7, 
	0xff, 0xff, 0xff, 0xff, 0xff, 0xfe, 0xff, 0xff, 0xff, 0x5f, 0x5f, 0xf0, 0xff, 0xf7, 0x7f, 0x9f, 
	0xff, 0xff, 0x7f, 0x7f, 0x7f, 0xff, 0xef, 0xfe, 0x8d, 0x50, 0xe0, 0x6d, 0xff, 0xff, 0xfe, 0xff, 
	0xff, 0xff, 0xc7, 0xff, 0xff, 0xef, 0xff, 0xff, 0xff, 0xff, 0xbf, 0xff, 0xff, 0xff, 0xff, 0x5f, 
	0x5f, 0xf0, 0xff, 0xf6, 0xbf, 0x9f, 0xff, 0xff, 0xff, 0x3f, 0xff, 0xff, 0xef, 0xfe, 0xc2, 0x2d, 
	0x90, 0x99, 0xbf, 0xff, 0xf9, 0xff, 0xff, 0xff, 0x3e, 0x01, 0xff, 0xef, 0xff, 0xff, 0xff, 0xff, 
	0xbf, 0xff, 0xff, 0xff, 0xff, 0x5f, 0x1f, 0xf0, 0xff, 0xff, 0xbf, 0xef, 0xff, 0xff, 0xdf, 0xff, 
	0xff, 0xff, 0xef, 0xfe, 0x39, 0x98, 0x83, 0x6e, 0xff, 0xff, 0xef, 0xff, 0xff, 0xfd, 0x5f, 0xff, 
	0xff, 0xef, 0xff, 0xff, 0xff, 0xff, 0xdf, 0xff, 0x7f, 0xff, 0xff, 0x7f, 0x1f, 0xf0, 0xff, 0xfe, 
	0xbf, 0xf7, 0xff, 0xff, 0xdf, 0xff, 0xff, 0xff, 0xef, 0xfe, 0xf5, 0x62, 0x06, 0x8f, 0xff, 0xff, 
	0xdf, 0xff, 0xff, 0xfa, 0x3f, 0xff, 0xff, 0xf7, 0xff, 0xff, 0xff, 0xff, 0xdf, 0xff, 0xff, 0xff, 
	0xff, 0xff, 0x7f, 0xf0, 0x7f, 0xff, 0xdf, 0xb7, 0xff, 0xff, 0xfd, 0xff, 0xff, 0xff, 0xef, 0xfe, 
	0xfa, 0x95, 0x0d, 0xbd, 0xff, 0xff, 0xbf, 0xff, 0xff, 0xf6, 0xff, 0xff, 0xff, 0xf7, 0xff, 0xff, 
	0xff, 0xff, 0xdf, 0xff, 0x7f, 0xff, 0xff, 0xdf, 0xff, 0xf0, 0xff, 0xff, 0xdf, 0xf7, 0xff, 0xff, 
	0xef, 0xff, 0xff, 0xff, 0xdf, 0xfe, 0xe7, 0xf0, 0x5a, 0x7f, 0xff, 0xfc, 0xff, 0xff, 0xff, 0x99, 
	0xff, 0xff, 0xff, 0xff, 0xff, 0xdf, 0xff, 0xff, 0xef, 0xff, 0x7d, 0xff, 0xff, 0xff, 0xff, 0xf0, 
	0xff, 0xfb, 0xdf, 0xff, 0xff, 0xff, 0xff, 0xff, 0xff, 0xff, 0xdf, 0xfe, 0xd5, 0xf0, 0xd5, 0xef, 
	0xff, 0xff, 0xff, 0xff, 0xff, 0xf3, 0xff, 0xff, 0xff, 0xff, 0xff, 0xfe, 0x7f, 0xff, 0xef, 0xff, 
	0x7d, 0xff, 0xfe, 0xff, 0xbf, 0xf0, 0xff, 0xfc, 0xdf, 0xff, 0xff, 0xff, 0xff, 0xff, 0xff, 0xff, 
	0xdf, 0xff, 0xab, 0xe0, 0x8d, 0xdf, 0xff, 0xf3, 0xff, 0xff, 0xff, 0xe7, 0xff, 0xff, 0xff, 0xff, 
	0xff, 0xff, 0x7f, 0xff, 0xef, 0xff, 0x5d, 0xff, 0xff, 0xff, 0xcf, 0xf0, 0xff, 0xfd, 0xd3, 0xf7, 
	0xff, 0xef, 0xff, 0xff, 0xff, 0xff, 0xdf, 0xfe, 0x6f, 0x87, 0x5b, 0xff, 0xff, 0xff, 0xff, 0xff, 
	0xff, 0xef, 0xff, 0xff, 0xff, 0xbf, 0xff, 0xff, 0xff, 0xff, 0xef, 0xff, 0xff, 0xff, 0xff, 0xdf, 
	0xff, 0xf0, 0xff, 0xfb, 0xff, 0xff, 0xff, 0xef, 0xff, 0xff, 0xff, 0xff, 0x9f, 0xfd, 0x5f, 0x07, 
	0x52, 0x7f, 0xff, 0xdf, 0xff, 0xff, 0xff, 0x5f, 0xff, 0xff, 0xfe, 0xff, 0xff, 0xff, 0xff, 0xff, 
	0xef, 0xff, 0xbf, 0xff, 0xff, 0xff, 0xef, 0xf0, 0xff, 0xff, 0xff, 0xff, 0xff, 0xef, 0xff, 0xff, 
	0xff, 0xff, 0x1f, 0xff, 0x3f, 0x8f, 0xf5, 0xff, 0xff, 0xbd, 0xff, 0xff, 0xfe, 0xdf, 0xff, 0xff, 
	0xff, 0xff, 0xff, 0xff, 0xff, 0xff, 0xef, 0xfe, 0x7e, 0xff, 0xff, 0xff, 0x6f, 0xf0, 0xff, 0xff, 
	0xff, 0xff, 0xff, 0xef, 0xef, 0xff, 0xff, 0xfd, 0xdf, 0xf7, 0xfe, 0x3c, 0xe3, 0xff, 0xfe, 0xfb, 
	0xff, 0xff, 0xfb, 0xff, 0xfe, 0xff, 0xff, 0xff, 0xff, 0xff, 0xff, 0xff, 0xef, 0xfe, 0xff, 0xff, 
	0xff, 0xff, 0xef, 0xf0, 0xff, 0xff, 0xff, 0xff, 0xfb, 0xef, 0xee, 0xff, 0xff, 0xf1, 0xdf, 0xf7, 
	0x7f, 0x5a, 0xef, 0xff, 0xfd, 0xf7, 0xff, 0xff, 0xf7, 0x7f, 0xfe, 0xff, 0xff, 0xff, 0xff, 0xff, 
	0xff, 0xff, 0xef, 0xff, 0xff, 0xff, 0xff, 0xf7, 0xef, 0xf0, 0xff, 0xff, 0xff, 0xff, 0xf9, 0xef, 
	0xcf, 0xff, 0xff, 0xf7, 0xff, 0xee, 0xfc, 0x5e, 0xef, 0xff, 0xfb, 0xef, 0xff, 0xff, 0xee, 0xff, 
	0xfe, 0xff, 0xff, 0xff, 0xff, 0xff, 0xff, 0xff, 0xef, 0xff, 0xff, 0xff, 0xff, 0xdf, 0xef, 0xf0, 
	0xff, 0xff, 0xef, 0xff, 0xff, 0xef, 0xee, 0xff, 0xff, 0x9f, 0xff, 0xff, 0xfc, 0xf3, 0xdf, 0xff, 
	0xf7, 0xdf, 0xff, 0xff, 0xdd, 0xff, 0xfe, 0xff, 0xff, 0xff, 0xff, 0xff, 0xff, 0xff, 0xef, 0xff, 
	0xfd, 0xff, 0xff, 0xff, 0xef, 0xf0, 0xff, 0xff, 0xef, 0xff, 0xff, 0xef, 0xee, 0xff, 0xff, 0xbf, 
	0xff, 0xdf, 0xfc, 0xab, 0x9f, 0xff, 0xef, 0xbf, 0xff, 0xff, 0xbf, 0xff, 0xfe, 0xff, 0xff, 0xff, 
	0xff, 0xff, 0xff, 0xff, 0xef, 0xff, 0xfd, 0xff, 0xff, 0xff, 0xef, 0xf0, 0xff, 0xff, 0xef, 0xff, 
	0xff, 0xf7, 0xff, 0xff, 0xfe, 0x7f, 0xff, 0xbf, 0xfb, 0xab, 0x1f, 0xff, 0xdf, 0xbf, 0xff, 0xff, 
	0x7f, 0xf9, 0xfe, 0xff, 0xef, 0xff, 0xff, 0xff, 0xff, 0xff, 0xdf, 0xff, 0xff, 0xff, 0xff, 0xff, 
	0x7f, 0xf0, 0xff, 0xff, 0xef, 0xff, 0xff, 0xf7, 0xff, 0xff, 0xfb, 0xf1, 0xff, 0xbf, 0xb7, 0x7c, 
	0xbf, 0xff, 0xbf, 0xff, 0xff, 0xfe, 0xf7, 0xf7, 0xfe, 0xff, 0xff, 0xff, 0xff, 0xff, 0xff, 0xff, 
	0xcf, 0xff, 0xff, 0xaf, 0xdf, 0x77, 0xbf, 0xf0, 0xff, 0xff, 0xee, 0x31, 0xfd, 0xf7, 0xff, 0xff, 
	0x33, 0xff, 0xff, 0x7f, 0xb7, 0x3b, 0x3f, 0xff, 0x7e, 0xff, 0xff, 0xfd, 0xf7, 0xf7, 0xff, 0xff, 
	0xff, 0xff, 0xff, 0xff, 0xff, 0xff, 0xdf, 0xff, 0xff, 0xff, 0xdf, 0x6f, 0xdf, 0xf0, 0xff, 0xff, 
	0xed, 0xcf, 0xff, 0x77, 0xff, 0xff, 0xcf, 0xec, 0xff, 0x7f, 0xbe, 0xbb, 0x7f, 0xff, 0x7e, 0xff, 
	0xff, 0xfb, 0xef, 0xf7, 0xff, 0xff, 0xff, 0xff, 0xff, 0xff, 0xff, 0xff, 0xbf, 0xff, 0xff, 0xfe, 
	0xff, 0xff, 0xef, 0xf0, 0xff, 0xff, 0xef, 0xdd, 0xff, 0xf7, 0xff, 0xff, 0x13, 0x9f, 0xff, 0xff, 
	0xbe, 0x67, 0x7f, 0xff, 0xfb, 0xff, 0xff, 0xef, 0xff, 0xf7, 0xff, 0xff, 0xff, 0xff, 0xdf, 0xfb, 
	0xff, 0xff, 0x77, 0xff, 0xff, 0xf7, 0xef, 0xff, 0xff, 0xf0, 0xff, 0xff, 0xeb, 0xbf, 0xff, 0xf7, 
	0xff, 0xff, 0xff, 0xbf, 0xff, 0xff, 0xbf, 0x6f, 0x7f, 0xff, 0xff, 0xff, 0xff, 0xdf, 0xff, 0xf7, 
	0xff, 0xff, 0xff, 0xaf, 0xff, 0xfb, 0xff, 0xff, 0x7f, 0xff, 0xff, 0xff, 0xce, 0xff, 0xff, 0xf0, 
	0xff, 0xff, 0xe8, 0x7f, 0xff, 0xfb, 0xff, 0xfc, 0xf7, 0x7f, 0xbf, 0xff, 0xbc, 0xef, 0x7f, 0xff, 
	0xff, 0xff, 0xff, 0xdf, 0xdf, 0xf7, 0xff, 0xff, 0xff, 0xdf, 0xff, 0xff, 0xff, 0xff, 0xfb, 0xff, 
	0xff, 0xff, 0xe6, 0xff, 0xff, 0xf0, 0xff, 0xff, 0xff, 0xff, 0xff, 0xff, 0xff, 0xfb, 0x05, 0xff, 
	0xbf, 0xff, 0xba, 0xff, 0x7f, 0xff, 0xff, 0xff, 0xff, 0xbf, 0xbf, 0xf3, 0xff, 0x7f, 0xff, 0xdf, 
	0xe7, 0xff, 0xff, 0xff, 0xeb, 0xff, 0xff, 0xfc, 0x7d, 0xff, 0xef, 0xf0, 0xff, 0xff, 0xff, 0xff, 
	0xff, 0xff, 0xff, 0xe6, 0xf3, 0xbf, 0xbf, 0xff, 0xb8, 0x7f, 0xff, 0xff, 0xff, 0xff, 0xff, 0xbf, 
	0x7f, 0xff, 0xff, 0x7f, 0xff, 0xff, 0xff, 0xff, 0xff, 0xff, 0xeb, 0xff, 0xff, 0xff, 0xf9, 0xff, 
	0xef, 0xf0, 0xff, 0xff, 0xff, 0xff, 0xff, 0xff, 0xff, 0xcd, 0x83, 0xbf, 0xbf, 0xff, 0xbb, 0x5f, 
	0xff, 0xff, 0xff, 0xff, 0xff, 0x7f, 0x7f, 0xff, 0xff, 0xbf, 0xff, 0xff, 0xff, 0xff, 0xff, 0xff, 
	0xdf, 0xff, 0xff, 0xff, 0xf9, 0xff, 0xef, 0xf0, 0xff, 0xff, 0xff, 0xff, 0xff, 0xff, 0xff, 0xbe, 
	0xde, 0x6f, 0xbf, 0xff, 0xb7, 0xaf, 0xff, 0xff, 0xff, 0xff, 0xfe, 0xff, 0xff, 0xff, 0xff, 0xdf, 
	0xff, 0xff, 0xff, 0xff, 0xff, 0xff, 0xff, 0xff, 0xff, 0xff, 0xf9, 0xff, 0xef, 0xf0, 0xff, 0xff, 
	0xff, 0xff, 0xff, 0xff, 0xfe, 0x75, 0x9c, 0x1f, 0xbf, 0xff, 0xbf, 0xaf, 0xff, 0xff, 0xff, 0xff, 
	0xff, 0xff, 0xff, 0xff, 0xff, 0xff, 0xff, 0xbf, 0xff, 0xff, 0xff, 0xf7, 0xff, 0xff, 0xff, 0xff, 
	0xfb, 0xff, 0xcf, 0xf0, 0xff, 0xff, 0xff, 0xff, 0xff, 0xff, 0xfc, 0xeb, 0x3c, 0x7f, 0xbf, 0x7f, 
	0xbe, 0xf7, 0xff, 0xff, 0xff, 0xff, 0xfd, 0xff, 0xff, 0xff, 0xff, 0xff, 0xff, 0xbf, 0xff, 0xff, 
	0xff, 0xff, 0xff, 0xff, 0xff, 0xff, 0xfb, 0xff, 0xdf, 0xf0, 0xff, 0xff, 0xff, 0xff, 0xff, 0xff, 
	0xef, 0x8c, 0xe9, 0xcf, 0x87, 0x7f, 0xde, 0xff, 0xff, 0xff, 0xff, 0xff, 0xfb, 0xfe, 0xff, 0xff, 
	0xff, 0xef, 0xfe, 0x7f, 0xff, 0xf7, 0xff, 0xff, 0xff, 0xff, 0xff, 0xff, 0xfb, 0xff, 0xff, 0xf0, 
	0xff, 0xef, 0xff, 0xff, 0xff, 0xff, 0x8f, 0x79, 0xf1, 0x9f, 0xb7, 0x7f, 0xde, 0xdf, 0xff, 0xff, 
	0xff, 0xff, 0xf7, 0xfd, 0xff, 0xff, 0xff, 0xf7, 0xff, 0x7f, 0xff, 0xff, 0xff, 0xff, 0xff, 0xff, 
	0xff, 0xff, 0xfb, 0xff, 0xaf, 0xf0, 0xff, 0xef, 0xff, 0xff, 0xff, 0xff, 0x3e, 0x39, 0xe3, 0x3f, 
	0xaf, 0x7f, 0xdf, 0x5f, 0x7f, 0xff, 0xff, 0xff, 0xff, 0xfd, 0xff, 0xff, 0xff, 0xf7, 0xff, 0x7f, 
	0xff, 0xef, 0xff, 0xff, 0xff, 0xff, 0xff, 0xff, 0xf3, 0xff, 0xaf, 0xf0, 0xfb, 0xf7, 0xff, 0xff, 
	0xff, 0xfd, 0xfb, 0xe3, 0x16, 0x7e, 0x7f, 0x7f, 0xef, 0x73, 0x7f, 0xff, 0xff, 0xff, 0xdf, 0xfb, 
	0xff, 0xff, 0xff, 0xfb, 0xfe, 0xff, 0xff, 0xef, 0xff, 0xff, 0xff, 0xff, 0xff, 0xff, 0xff, 0xff, 
	0xef, 0xf0, 0xfd, 0xff, 0xff, 0xff, 0xff, 0xf3, 0xf5, 0xde, 0x8c, 0x7d, 0x3f, 0x7f, 0xef, 0xb3, 
	0xbf, 0xff, 0xff, 0xff, 0xdf, 0xff, 0xff, 0xff, 0xff, 0xff, 0xfe, 0xff, 0xff, 0xdf, 0xff, 0xff, 
	0xff, 0xff, 0xbf, 0xff, 0xef, 0xff, 0xef, 0xf0, 0xfd, 0xff, 0xff, 0xff, 0xff, 0xe7, 0xe3, 0xb1, 
	0x5c, 0x79, 0x7f, 0x7f, 0xff, 0xbb, 0x9f, 0xfc, 0x3f, 0xff, 0xbf, 0xff, 0xff, 0xff, 0xff, 0xff, 
	0xfe, 0xff, 0xff, 0xdf, 0xff, 0xff, 0xff, 0xff, 0x7f, 0xc7, 0xef, 0xff, 0xef, 0xf0, 0xfd, 0xfb, 
	0xff, 0xff, 0xff, 0x9f, 0x9e, 0x16, 0x3a, 0xfa, 0xff, 0x7f, 0xfb, 0xb9, 0xdf, 0xff, 0xff, 0x0f, 
	0xff, 0xff, 0xff, 0xff, 0xff, 0xff, 0xff, 0xff, 0xff, 0xff, 0xff, 0xff, 0xff, 0xff, 0xff, 0xef, 
	0xdf, 0xff, 0x6f, 0xf0, 0xfd, 0xfb, 0xff, 0xff, 0xff, 0x3f, 0x7c, 0x49, 0x62, 0xe6, 0xff, 0x7f, 
	0xf8, 0xf9, 0xdf, 0xff, 0xff, 0xff, 0x7f, 0xff, 0xff, 0xff, 0xff, 0xff, 0xff, 0xff, 0xff, 0xff, 
	0xff, 0xff, 0xff, 0xff, 0xff, 0xff, 0xdf, 0xff, 0x6e, 0xf0, 0xfd, 0xfb, 0xff, 0xff, 0xff, 0x7e, 
	0xfa, 0xbe, 0xc2, 0xe4, 0xfd, 0xff, 0xfc, 0xba, 0xff, 0xff, 0xff, 0xff, 0x7f, 0xff, 0xff, 0xff, 
	0xff, 0xff, 0xff, 0xff, 0xff, 0xff, 0xff, 0x3f, 0xff, 0xff, 0xff, 0xff, 0xff, 0xfe, 0xff, 0xf0, 
	0xff, 0xfe, 0xff, 0xff, 0xfc, 0xfb, 0xfa, 0x6d, 0x66, 0xbd, 0xfb, 0x6f, 0xfd, 0xda, 0xeb, 0x8f, 
	0xff, 0xe2, 0xfc, 0x3f, 0xff, 0xff, 0xff, 0xff, 0xfd, 0xff, 0xff, 0xff, 0xff, 0xff, 0xff, 0xff, 
	0xff, 0xff, 0xff, 0xfe, 0xfb, 0xf0, 0xfe, 0xfe, 0xff, 0xff, 0xf9, 0xf3, 0xe2, 0xd3, 0xd5, 0xfb, 
	0xff, 0xef, 0x7f, 0xdc, 0xe0, 0xfd, 0xff, 0xfc, 0x07, 0xff, 0xff, 0xff, 0xff, 0xff, 0xfd, 0xff, 
	0xff, 0xff, 0xff, 0xff, 0xff, 0xff, 0xff, 0xff, 0xff, 0xf6, 0xff, 0xf0, 0xfe, 0xff, 0xff, 0xff, 
	0xfb, 0xef, 0xd5, 0xee, 0xcd, 0x67, 0xf7, 0xbf, 0x7d, 0xdd, 0xe7, 0xff, 0xff, 0x7f, 0xf5, 0xe1, 
	0xff, 0xff, 0xff, 0xff, 0xfd, 0xff, 0xff, 0xff, 0xff, 0xff, 0xff, 0xff, 0xff, 0xff, 0xff, 0xee, 
	0xf7, 0xf0, 0xff, 0x7f, 0xff, 0xff, 0xe7, 0xbf, 0xc7, 0x4b, 0x1e, 0xdd, 0xef, 0x9e, 0xdc, 0xee, 
	0xf3, 0xff, 0xff, 0xff, 0xff, 0xff, 0xff, 0xff, 0xff, 0xff, 0xfb, 0xff, 0xff, 0xff, 0xff, 0xff, 
	0xff, 0xff, 0xff, 0xff, 0xff, 0xfe, 0xf7, 0xf0, 0xff, 0x7f, 0x7f, 0xff, 0xcf, 0x5f, 0x1e, 0xdf, 
	0x1d, 0xcf, 0xdf, 0xbe, 0xda, 0xcf, 0xe3, 0xfd, 0xff, 0xff, 0xff, 0xff, 0xff, 0xff, 0xff, 0xff, 
	0xff, 0xff, 0xff, 0xff, 0xff, 0xff, 0xff, 0xff, 0xff, 0xff, 0xff, 0xfd, 0xf7, 0xf0, 0xff, 0x7f, 
	0x7f, 0xff, 0xfe, 0x3e, 0xcf, 0xb6, 0x3b, 0xdf, 0xfe, 0x7d, 0x3a, 0xcf, 0x6a, 0x8f, 0x1f, 0xff, 
	0xff, 0xff, 0xff, 0xff, 0xff, 0xff, 0xf7, 0xff, 0xff, 0xff, 0xff, 0xff, 0xff, 0xff, 0xff, 0xff, 
	0xff, 0xfd, 0xf7, 0xf0, 0xff, 0xbf, 0xbf, 0xfe, 0x7a, 0xff, 0x3b, 0x5d, 0x7b, 0xbf, 0x7b, 0xfe, 
	0xb7, 0x57, 0x7c, 0x3c, 0x3e, 0x0f, 0xff, 0xff, 0xff, 0xff, 0xff, 0xff, 0xff, 0xff, 0xff, 0xff, 
	0xff, 0xff, 0xff, 0xff, 0xff, 0xff, 0xff, 0xe7, 0xf7, 0xf0, 0xff, 0xff, 0xff, 0xfe, 0xf5, 0xfa, 
	0x36, 0xba, 0xf7, 0xbe, 0xfa, 0xfd, 0xbf, 0x67, 0x3d, 0xff, 0xff, 0xff, 0xff, 0xff, 0xff, 0xff, 
	0xff, 0xff, 0xff, 0xff, 0xff, 0xff, 0xff, 0xff, 0xff, 0xff, 0xff, 0xff, 0xff, 0xfb, 0xf7, 0xf0, 
	0xff, 0xff, 0xff, 0xfd, 0xeb, 0xf6, 0xff, 0x39, 0xf7, 0xff, 0xfd, 0xf9, 0xbf, 0xaf, 0x3d, 0xff, 
	0xff, 0xff, 0xff, 0xff, 0xff, 0xff, 0xff, 0xff, 0xef, 0xff, 0xff, 0xff, 0xff, 0xff, 0xff, 0xff, 
	0xff, 0xff, 0xff, 0xfb, 0xf7, 0xf0, 0xff, 0xdf, 0xff, 0xf3, 0x37, 0xff, 0x68, 0xf5, 0xff, 0x7d, 
	0xf7, 0xf9, 0xef, 0xef, 0x5e, 0xff, 0xff, 0xff, 0xff, 0xff, 0xff, 0xff, 0xff, 0xff, 0xff, 0xff, 
	0xff, 0xff, 0xff, 0xff, 0xff, 0xff, 0xff, 0xff, 0xff, 0xef, 0xff, 0xf0, 0xff, 0xdf, 0xff, 0xf6, 
	0xf7, 0xd8, 0xd3, 0xf5, 0xfc, 0xfb, 0xe7, 0xf2, 0x5f, 0xef, 0x5e, 0x7f, 0xff, 0xff, 0xff, 0xff, 
	0xff, 0xff, 0xff, 0xff, 0xff, 0xff, 0xff, 0xff, 0xff, 0xff, 0xff, 0xff, 0xff, 0xff, 0xff, 0xef, 
	0xff, 0xf0, 0xff, 0xdf, 0xff, 0xf5, 0xef, 0xb9, 0xb5, 0xe3, 0xfe, 0xf7, 0xd7, 0xf3, 0xdf, 0xef, 
	0xbf, 0x7f, 0xff, 0xff, 0xff, 0xff, 0xff, 0xff, 0xff, 0xff, 0xff, 0xff, 0xff, 0xff, 0xff, 0xff, 
	0xff, 0xff, 0xff, 0xff, 0xff, 0xff, 0xff, 0xf0, 0xff, 0xf7, 0xff, 0xef, 0xdf, 0xf7, 0xe7, 0xc7, 
	0xf9, 0xff, 0x9f, 0xf7, 0x1f, 0xc3, 0xaf, 0xff, 0xff, 0xff, 0xff, 0xff, 0xff, 0xff, 0xff, 0xff, 
	0xbf, 0xff, 0xff, 0xff, 0xff, 0xff, 0xff, 0xff, 0xff, 0xff, 0xff, 0xff, 0xff, 0xf0, 0xff, 0xff, 
	0xff, 0xef, 0xde, 0xff, 0x4f, 0xcf, 0xf9, 0xef, 0x9f, 0xff, 0xff, 0xeb, 0xaf, 0xbf, 0xff, 0xff, 
	0xff, 0xff, 0xff, 0xff, 0xff, 0xff, 0xef, 0xff, 0xff, 0xff, 0xff, 0xff, 0xff, 0xff, 0xff, 0xff, 
	0xff, 0xff, 0xdf, 0xf0, 0xff, 0xff, 0xff, 0xcf, 0xfd, 0xff, 0x0f, 0xdf, 0xf5, 0xcf, 0xbf, 0xff, 
	0xff, 0xeb, 0xaf, 0xbf, 0xff, 0xff, 0xff, 0xff, 0xff, 0xff, 0xff, 0xff, 0xff, 0xff, 0xff, 0xff, 
	0xff, 0xff, 0xff, 0xff, 0xff, 0xff, 0xff, 0xff, 0xdf, 0xf0, 0xff, 0xff, 0xff, 0xbf, 0xff, 0xfe, 
	0x3f, 0x7f, 0xef, 0x9f, 0x2f, 0xff, 0xff, 0xfb, 0xf7, 0xdf, 0xff, 0xff, 0xff, 0xff, 0xff, 0xff, 
	0xff, 0xff, 0xff, 0xff, 0xff, 0xff, 0xff, 0xff, 0xff, 0xff, 0xff, 0xff, 0xff, 0xff, 0xff, 0xf0, 
	0xff, 0xff, 0xff, 0xbf, 0xff, 0xfc, 0xfe, 0xff, 0xef, 0xbf, 0x5f, 0xff, 0xff, 0xfb, 0xfb, 0xcf, 
	0xff, 0xff, 0xff, 0xff, 0xff, 0xff, 0xff, 0xff, 0xff, 0xff, 0xff, 0xff, 0xff, 0xff, 0xff, 0xff, 
	0xff, 0xff, 0xff, 0xff, 0xff, 0xf0
};

// 'title', 300x400px
const unsigned char epd_bitmap_title [] PROGMEM = {
	0xbe, 0x7f, 0xff, 0xff, 0x3f, 0xff, 0xbf, 0x8b, 0xff, 0xff, 0xff, 0xff, 0xe3, 0xf3, 0x1f, 0xff, 
	0xff, 0xfe, 0x3f, 0xff, 0xff, 0xff, 0x89, 0xff, 0x87, 0x7f, 0xff, 0xf3, 0x9b, 0xff, 0xff, 0xff, 
	0xf8, 0x7f, 0x29, 0xff, 0xf6, 0xf0, 0xb8, 0x3f, 0xff, 0xf8, 0x7f, 0xff, 0x1f, 0xbb, 0xff, 0xff, 
	0xff, 0xff, 0xd9, 0xf7, 0xdf, 0x07, 0xfd, 0xfd, 0x9f, 0xff, 0xff, 0xff, 0xbe, 0xfe, 0x12, 0xfd, 
	0xff, 0xed, 0xbb, 0xff, 0xff, 0xff, 0xfb, 0x1f, 0x6d, 0xfc, 0x64, 0xf0, 0xb3, 0xbf, 0xff, 0xe2, 
	0x7f, 0xff, 0x6f, 0x7b, 0xff, 0xff, 0xff, 0xff, 0xbd, 0xf7, 0xdf, 0x77, 0xfb, 0xf9, 0xbf, 0xff, 
	0xff, 0xff, 0x9e, 0xdc, 0xf3, 0xfc, 0x1f, 0xee, 0xbb, 0xff, 0xff, 0xc7, 0xfb, 0xc7, 0x6d, 0xf8, 
	0x69, 0xf0, 0xb3, 0xbf, 0xff, 0xcc, 0xff, 0xfe, 0x67, 0x7b, 0xff, 0x07, 0xcf, 0xff, 0xbd, 0xf7, 
	0x9f, 0x24, 0x07, 0xf8, 0x3f, 0xff, 0xff, 0xff, 0xce, 0xfe, 0xe7, 0xfc, 0xc3, 0xee, 0x03, 0xff, 
	0xff, 0xc9, 0xf9, 0xf7, 0x5d, 0xf2, 0xe3, 0xf0, 0xbb, 0xbf, 0xff, 0xdd, 0xff, 0x8e, 0xb3, 0x7b, 
	0xfe, 0xfb, 0x3f, 0xff, 0x3c, 0xf3, 0x3f, 0x8d, 0x32, 0x18, 0xff, 0xff, 0xff, 0xf3, 0xe0, 0xfe, 
	0x0e, 0x16, 0xfc, 0xef, 0x4f, 0xe1, 0xff, 0xcc, 0xfc, 0xf7, 0x7d, 0xce, 0xff, 0x80, 0xdb, 0x3f, 
	0xff, 0x9b, 0xff, 0x2e, 0xbb, 0x77, 0xff, 0xfc, 0xff, 0xff, 0x3c, 0xf8, 0x7f, 0xc3, 0xb9, 0xe6, 
	0x27, 0xff, 0xff, 0xe0, 0x7f, 0xff, 0x3e, 0xde, 0x7f, 0xe7, 0x7f, 0xee, 0x73, 0xee, 0x7e, 0x07, 
	0x39, 0x9c, 0xff, 0x70, 0x1e, 0x7f, 0xff, 0xbf, 0xcf, 0x66, 0x9b, 0x0f, 0xdd, 0xf8, 0xff, 0xff, 
	0xbd, 0xff, 0xff, 0xf9, 0xbf, 0xf8, 0x0f, 0xff, 0xff, 0xcf, 0x93, 0xff, 0xf6, 0xdf, 0x3f, 0xf3, 
	0xff, 0xe7, 0x3f, 0xe6, 0x7f, 0xff, 0xbb, 0xb9, 0xff, 0x30, 0xd3, 0xff, 0xff, 0xf3, 0x9f, 0x74, 
	0xd9, 0xfe, 0x3d, 0xf8, 0x7c, 0x3f, 0xbd, 0xff, 0xff, 0xfd, 0xbf, 0xfe, 0x7f, 0xff, 0xff, 0xdf, 
	0xf1, 0xff, 0x83, 0x3f, 0x9c, 0x79, 0xbf, 0xf3, 0xbf, 0xf8, 0xff, 0xff, 0x93, 0xa3, 0xff, 0xb0, 
	0xdf, 0xbf, 0x83, 0xfe, 0x3f, 0x75, 0xd9, 0xe1, 0xfc, 0xf9, 0x93, 0xbf, 0x99, 0xe0, 0xfe, 0x1c, 
	0xbf, 0xff, 0xff, 0xff, 0xff, 0xcf, 0xc3, 0x87, 0x3b, 0xff, 0xc1, 0xfc, 0xbf, 0xfa, 0x7b, 0xff, 
	0xff, 0xfb, 0xd7, 0x8f, 0xff, 0x90, 0xcf, 0xbf, 0xf9, 0xff, 0xff, 0x75, 0xdb, 0xcf, 0x7c, 0x7d, 
	0xc3, 0x7f, 0xc3, 0xce, 0xfe, 0xcf, 0x3f, 0xff, 0xff, 0xff, 0xff, 0xef, 0x13, 0x37, 0x93, 0x7f, 
	0xff, 0xff, 0xbe, 0x0d, 0xfb, 0xf8, 0x3f, 0xff, 0xff, 0xff, 0xff, 0xc0, 0x0f, 0x7f, 0xfc, 0xcf, 
	0xff, 0x77, 0x9b, 0xfc, 0x7d, 0x9e, 0xf0, 0x7f, 0xff, 0x9e, 0xfe, 0xef, 0xff, 0xff, 0xff, 0xff, 
	0xff, 0xe0, 0x7e, 0x77, 0xc7, 0xff, 0x8f, 0xff, 0x9c, 0xe7, 0xfb, 0xf3, 0x3f, 0xff, 0xff, 0xff, 
	0xff, 0xf0, 0xbe, 0xef, 0xfc, 0xff, 0x8f, 0x37, 0x93, 0xf0, 0xfc, 0xdf, 0x39, 0xff, 0xef, 0xb8, 
	0xfe, 0xef, 0xff, 0xff, 0xff, 0xff, 0xff, 0xf3, 0xfc, 0xcf, 0xff, 0xdf, 0xe2, 0x03, 0xfe, 0x0f, 
	0xfb, 0xe7, 0x7f, 0xe0, 0x7f, 0xff, 0xff, 0xf0, 0xfc, 0x9f, 0xfd, 0xff, 0x2f, 0x9f, 0x37, 0xc7, 
	0xfe, 0x1f, 0x9b, 0xf7, 0x8f, 0x83, 0xfe, 0xcf, 0xff, 0xff, 0xff, 0xff, 0xff, 0xff, 0xfc, 0x1f, 
	0xff, 0x0e, 0x78, 0xc0, 0x0f, 0xff, 0x83, 0xf0, 0x7f, 0xcf, 0x7f, 0x87, 0xff, 0xf0, 0xfc, 0x3c, 
	0xfd, 0xfe, 0x6f, 0xcf, 0x7f, 0xcf, 0xff, 0xff, 0xd9, 0xcf, 0x3f, 0xff, 0x9e, 0xdf, 0xf8, 0x3f, 
	0xff, 0xff, 0xff, 0xff, 0xfe, 0x7f, 0xfe, 0xec, 0x7f, 0xcf, 0xe3, 0xff, 0xe1, 0xff, 0xff, 0xdf, 
	0xbf, 0x33, 0x9f, 0xf0, 0xff, 0xf8, 0x3d, 0xfd, 0xcf, 0xf6, 0xff, 0xe0, 0x07, 0xfd, 0xfc, 0x3e, 
	0x7f, 0xff, 0x0e, 0x1f, 0xfd, 0xbf, 0xff, 0xff, 0xff, 0xff, 0xff, 0xff, 0xfc, 0xcd, 0xbf, 0x1f, 
	0xfc, 0x7f, 0xfc, 0x7f, 0xff, 0xdf, 0xbf, 0x93, 0x2f, 0xf0, 0xff, 0xfb, 0x9d, 0xf9, 0xdf, 0xfc, 
	0xf3, 0xff, 0xf9, 0xfd, 0xff, 0xfe, 0xff, 0xff, 0x77, 0x39, 0x8c, 0x1f, 0xff, 0xff, 0xff, 0xff, 
	0xff, 0xff, 0xfd, 0x9d, 0xbc, 0xd7, 0x9f, 0x80, 0xe1, 0x3f, 0xff, 0xdf, 0xff, 0xc7, 0x68, 0x30, 
	0xce, 0xfb, 0xdf, 0xfb, 0xbf, 0xfb, 0x81, 0xff, 0xfd, 0xfb, 0xe7, 0xff, 0xff, 0xc7, 0xb7, 0xf5, 
	0xa6, 0x7f, 0xff, 0xff, 0xff, 0xff, 0xff, 0xfe, 0x18, 0x3d, 0xb9, 0x86, 0x1f, 0xfe, 0x7f, 0xcf, 
	0x3f, 0xe7, 0x0f, 0xff, 0x0b, 0x80, 0xdf, 0xf9, 0xdf, 0xf9, 0x7f, 0x36, 0x39, 0xff, 0x9d, 0xf7, 
	0x9f, 0xff, 0x87, 0xb0, 0xc3, 0xed, 0x37, 0xff, 0xff, 0xff, 0xff, 0xff, 0xff, 0xf9, 0xd8, 0xfd, 
	0xb3, 0x9d, 0xb8, 0x7f, 0xff, 0xe7, 0xbf, 0xf0, 0x67, 0xff, 0xbb, 0xe0, 0xdf, 0xfc, 0xdf, 0xfc, 
	0xfb, 0x3c, 0x79, 0xff, 0x19, 0xff, 0xff, 0x8f, 0x7f, 0xfe, 0x67, 0xff, 0x7b, 0xff, 0xff, 0xff, 
	0xff, 0xff, 0xff, 0xf3, 0x9f, 0xfc, 0xbf, 0xbd, 0x3b, 0xbf, 0xff, 0xf3, 0xbf, 0xff, 0xe7, 0xff, 
	0x39, 0xf0, 0xcf, 0xfe, 0x1d, 0xff, 0xfd, 0x39, 0x7b, 0xf7, 0x63, 0xe3, 0xff, 0xa7, 0xff, 0xff, 
	0xff, 0xf3, 0x3b, 0xff, 0xff, 0xff, 0xff, 0xff, 0xff, 0xf7, 0xbf, 0xfe, 0x3f, 0xf8, 0x73, 0x7f, 
	0xfe, 0xf9, 0x9f, 0xff, 0xef, 0x3e, 0x1c, 0xf0, 0xef, 0xff, 0xc1, 0xff, 0xfd, 0x78, 0x7b, 0xc7, 
	0xcf, 0xc9, 0xff, 0xb7, 0xf0, 0x7f, 0xf9, 0xff, 0xbb, 0xff, 0xff, 0xff, 0xff, 0xff, 0xff, 0xef, 
	0x3f, 0xfe, 0x7f, 0xf8, 0xf8, 0xff, 0xfe, 0xfe, 0x9f, 0xf0, 0xef, 0x3e, 0xde, 0x30, 0xe7, 0xff, 
	0x1b, 0xff, 0xfe, 0x78, 0xe7, 0x1f, 0x9f, 0xdd, 0xff, 0xb3, 0xc7, 0x3d, 0xff, 0x1f, 0xdb, 0xff, 
	0xff, 0xff, 0xff, 0xff, 0xff, 0xce, 0x7f, 0xff, 0xff, 0xff, 0xff, 0xff, 0xff, 0x8f, 0x1f, 0xf2, 
	0x6f, 0x5e, 0x3f, 0x80, 0xf7, 0xfc, 0x77, 0xff, 0xfe, 0x5c, 0x08, 0x7f, 0xff, 0xdd, 0xff, 0xc7, 
	0xdf, 0x70, 0xff, 0xc3, 0xe3, 0xff, 0xff, 0xff, 0xff, 0xff, 0xff, 0xc0, 0xff, 0xff, 0xfc, 0x0f, 
	0xff, 0xfe, 0x03, 0xf0, 0x1f, 0x18, 0x6f, 0x4e, 0x7f, 0xf0, 0xff, 0xfd, 0xef, 0xff, 0xfe, 0x7f, 
	0x03, 0xff, 0xff, 0xe9, 0x80, 0x07, 0xbe, 0x77, 0x7f, 0xf8, 0xff, 0xff, 0xff, 0xff, 0xff, 0xff, 
	0xff, 0xff, 0xff, 0xff, 0xf9, 0x8f, 0x9f, 0xff, 0xf0, 0xfe, 0x0e, 0xcf, 0xee, 0x4d, 0xff, 0xf0, 
	0xf8, 0x79, 0xdf, 0xff, 0xfc, 0xff, 0x8f, 0x83, 0xff, 0xe3, 0xff, 0xcf, 0x80, 0xf7, 0x3e, 0xee, 
	0xff, 0xff, 0xff, 0xff, 0xff, 0xff, 0xff, 0xff, 0xff, 0xff, 0xf3, 0x3e, 0x1f, 0xff, 0xfe, 0x3f, 
	0x8c, 0x67, 0xee, 0x4f, 0xff, 0xf0, 0xf3, 0x3b, 0xbf, 0xff, 0xfc, 0xf8, 0x30, 0x3f, 0x0f, 0xf7, 
	0xff, 0xff, 0xc7, 0xf7, 0xbf, 0x76, 0xff, 0xff, 0xff, 0xff, 0xff, 0xff, 0xff, 0xff, 0xff, 0xff, 
	0xf6, 0x7c, 0xdf, 0xff, 0xff, 0x9f, 0xc9, 0x0f, 0xe7, 0xef, 0xff, 0xf0, 0xe4, 0xb3, 0xf3, 0xef, 
	0xfd, 0xd0, 0x07, 0xff, 0x6d, 0xff, 0xf8, 0x7f, 0xfc, 0x37, 0x9f, 0xb8, 0xff, 0xff, 0xff, 0xff, 
	0xff, 0xff, 0xff, 0xff, 0xff, 0xff, 0xf8, 0xf9, 0xcf, 0xff, 0xcf, 0xc7, 0xe5, 0xff, 0xe7, 0xef, 
	0xff, 0xf0, 0xef, 0xb3, 0xc7, 0xc1, 0xf9, 0x60, 0x7f, 0xff, 0x2e, 0xff, 0xf9, 0x9f, 0xf9, 0xd3, 
	0x9f, 0xdf, 0xff, 0xff, 0xff, 0xff, 0xff, 0xff, 0xff, 0xff, 0xff, 0xff, 0xf9, 0xdb, 0xcf, 0xff, 
	0x87, 0xe3, 0xf7, 0xff, 0xf7, 0xff, 0xe7, 0xf0, 0xee, 0x33, 0x1f, 0xcc, 0xf3, 0x83, 0xff, 0xff, 
	0x8f, 0xff, 0xee, 0xe7, 0xfb, 0xd9, 0x9f, 0xff, 0xff, 0xff, 0xff, 0xff, 0xff, 0xff, 0xff, 0xff, 
	0xff, 0xff, 0xf3, 0xbe, 0xef, 0xff, 0xbb, 0xf9, 0xf3, 0xff, 0xf7, 0xff, 0xc1, 0xf0, 0xec, 0xf2, 
	0x7f, 0xce, 0xf2, 0x00, 0x00, 0x0f, 0xff, 0xf7, 0xe7, 0x73, 0xfb, 0xdc, 0x9f, 0xff, 0xff, 0xff, 
	0xff, 0xff, 0xff, 0xff, 0xff, 0xff, 0xff, 0xff, 0xe7, 0x7e, 0xef, 0x00, 0xb9, 0xfc, 0x73, 0xf9, 
	0xf3, 0xff, 0xcc, 0xf0, 0xef, 0xf1, 0xff, 0xe6, 0xe4, 0x01, 0xf0, 0xc0, 0x1f, 0xf3, 0xf3, 0xbb, 
	0xf9, 0x9e, 0x3f, 0xff, 0xff, 0xff, 0xff, 0xff, 0xff, 0xff, 0xff, 0xff, 0xff, 0xff, 0xee, 0xfc, 
	0xcc, 0x7c, 0xbd, 0xff, 0x1b, 0xf0, 0xfb, 0xff, 0x4e, 0x70, 0xff, 0x73, 0xff, 0xf2, 0xc0, 0x7f, 
	0xfe, 0x3f, 0xe1, 0xf7, 0xf9, 0xcb, 0xfc, 0x3f, 0xff, 0xff, 0xff, 0xff, 0xff, 0xff, 0xff, 0xff, 
	0xff, 0xff, 0xff, 0xff, 0xec, 0xdc, 0xcc, 0x31, 0xbd, 0xff, 0x89, 0xf6, 0xf9, 0xff, 0xaf, 0x30, 
	0xf0, 0x13, 0xfe, 0x3f, 0xc3, 0xff, 0xff, 0x9e, 0x64, 0xf6, 0x7c, 0xe1, 0xff, 0xfb, 0xff, 0xff, 
	0xff, 0xff, 0xff, 0xff, 0xff, 0xff, 0xff, 0xff, 0xff, 0xff, 0xed, 0xd8, 0xdb, 0xc7, 0x99, 0xf0, 
	0xe1, 0xe6, 0xfc, 0xff, 0xa7, 0xb0, 0x47, 0xcb, 0xfc, 0x9f, 0x8f, 0xf8, 0x7f, 0xfc, 0x36, 0x76, 
	0xce, 0x71, 0xff, 0xff, 0xff, 0xff, 0xff, 0xff, 0xff, 0xff, 0xff, 0xff, 0xff, 0xff, 0xff, 0xff, 
	0xed, 0xb8, 0xdb, 0xff, 0xd3, 0x86, 0x78, 0xee, 0x6e, 0x7f, 0xf7, 0xb0, 0x1f, 0x19, 0xd9, 0xdf, 
	0x1f, 0xfb, 0xbf, 0xef, 0xb3, 0x76, 0xc7, 0x7f, 0xff, 0xff, 0xff, 0xff, 0xff, 0xff, 0xff, 0xff, 
	0xff, 0xff, 0xff, 0xff, 0xff, 0xff, 0xe1, 0x30, 0xd9, 0xfc, 0xe7, 0x3f, 0x7c, 0xcf, 0x7f, 0x7d, 
	0xf3, 0x90, 0xc0, 0x79, 0x99, 0x9e, 0x7f, 0xf9, 0xdf, 0xef, 0xb8, 0x36, 0xc7, 0xbf, 0xff, 0xff, 
	0xff, 0xff, 0xff, 0xff, 0xff, 0xff, 0xff, 0xff, 0xff, 0xff, 0xff, 0xff, 0xf3, 0x74, 0x9e, 0x75, 
	0x7f, 0x7e, 0xc6, 0x6b, 0x7f, 0xfd, 0xb9, 0x90, 0xe3, 0xf9, 0x99, 0xbc, 0xf1, 0xfd, 0xdf, 0xe7, 
	0xbf, 0xf2, 0x65, 0x9f, 0xff, 0xff, 0xff, 0xff, 0xff, 0xff, 0xff, 0xff, 0xff, 0xff, 0xff, 0xff, 
	0xff, 0xff, 0xf0, 0x65, 0xbe, 0x71, 0x7f, 0x7c, 0xb3, 0x23, 0x33, 0xed, 0xbc, 0x90, 0xff, 0xfd, 
	0xbd, 0xb9, 0xc6, 0x1c, 0x9f, 0xf3, 0xbf, 0xf3, 0x77, 0xdf, 0xff, 0xff, 0xff, 0xff, 0xff, 0xff, 
	0xff, 0xff, 0xff, 0xff, 0xff, 0xff, 0xff, 0xff, 0xf1, 0x6d, 0x3c, 0xfd, 0x7f, 0xf9, 0x87, 0x8f, 
	0xb1, 0xed, 0xbf, 0x30, 0xff, 0xcd, 0xbc, 0x73, 0x9c, 0xcf, 0x3f, 0xf9, 0x3f, 0xfb, 0x3b, 0xcf, 
	0xff, 0xff, 0xff, 0xff, 0xff, 0xff, 0xff, 0xff, 0xff, 0xff, 0xff, 0xff, 0xff, 0xff, 0xf2, 0xcc, 
	0x7b, 0x9d, 0x7c, 0xe3, 0xff, 0xc7, 0xb0, 0xed, 0xff, 0xf0, 0xff, 0x8d, 0xbe, 0xc6, 0x33, 0xdf, 
	0xff, 0xfc, 0x7f, 0xfb, 0xbb, 0xef, 0xff, 0xff, 0xff, 0xff, 0xff, 0xff, 0xff, 0xff, 0xff, 0xff, 
	0xff, 0xff, 0xff, 0xff, 0xf2, 0xde, 0xfb, 0x1d, 0x70, 0x3f, 0xff, 0xe3, 0x93, 0x65, 0xff, 0xf0, 
	0xfc, 0x2c, 0xb7, 0x8e, 0xe3, 0x9f, 0xff, 0xff, 0xff, 0x09, 0xdd, 0xef, 0xff, 0xff, 0xff, 0xff, 
	0xff, 0xff, 0xff, 0xff, 0xff, 0xff, 0xff, 0xff, 0xff, 0xff, 0xf9, 0x3f, 0xf2, 0x5c, 0xfb, 0xdf, 
	0xff, 0xf8, 0xdf, 0x24, 0xff, 0xf0, 0xf8, 0x64, 0xaf, 0x3e, 0xc8, 0x3f, 0xf8, 0x3f, 0xff, 0x61, 
	0xe4, 0xcf, 0xff, 0xff, 0xff, 0xff, 0xff, 0xff, 0xff, 0xff, 0xff, 0xff, 0xff, 0xff, 0xff, 0xff, 
	0xf8, 0x7f, 0xf6, 0xd7, 0xfc, 0xdf, 0xff, 0xfc, 0x4f, 0xb4, 0xf7, 0xf0, 0xff, 0x65, 0x0e, 0x7e, 
	0x1f, 0xff, 0xe3, 0x9f, 0x01, 0x31, 0xf2, 0xcf, 0xff, 0xff, 0xff, 0xff, 0xff, 0xff, 0xff, 0xff, 
	0xff, 0xff, 0xff, 0xff, 0xff, 0xff, 0xff, 0xff, 0xf2, 0xb7, 0xff, 0x1f, 0xff, 0xfe, 0x0f, 0x34, 
	0xf7, 0xf0, 0xef, 0xe5, 0x1c, 0xc3, 0xff, 0xff, 0xef, 0xde, 0x7b, 0xb9, 0xf8, 0x5f, 0xff, 0xff, 
	0xff, 0xff, 0xff, 0xff, 0xff, 0xff, 0xff, 0xff, 0xff, 0xff, 0xff, 0xff, 0xff, 0xff, 0xf9, 0xb7, 
	0xf3, 0xff, 0xff, 0xff, 0x0b, 0x74, 0xf7, 0xf0, 0xc9, 0xed, 0x11, 0x9d, 0xff, 0xff, 0xf7, 0xcc, 
	0xf3, 0x9d, 0xfc, 0x1f, 0xff, 0xff, 0xff, 0xff, 0xff, 0xff, 0xff, 0xff, 0xff, 0xff, 0xff, 0xff, 
	0xff, 0xff, 0xff, 0xff, 0xfd, 0xb7, 0xe5, 0xff, 0xff, 0xff, 0x84, 0xf4, 0xf7, 0xf0, 0x88, 0xe9, 
	0x23, 0x3d, 0xf7, 0x03, 0xf3, 0xd9, 0xe7, 0xdd, 0xff, 0x3f, 0xff, 0xff, 0xff, 0xff, 0xff, 0xff, 
	0xff, 0xff, 0xff, 0xff, 0xff, 0xff, 0xff, 0xff, 0xff, 0xff, 0xfc, 0xb7, 0xec, 0xff, 0xff, 0xff, 
	0xc7, 0xf1, 0xf7, 0xf0, 0x68, 0xe9, 0x07, 0x4d, 0xe8, 0x7f, 0xf9, 0x3b, 0xcf, 0xec, 0xff, 0xff, 
	0xff, 0xff, 0xff, 0xff, 0xff, 0xff, 0xff, 0xff, 0xff, 0xff, 0xff, 0xff, 0xff, 0xff, 0xff, 0xff, 
	0xfc, 0xe7, 0xee, 0xff, 0xff, 0xff, 0xe7, 0xf9, 0xf7, 0xf0, 0xea, 0x6b, 0x0e, 0x4b, 0xc3, 0xff, 
	0xfc, 0x77, 0x1f, 0xf2, 0xff, 0xff, 0xff, 0xff, 0xff, 0xff, 0xff, 0xff, 0xff, 0xff, 0xff, 0xff, 
	0xff, 0xff, 0xff, 0xff, 0xff, 0xff, 0xfe, 0xef, 0xe6, 0xfe, 0x01, 0xfc, 0xe3, 0xf9, 0xf7, 0xf0, 
	0xea, 0x62, 0x1e, 0xe3, 0x87, 0xff, 0xf7, 0xf0, 0x7f, 0xf8, 0xff, 0xff, 0xff, 0xff, 0xff, 0xff, 
	0xff, 0xff, 0xff, 0xff, 0xff, 0xff, 0xff, 0xff, 0xff, 0xff, 0xff, 0xff, 0xfe, 0xdf, 0xe4, 0xf8, 
	0xfc, 0xf8, 0x73, 0x79, 0xf3, 0xf0, 0xc2, 0x26, 0x1c, 0xff, 0x1f, 0xff, 0xe3, 0xff, 0x87, 0xfc, 
	0xff, 0xff, 0xff, 0xff, 0xff, 0xff, 0xff, 0xff, 0xff, 0xff, 0xff, 0xff, 0xff, 0xff, 0xff, 0xff, 
	0xff, 0xff, 0xfe, 0x9f, 0xf5, 0xf9, 0xfe, 0x73, 0x33, 0x79, 0xf3, 0xf0, 0xd2, 0xe6, 0x3c, 0x7e, 
	0x7f, 0xfe, 0xed, 0xff, 0xfb, 0xff, 0xff, 0xff, 0xff, 0xff, 0xff, 0xff, 0xff, 0xff, 0xff, 0xff, 
	0xff, 0xff, 0xff, 0xff, 0xff, 0xff, 0xff, 0xff, 0xfe, 0x3f, 0xf1, 0xfc, 0xff, 0x33, 0xb9, 0xbc, 
	0xfb, 0xe0, 0x96, 0xec, 0x38, 0xfc, 0xfe, 0x00, 0xec, 0xee, 0xfd, 0xff, 0xff, 0xff, 0xff, 0xff, 
	0xff, 0xff, 0xff, 0xff, 0xff, 0xff, 0xff, 0xff, 0xff, 0xff, 0xff, 0xff, 0xff, 0xff, 0xfe, 0x7f, 
	0xf3, 0xfe, 0x7f, 0xbb, 0xbd, 0x9c, 0xfb, 0xc0, 0x36, 0xec, 0x79, 0xf1, 0xf0, 0x67, 0xee, 0xee, 
	0x3d, 0xff, 0xff, 0xff, 0xff, 0xff, 0xff, 0xff, 0xff, 0xff, 0xff, 0xff, 0xff, 0xff, 0xff, 0xff, 
	0xff, 0xff, 0xff, 0xff, 0xff, 0xff, 0xf7, 0xff, 0x0e, 0x38, 0x7c, 0xcc, 0xf9, 0xc0, 0xf6, 0xe8, 
	0x73, 0xc3, 0x81, 0xff, 0xec, 0xef, 0x1d, 0xff, 0xff, 0xff, 0xff, 0xff, 0xff, 0xff, 0xff, 0xff, 
	0xff, 0xff, 0xff, 0xff, 0xff, 0xff, 0xff, 0xff, 0xff, 0xff, 0xff, 0xff, 0xff, 0xff, 0xe0, 0x7f, 
	0xfe, 0x46, 0xf9, 0x80, 0xf6, 0xc8, 0x77, 0x84, 0x00, 0x1f, 0xe1, 0xe9, 0x2d, 0xff, 0xff, 0xff, 
	0xff, 0xff, 0xff, 0xff, 0xff, 0xff, 0xff, 0xff, 0xff, 0xff, 0xff, 0xff, 0xff, 0xff, 0xff, 0xff, 
	0xff, 0xff, 0xff, 0xff, 0xff, 0x7f, 0xfe, 0x66, 0x7d, 0x90, 0xf6, 0x1a, 0x66, 0x60, 0xff, 0xf1, 
	0xf3, 0xe5, 0xb4, 0xff, 0xff, 0xff, 0xff, 0xff, 0xff, 0xff, 0xff, 0xff, 0xff, 0xff, 0xff, 0xff, 
	0xff, 0xff, 0xff, 0xff, 0xff, 0xff, 0xff, 0xff, 0xff, 0xff, 0xfc, 0x7c, 0x7f, 0x22, 0x75, 0x90, 
	0xf7, 0x32, 0x4c, 0xc3, 0xff, 0xff, 0xff, 0xf4, 0x92, 0xff, 0xff, 0xff, 0xff, 0xff, 0xff, 0xff, 
	0xff, 0xff, 0xff, 0xff, 0xff, 0xff, 0xff, 0xff, 0xff, 0xff, 0xff, 0xff, 0xff, 0xff, 0xff, 0xff, 
	0xf1, 0xf8, 0x01, 0x90, 0x74, 0xb0, 0xe7, 0xf6, 0xcb, 0x8f, 0x3f, 0xff, 0xff, 0xf6, 0xd8, 0xff, 
	0xff, 0xff, 0xff, 0xff, 0xff, 0xff, 0xff, 0xff, 0xff, 0xff, 0xff, 0xff, 0xff, 0xff, 0xff, 0xff, 
	0xff, 0xff, 0xff, 0xff, 0xff, 0xff, 0xc7, 0xff, 0xf0, 0x00, 0x74, 0x20, 0xe7, 0xe4, 0x97, 0x3e, 
	0x07, 0xff, 0xff, 0xf2, 0x4c, 0x7f, 0xff, 0xff, 0xff, 0xff, 0xff, 0xff, 0xff, 0xff, 0xff, 0xff, 
	0xff, 0xff, 0xff, 0xff, 0xff, 0xff, 0xff, 0xff, 0xff, 0xff, 0xff, 0xff, 0x1f, 0x77, 0xc7, 0x00, 
	0x74, 0x50, 0xe7, 0xed, 0x8c, 0x7e, 0x71, 0xff, 0xff, 0xfb, 0x66, 0x7f, 0xff, 0xff, 0xff, 0xff, 
	0xff, 0xff, 0xff, 0xff, 0xff, 0xff, 0xff, 0xff, 0xff, 0xff, 0xff, 0xff, 0xff, 0xff, 0xff, 0xff, 
	0xff, 0xfe, 0x76, 0x37, 0x9f, 0xc0, 0x7c, 0xc0, 0xe7, 0xcd, 0x38, 0xff, 0x7d, 0xff, 0xff, 0xf9, 
	0x73, 0x7f, 0xff, 0xff, 0xff, 0xff, 0xff, 0xff, 0xff, 0xff, 0xff, 0xff, 0xff, 0xff, 0xff, 0xff, 
	0xff, 0xff, 0xff, 0xff, 0xff, 0xff, 0xff, 0xfc, 0xee, 0x77, 0xff, 0xf0, 0x7c, 0xf0, 0xc7, 0xcd, 
	0x71, 0xff, 0x9d, 0xff, 0xff, 0xfc, 0xf8, 0x7f, 0xff, 0xff, 0xff, 0xff, 0xff, 0xff, 0xff, 0xff, 
	0xff, 0xff, 0xff, 0xff, 0xff, 0xff, 0xff, 0xff, 0xff, 0xff, 0xff, 0xff, 0xff, 0xfc, 0xdc, 0x77, 
	0xff, 0xf0, 0x7c, 0xf0, 0xe7, 0xdc, 0x73, 0xff, 0xc1, 0xff, 0xff, 0xff, 0xfe, 0x7f, 0xff, 0xff, 
	0xff, 0xff, 0xff, 0xff, 0xff, 0xff, 0xff, 0xff, 0xff, 0xff, 0xff, 0xff, 0xff, 0xff, 0xff, 0xff, 
	0xff, 0xff, 0xff, 0xfc, 0xdd, 0x77, 0xff, 0xf8, 0x7e, 0x70, 0xe7, 0xdc, 0xe7, 0x1e, 0x7f, 0xff, 
	0xff, 0xff, 0xff, 0xff, 0xff, 0xff, 0xff, 0xff, 0xff, 0xff, 0xff, 0xff, 0xff, 0xff, 0xff, 0xff, 
	0xff, 0xff, 0xff, 0xff, 0xff, 0xff, 0xff, 0xff, 0xff, 0xfc, 0xbb, 0x77, 0xff, 0xf8, 0x3e, 0x70, 
	0xe7, 0xfc, 0xce, 0x6c, 0xbf, 0xff, 0xff, 0xff, 0xff, 0xff, 0xff, 0xff, 0xff, 0xff, 0xff, 0xff, 
	0xff, 0xff, 0xff, 0xff, 0xff, 0xff, 0xff, 0xff, 0xff, 0xff, 0xff, 0xff, 0xff, 0xff, 0xff, 0xfc, 
	0xb3, 0x77, 0xff, 0xfc, 0x3a, 0x70, 0xe7, 0xf9, 0xce, 0xed, 0x9f, 0xff, 0xff, 0xff, 0xff, 0xff, 
	0xff, 0xff, 0xff, 0xff, 0xff, 0xff, 0xff, 0xff, 0xff, 0xff, 0xff, 0xff, 0xff, 0xff, 0xff, 0xff, 
	0xff, 0xff, 0xff, 0xff, 0xff, 0xfe, 0x76, 0x67, 0xff, 0xfc, 0xbc, 0x70, 0xf7, 0xf9, 0xcd, 0xe5, 
	0x1f, 0xff, 0xff, 0xff, 0xff, 0xff, 0xff, 0xff, 0xff, 0xff, 0xff, 0xff, 0xff, 0xff, 0xff, 0xff, 
	0xff, 0xff, 0xff, 0xff, 0xff, 0xff, 0xff, 0xff, 0xff, 0xff, 0xff, 0xfe, 0xe6, 0xef, 0xff, 0xfe, 
	0x1c, 0x70, 0xf7, 0xf9, 0x9d, 0xec, 0xdf, 0xff, 0xff, 0xff, 0xff, 0xff, 0xff, 0xff, 0xff, 0xff, 
	0xff, 0xff, 0xff, 0xff, 0xff, 0xff, 0xff, 0xff, 0xff, 0xff, 0xff, 0xff, 0xff, 0xff, 0xff, 0xff, 
	0xff, 0xfe, 0xce, 0xcf, 0xff, 0xfe, 0x1e, 0x70, 0xf3, 0xf1, 0x9d, 0xfd, 0xde, 0x0f, 0xff, 0xff, 
	0xff, 0xff, 0xff, 0xff, 0xff, 0xff, 0xff, 0xff, 0xff, 0xff, 0xff, 0xff, 0xff, 0xff, 0xff, 0xff, 
	0xff, 0xff, 0xff, 0xff, 0xff, 0xff, 0xff, 0xfe, 0x9e, 0xdf, 0xff, 0xfe, 0x5e, 0x70, 0xf3, 0xf5, 
	0x3d, 0xfd, 0xd8, 0xef, 0xff, 0xff, 0xff, 0xff, 0xff, 0xff, 0xff, 0xff, 0xff, 0xff, 0xff, 0xff, 
	0xff, 0xff, 0xff, 0xff, 0xff, 0xff, 0xff, 0xff, 0xff, 0xff, 0xff, 0xff, 0xff, 0xfe, 0x3e, 0x3f, 
	0xff, 0xff, 0x1e, 0x60, 0xf3, 0xe5, 0x3e, 0xfc, 0x33, 0xcf, 0xff, 0xff, 0xff, 0xff, 0xff, 0xff, 
	0xff, 0xff, 0xff, 0xff, 0xff, 0xff, 0xff, 0xff, 0xff, 0xff, 0xff, 0xff, 0xff, 0xff, 0xff, 0xff, 
	0xff, 0xff, 0xff, 0xff, 0xfe, 0x7f, 0xff, 0x3f, 0x0e, 0x60, 0xf3, 0xed, 0x7f, 0x07, 0xf0, 0x1f, 
	0xff, 0xff, 0xff, 0xff, 0xff, 0xff, 0xff, 0xff, 0xff, 0xff, 0xff, 0xff, 0xff, 0xff, 0xff, 0xff, 
	0xff, 0xff, 0xff, 0xff, 0xff, 0xff, 0xff, 0xff, 0xff, 0xff, 0xff, 0xff, 0xfe, 0x9f, 0x2f, 0x10, 
	0xf3, 0xc8, 0x7f, 0xcf, 0xf8, 0x7f, 0xff, 0xff, 0xff, 0xff, 0xff, 0xff, 0xff, 0xff, 0xff, 0xff, 
	0xff, 0xff, 0xff, 0xff, 0xff, 0xff, 0xff, 0xff, 0xff, 0xff, 0xff, 0xff, 0xff, 0xff, 0xff, 0xff, 
	0xff, 0xfc, 0x7c, 0xdf, 0xaf, 0x10, 0xf8, 0xd8, 0x7f, 0xf3, 0x07, 0xff, 0xff, 0xff, 0xff, 0xff, 
	0xff, 0xff, 0xff, 0xff, 0xff, 0xff, 0xff, 0xff, 0xff, 0xff, 0xff, 0xff, 0xff, 0xff, 0xff, 0xff, 
	0xff, 0xff, 0xff, 0xff, 0xff, 0xff, 0xff, 0xfd, 0x3d, 0xdf, 0x87, 0x10, 0xf1, 0xb8, 0xc3, 0xff, 
	0x78, 0xff, 0xff, 0xff, 0xff, 0xff, 0xff, 0xff, 0xff, 0xff, 0xff, 0xff, 0xff, 0xff, 0xff, 0xff, 
	0xff, 0xff, 0xff, 0xff, 0xff, 0xff, 0xff, 0xff, 0xff, 0xff, 0xff, 0xff, 0xff, 0xf8, 0xdf, 0xdf, 
	0x97, 0x90, 0x71, 0x38, 0xd9, 0xcf, 0x8c, 0x7f, 0xff, 0xff, 0xff, 0xff, 0xff, 0xff, 0xff, 0xff, 
	0xff, 0xff, 0xff, 0xff, 0xff, 0xff, 0xff, 0xff, 0xff, 0xff, 0xff, 0xff, 0xff, 0xff, 0xff, 0xff, 
	0xff, 0xff, 0xff, 0xfa, 0x4f, 0x3f, 0x97, 0x90, 0x71, 0x78, 0x9d, 0xe7, 0xff, 0x1f, 0xff, 0xff, 
	0xff, 0xff, 0xff, 0xff, 0xff, 0xff, 0xff, 0xff, 0xff, 0xff, 0xff, 0xff, 0xff, 0xff, 0xff, 0xff, 
	0xff, 0xff, 0xff, 0xff, 0xff, 0xff, 0xff, 0xff, 0xff, 0xf9, 0x6f, 0xff, 0xd7, 0xd0, 0xb0, 0xf8, 
	0x9d, 0xf7, 0xff, 0xff, 0xff, 0xff, 0xff, 0xff, 0xff, 0xff, 0xff, 0xff, 0xff, 0xff, 0xff, 0xff, 
	0xff, 0xff, 0xff, 0xff, 0xff, 0xff, 0xff, 0xff, 0xff, 0xff, 0xff, 0xff, 0xff, 0xff, 0xff, 0xf9, 
	0xef, 0xff, 0xd3, 0xd0, 0xb0, 0xe9, 0x99, 0xcf, 0xff, 0xff, 0xff, 0xff, 0xff, 0xff, 0xff, 0xff, 
	0xff, 0xff, 0xff, 0xff, 0xff, 0xff, 0xff, 0xff, 0xff, 0xff, 0xff, 0xff, 0xff, 0xff, 0xff, 0xff, 
	0xff, 0xff, 0xff, 0xff, 0xff, 0xfd, 0xec, 0x3f, 0xc3, 0xc0, 0xf1, 0xd9, 0x83, 0x9f, 0xff, 0xff, 
	0xff, 0xff, 0xff, 0xff, 0xff, 0xff, 0xff, 0xff, 0xff, 0xff, 0xff, 0xff, 0xff, 0xff, 0xff, 0xff, 
	0xff, 0xff, 0xff, 0xff, 0xff, 0xff, 0xff, 0xff, 0xff, 0xff, 0xff, 0xfe, 0xce, 0x0f, 0xc3, 0xe0, 
	0xf3, 0xd9, 0x8f, 0x3f, 0xff, 0xff, 0xff, 0xff, 0xff, 0xff, 0xff, 0xff, 0xff, 0xff, 0xff, 0xff, 
	0xff, 0xff, 0xff, 0xff, 0xff, 0xff, 0xff, 0xff, 0xff, 0xff, 0xff, 0xff, 0xff, 0xff, 0xff, 0xff, 
	0xff, 0xc0, 0x1f, 0xe7, 0xe3, 0xe0, 0xf7, 0xb3, 0x38, 0xff, 0xff, 0xff, 0xff, 0xff, 0xff, 0xff, 
	0xff, 0xff, 0xff, 0xff, 0xff, 0xff, 0xff, 0xff, 0xff, 0xff, 0xff, 0xff, 0xff, 0xff, 0xff, 0xff, 
	0xff, 0xff, 0xff, 0xff, 0xff, 0xff, 0xff, 0x1c, 0x7b, 0xf3, 0xe3, 0x60, 0xa7, 0xb2, 0x7f, 0xff, 
	0xff, 0xff, 0xff, 0xff, 0xff, 0xff, 0xff, 0xff, 0xff, 0xff, 0xff, 0xff, 0xff, 0xff, 0xff, 0xff, 
	0xff, 0xff, 0xff, 0xff, 0xff, 0xff, 0xff, 0xff, 0xff, 0xff, 0xff, 0xff, 0xfe, 0x66, 0xff, 0xf9, 
	0xe3, 0xb0, 0x07, 0x30, 0xff, 0xff, 0xff, 0xff, 0xff, 0xff, 0xff, 0xff, 0xff, 0xff, 0xff, 0xff, 
	0xff, 0xff, 0xff, 0xff, 0xff, 0xff, 0xff, 0xff, 0xff, 0xff, 0xff, 0xff, 0xff, 0xff, 0xff, 0xff, 
	0xff, 0xff, 0xfc, 0xf1, 0xff, 0xfc, 0x63, 0xf0, 0x87, 0x61, 0xff, 0xff, 0xff, 0xff, 0xff, 0xff, 
	0xff, 0xff, 0xff, 0xff, 0xff, 0xff, 0xff, 0xff, 0xff, 0xff, 0xff, 0xff, 0xff, 0xff, 0xff, 0xff, 
	0xff, 0xff, 0xff, 0xff, 0xff, 0xff, 0xff, 0xff, 0xfe, 0x0c, 0xff, 0xfe, 0x63, 0xf0, 0x0e, 0x63, 
	0xff, 0xff, 0xff, 0xff, 0xff, 0xff, 0xff, 0xff, 0xff, 0xff, 0xff, 0xff, 0xff, 0xff, 0xff, 0xff, 
	0xff, 0xff, 0xff, 0xff, 0xff, 0xff, 0xff, 0xff, 0xff, 0xff, 0xff, 0xff, 0xff, 0xff, 0xff, 0xe3, 
	0xf7, 0x3e, 0x27, 0xf0, 0x0e, 0xe7, 0xff, 0xff, 0xff, 0xff, 0xff, 0xff, 0xff, 0xff, 0xff, 0xff, 
	0xff, 0xff, 0xff, 0xff, 0xff, 0xff, 0xff, 0xff, 0xff, 0xff, 0xff, 0xff, 0xff, 0xff, 0xff, 0xff, 
	0xff, 0xff, 0xff, 0xff, 0xff, 0xff, 0xc3, 0xcf, 0x37, 0xf0, 0x8e, 0xef, 0x9f, 0xff, 0xff, 0xff, 
	0xff, 0xff, 0xff, 0xff, 0xff, 0xff, 0xff, 0xff, 0xff, 0xff, 0xf3, 0xff, 0xff, 0xff, 0xff, 0xff, 
	0xff, 0xff, 0xff, 0xff, 0xff, 0xff, 0xff, 0xff, 0xff, 0xff, 0xff, 0xff, 0x97, 0xe7, 0x37, 0xf0, 
	0x4c, 0xcf, 0x5f, 0xff, 0xff, 0xff, 0xff, 0xff, 0xff, 0xff, 0xff, 0xff, 0xff, 0xff, 0xff, 0xff, 
	0xf1, 0xff, 0xff, 0xff, 0xff, 0xff, 0xff, 0xff, 0xff, 0xff, 0xff, 0xff, 0xff, 0xff, 0xff, 0xff, 
	0xff, 0xff, 0xa7, 0xf3, 0x17, 0xf0, 0x1c, 0xce, 0x4f, 0xff, 0xff, 0xff, 0xff, 0xff, 0xff, 0xff, 
	0xff, 0xff, 0xff, 0xff, 0xff, 0xff, 0xe1, 0xff, 0xff, 0xff, 0xff, 0xff, 0xff, 0xff, 0xff, 0xff, 
	0xff, 0xff, 0xff, 0xff, 0xff, 0xff, 0xff, 0xff, 0x9f, 0xfb, 0x97, 0xf0, 0x1d, 0xce, 0x4f, 0xff, 
	0xff, 0xff, 0xff, 0xff, 0xff, 0xff, 0xff, 0xff, 0xff, 0xff, 0xf8, 0x7f, 0xe1, 0xff, 0xff, 0x07, 
	0xff, 0xff, 0xff, 0xff, 0xff, 0xff, 0xff, 0xff, 0xff, 0xff, 0xc1, 0xff, 0xff, 0xff, 0xdf, 0x8d, 
	0x87, 0xf0, 0x1d, 0xcf, 0x5f, 0xff, 0xff, 0xff, 0xff, 0xff, 0xff, 0xe0, 0x00, 0x3f, 0x80, 0x1f, 
	0xc0, 0x7f, 0xe0, 0xff, 0xf8, 0x00, 0xff, 0xfd, 0xff, 0xec, 0x0e, 0x00, 0x00, 0xff, 0xfe, 0x00, 
	0x01, 0xff, 0xff, 0xff, 0x1c, 0xf1, 0xc7, 0xf0, 0x99, 0xdf, 0x5f, 0xff, 0xff, 0xf0, 0x00, 0x00, 
	0x00, 0x00, 0x00, 0x07, 0xc0, 0x00, 0x00, 0x7f, 0xe0, 0xff, 0xf0, 0x00, 0x58, 0x00, 0xff, 0xc0, 
	0x00, 0x00, 0x00, 0x3c, 0x00, 0x00, 0x01, 0xff, 0xff, 0xfe, 0x18, 0xf8, 0xc7, 0xf0, 0x9b, 0xdf, 
	0x9f, 0xff, 0xff, 0xe0, 0x00, 0x00, 0x00, 0x00, 0x00, 0x03, 0xf0, 0x00, 0x00, 0x7f, 0xc0, 0xff, 
	0xe0, 0x00, 0x18, 0x00, 0xff, 0xe0, 0x00, 0x00, 0x00, 0x1e, 0x00, 0x00, 0x01, 0xff, 0xff, 0xfd, 
	0x3a, 0xfc, 0xc7, 0xf0, 0xb3, 0x9f, 0xff, 0xff, 0xff, 0xe0, 0x00, 0x00, 0x00, 0x00, 0x00, 0x01, 
	0xf8, 0x00, 0x00, 0x7f, 0xc0, 0xff, 0xc0, 0x00, 0x18, 0x01, 0xff, 0xf0, 0x02, 0x00, 0x00, 0x0f, 
	0x80, 0x00, 0x01, 0xff, 0xff, 0xf9, 0x6a, 0xfe, 0x66, 0xf0, 0xb7, 0x9f, 0xff, 0xff, 0xff, 0xe0, 
	0x00, 0x00, 0x00, 0x00, 0x00, 0x00, 0xfc, 0x00, 0x00, 0x7f, 0xc0, 0x7f, 0xc0, 0x00, 0x1c, 0x01, 
	0xff, 0xf0, 0x06, 0x01, 0xe0, 0x07, 0xc0, 0x00, 0x01, 0xff, 0xff, 0xfa, 0xc2, 0xcf, 0x66, 0xe0, 
	0xaf, 0x9f, 0xff, 0xff, 0xff, 0xe0, 0xfe, 0x00, 0xc0, 0x00, 0x3e, 0x00, 0xfc, 0x0f, 0xe0, 0x7f, 
	0xc0, 0x7f, 0x80, 0x00, 0x1c, 0x03, 0xff, 0xf8, 0x07, 0x01, 0xf8, 0x07, 0xc0, 0x7f, 0xc1, 0xff, 
	0xff, 0xf9, 0xd6, 0xf7, 0x26, 0xe0, 0x3f, 0x9f, 0xff, 0xff, 0xff, 0xe1, 0xfe, 0x00, 0xfe, 0x00, 
	0x3f, 0x00, 0x7c, 0x0f, 0xfc, 0x7f, 0x80, 0x7f, 0x81, 0xf8, 0x1c, 0x03, 0xff, 0xf8, 0x07, 0x01, 
	0xfc, 0x07, 0xc0, 0x7f, 0xf1, 0xff, 0xff, 0xfb, 0x96, 0xfb, 0x36, 0xe0, 0x7f, 0x3f, 0xff, 0xff, 
	0xff, 0xe3, 0xfe, 0x01, 0xff, 0x00, 0x7f, 0x80, 0x7c, 0x0f, 0xfe, 0x7f, 0x80, 0x3f, 0x03, 0xfc, 
	0x1e, 0x03, 0xff, 0xf8, 0x07, 0x01, 0xfc, 0x03, 0xc0, 0x7f, 0xf9, 0xff, 0xff, 0xfb, 0xb4, 0xfd, 
	0xb2, 0xe0, 0x7f, 0x3f, 0xff, 0xff, 0xff, 0xe3, 0xfe, 0x01, 0xff, 0x00, 0x7f, 0x80, 0x7c, 0x0f, 
	0xff, 0xff, 0x80, 0x3f, 0x03, 0xfe, 0x1e, 0x03, 0xff, 0xf8, 0x07, 0x01, 0xfc, 0x03, 0xc0, 0x7f, 
	0xff, 0xff, 0xff, 0xf8, 0x71, 0xfe, 0x90, 0xe0, 0x7f, 0x3f, 0xff, 0xff, 0xff, 0xc3, 0xfe, 0x01, 
	0xff, 0x80, 0x7f, 0x80, 0x7c, 0x0f, 0xff, 0xff, 0x80, 0x3f, 0x03, 0xff, 0x3e, 0x03, 0xff, 0xf8, 
	0x0f, 0x01, 0xfc, 0x03, 0xc0, 0x7f, 0xff, 0xff, 0xff, 0xf9, 0xf3, 0x9a, 0x58, 0xe0, 0x7e, 0x7f, 
	0xff, 0xff, 0xff, 0xc3, 0xfe, 0x01, 0xff, 0x80, 0x7f, 0x80, 0x7c, 0x0f, 0xff, 0xff, 0x00, 0x3f, 
	0x03, 0xff, 0x3e, 0x03, 0xff, 0xf8, 0x0f, 0x01, 0xfc, 0x07, 0xc0, 0x7f, 0xff, 0xff, 0xff, 0xff, 
	0xff, 0x8b, 0x49, 0xc0, 0x7e, 0x7f, 0xff, 0xff, 0xff, 0xc7, 0xfe, 0x01, 0xff, 0x80, 0x7f, 0x80, 
	0x78, 0x0f, 0xf9, 0xff, 0x10, 0x1f, 0x01, 0xff, 0x3e, 0x03, 0xff, 0xf8, 0x0f, 0x01, 0xfc, 0x07, 
	0xc0, 0x7f, 0xff, 0xff, 0xff, 0xff, 0xff, 0xa9, 0x69, 0xd0, 0x7e, 0x7f, 0xff, 0xff, 0xff, 0xc7, 
	0xfe, 0x01, 0xff, 0xc0, 0x7f, 0x80, 0x78, 0x0f, 0xf9, 0xff, 0x10, 0x1f, 0x01, 0xff, 0xbe, 0x03, 
	0xff, 0xf8, 0x0f, 0x01, 0xf8, 0x07, 0xc0, 0x7f, 0xff, 0xff, 0xff, 0xff, 0xff, 0x89, 0x61, 0xd0, 
	0x7c, 0xff, 0xff, 0xff, 0xff, 0xff, 0xfe, 0x01, 0xff, 0xe0, 0x7f, 0x00, 0xf8, 0x0f, 0xf9, 0xfe, 
	0x10, 0x1f, 0x00, 0x7f, 0xfe, 0x03, 0xff, 0xf8, 0x0f, 0x03, 0xf8, 0x0f, 0xc0, 0x7f, 0xf3, 0xff, 
	0xff, 0xff, 0xff, 0xcc, 0x61, 0xd0, 0xfc, 0xff, 0xff, 0xff, 0xff, 0xff, 0xfe, 0x01, 0xff, 0xe0, 
	0x7f, 0x00, 0xf8, 0x0f, 0xc1, 0xfe, 0x38, 0x1f, 0x80, 0x1f, 0xfe, 0x03, 0xff, 0xf8, 0x0f, 0x03, 
	0xf0, 0x0f, 0xc0, 0x7f, 0xe3, 0xff, 0xff, 0xff, 0xff, 0xfe, 0x71, 0xd0, 0xf9, 0xff, 0xff, 0xff, 
	0xff, 0xff, 0xfe, 0x03, 0xff, 0xe0, 0x7e, 0x01, 0xf8, 0x00, 0x01, 0xfe, 0x38, 0x0f, 0x80, 0x07, 
	0xfe, 0x03, 0xff, 0xf8, 0x0f, 0x03, 0xc0, 0x1f, 0xc0, 0x7f, 0xe3, 0xff, 0xff, 0xff, 0xff, 0xf7, 
	0x73, 0x90, 0xf9, 0xff, 0xff, 0xff, 0xff, 0xff, 0xfe, 0x03, 0xff, 0xe0, 0x78, 0x01, 0xf8, 0x00, 
	0x01, 0xfe, 0x38, 0x0f, 0xc0, 0x01, 0xfe, 0x03, 0xff, 0xf8, 0x0f, 0x00, 0x00, 0x1f, 0xc0, 0x00, 
	0x03, 0xff, 0xff, 0xff, 0xff, 0xf7, 0x73, 0xb0, 0xfb, 0xff, 0xff, 0xff, 0xff, 0xff, 0xfe, 0x03, 
	0xff, 0xe0, 0x20, 0x03, 0xf8, 0x00, 0x01, 0xfe, 0x3c, 0x0f, 0xe0, 0x00, 0xfe, 0x03, 0xff, 0xf8, 
	0x0f, 0x00, 0x00, 0x3f, 0xc0, 0x00, 0x03, 0xff, 0xff, 0xff, 0xff, 0xf2, 0x73, 0xb0, 0xf3, 0xff, 
	0xff, 0xff, 0xff, 0xff, 0xfe, 0x03, 0xff, 0xe0, 0x00, 0x07, 0xf8, 0x00, 0x01, 0xfc, 0x7c, 0x0f, 
	0xf0, 0x00, 0x7e, 0x03, 0xff, 0xf8, 0x1f, 0x00, 0x00, 0xff, 0xc0, 0x00, 0x07, 0xff, 0xff, 0xff, 
	0xff, 0xf2, 0x73, 0xb0, 0xf3, 0xff, 0xff, 0xff, 0xff, 0xff, 0xfe, 0x03, 0xff, 0xe0, 0x00, 0x1f, 
	0xf8, 0x1f, 0xf1, 0xfc, 0x7c, 0x0f, 0xfc, 0x00, 0x3f, 0x03, 0xff, 0xf8, 0x1f, 0x00, 0x01, 0xff, 
	0xc0, 0x00, 0x07, 0xff, 0xff, 0xff, 0xff, 0xf2, 0xf3, 0xa0, 0xf3, 0xff, 0xff, 0xff, 0xff, 0xff, 
	0xff, 0x03, 0xff, 0xe0, 0x00, 0x1f, 0xf8, 0x0f, 0xf9, 0xfc, 0x7e, 0x07, 0xfe, 0x00, 0x1f, 0x03, 
	0xff, 0xf8, 0x1f, 0x00, 0x00, 0xff, 0xc0, 0x7f, 0x87, 0xff, 0xff, 0xff, 0xff, 0xf2, 0xf7, 0xa0, 
	0xb3, 0xff, 0xff, 0xff, 0xff, 0xff, 0xff, 0x03, 0xff, 0xe0, 0x00, 0x0f, 0xf8, 0x0f, 0xf9, 0xfc, 
	0x7e, 0x07, 0xff, 0x80, 0x0f, 0x03, 0xff, 0xf8, 0x1f, 0x00, 0x00, 0x7f, 0xc0, 0x7f, 0xe7, 0xff, 
	0xff, 0xff, 0xff, 0xf0, 0xf7, 0xc0, 0xb3, 0xff, 0xff, 0xff, 0xff, 0xff, 0xff, 0x03, 0xff, 0xe0, 
	0x20, 0x07, 0xf8, 0x0f, 0xff, 0xfc, 0x7e, 0x07, 0xff, 0xe0, 0x0f, 0x03, 0xff, 0xf8, 0x1f, 0x00, 
	0x00, 0x3f, 0xc0, 0x7f, 0xe7, 0xff, 0xff, 0xff, 0xff, 0xf4, 0xf7, 0xd0, 0x33, 0xff, 0xff, 0xff, 
	0xff, 0xff, 0xff, 0x03, 0xff, 0xe0, 0x30, 0x07, 0xf8, 0x0f, 0xff, 0xf8, 0x7f, 0x07, 0xff, 0xf0, 
	0x07, 0x03, 0xff, 0xf8, 0x1f, 0x01, 0x80, 0x1f, 0xc0, 0x7f, 0xe7, 0xff, 0xff, 0xff, 0xff, 0xf5, 
	0xf7, 0x90, 0x73, 0xff, 0xff, 0xff, 0xff, 0xff, 0xff, 0x03, 0xff, 0xe0, 0x38, 0x03, 0xf8, 0x0f, 
	0xff, 0xf8, 0x01, 0x07, 0xff, 0xf8, 0x03, 0x03, 0xff, 0xf0, 0x1f, 0x01, 0xe0, 0x0f, 0xc0, 0x7f, 
	0xff, 0xff, 0xff, 0xff, 0xff, 0xe5, 0xb7, 0x10, 0x73, 0xff, 0xff, 0xff, 0xff, 0xff, 0xff, 0x03, 
	0xff, 0xe0, 0x3c, 0x03, 0xf8, 0x0f, 0xff, 0xf8, 0x00, 0x03, 0xff, 0xfc, 0x03, 0x03, 0xff, 0xf0, 
	0x1f, 0x01, 0xe0, 0x0f, 0xc0, 0x7f, 0xff, 0xff, 0xff, 0xff, 0xff, 0xe5, 0x37, 0x90, 0x77, 0xff, 
	0xff, 0xff, 0xff, 0xff, 0xff, 0x03, 0xff, 0xe0, 0x3e, 0x03, 0xf8, 0x0f, 0xff, 0xf8, 0x00, 0x03, 
	0xff, 0xfc, 0x03, 0x03, 0xff, 0xf0, 0x1f, 0x01, 0xf0, 0x0f, 0xc0, 0x7f, 0xff, 0xff, 0xff, 0xff, 
	0xff, 0xe7, 0x33, 0xb0, 0xf3, 0xff, 0xff, 0xff, 0xff, 0xff, 0xff, 0x03, 0xff, 0xc0, 0x3e, 0x01, 
	0xf8, 0x0f, 0xff, 0xf0, 0x00, 0x03, 0xef, 0xfe, 0x03, 0x01, 0xff, 0xf0, 0x1f, 0x01, 0xf0, 0x07, 
	0xc0, 0x7f, 0xff, 0xff, 0xff, 0xff, 0xff, 0xee, 0x37, 0xb0, 0xf3, 0xff, 0xff, 0xff, 0xff, 0xff, 
	0xff, 0x03, 0xff, 0xc0, 0x3e, 0x01, 0xf8, 0x0f, 0xff, 0xf0, 0xf8, 0x03, 0xc7, 0xfe, 0x03, 0x01, 
	0xff, 0xf0, 0x1f, 0x01, 0xf8, 0x07, 0xc0, 0x7f, 0xff, 0xff, 0xff, 0xff, 0xff, 0xee, 0x17, 0xb0, 
	0xb3, 0xff, 0xff, 0xff, 0xff, 0xff, 0xff, 0x03, 0xff, 0xc0, 0x3f, 0x01, 0xf8, 0x0f, 0xff, 0xf1, 
	0xff, 0x03, 0xc7, 0xfe, 0x03, 0x01, 0xff, 0xe0, 0x1f, 0x01, 0xf8, 0x07, 0xc0, 0x7f, 0xff, 0xff, 
	0xff, 0xff, 0xff, 0xee, 0xd7, 0x30, 0xb3, 0xff, 0xff, 0xff, 0xff, 0xff, 0xff, 0x03, 0xff, 0xc0, 
	0x3f, 0x01, 0xf8, 0x0f, 0xff, 0xe1, 0xff, 0x81, 0xc3, 0xfc, 0x03, 0x00, 0xff, 0xe0, 0x1f, 0x01, 
	0xf8, 0x07, 0xc0, 0x7f, 0xfd, 0xff, 0xff, 0xff, 0xff, 0xce, 0xd7, 0x30, 0x33, 0xef, 0xff, 0xff, 
	0xff, 0xff, 0xff, 0x03, 0xff, 0xc0, 0x3f, 0x00, 0xf8, 0x0f, 0xfe, 0x61, 0xff, 0x81, 0xc3, 0xfc, 
	0x03, 0x00, 0x7f, 0xc0, 0x1f, 0x01, 0xfc, 0x03, 0xc0, 0x7f, 0xf8, 0xff, 0xff, 0xff, 0xff, 0xce, 
	0x57, 0x70, 0x33, 0xef, 0xff, 0xff, 0xff, 0xff, 0xff, 0x01, 0xff, 0xc0, 0x3f, 0x00, 0xf8, 0x0f, 
	0xfe, 0x61, 0xff, 0x81, 0xc1, 0xf8, 0x03, 0x80, 0x7f, 0xc0, 0x3f, 0x01, 0xfc, 0x03, 0xc0, 0x7f, 
	0xf9, 0xff, 0xff, 0xff, 0xff, 0xce, 0x47, 0x70, 0x3b, 0xef, 0xff, 0xff, 0xff, 0xff, 0xff, 0x01, 
	0xff, 0xc0, 0x3f, 0x80, 0xf8, 0x0f, 0xfc, 0x41, 0xff, 0x81, 0x80, 0xf0, 0x07, 0x80, 0x3f, 0x80, 
	0x3e, 0x01, 0xfc, 0x03, 0xc0, 0x7f, 0xf1, 0xff, 0xff, 0xff, 0xff, 0xde, 0x47, 0x70, 0x39, 0xdf, 
	0xff, 0xff, 0xff, 0xff, 0xff, 0x01, 0xff, 0xc0, 0x3f, 0x80, 0xf0, 0x0f, 0xf0, 0x43, 0xff, 0x80, 
	0x80, 0x00, 0x07, 0x80, 0x1e, 0x00, 0x3e, 0x01, 0xfc, 0x01, 0x80, 0x7f, 0xe1, 0xff, 0xff, 0xff, 
	0xff, 0x9e, 0x66, 0x50, 0x39, 0xdf, 0xff, 0xff, 0xff, 0xff, 0xff, 0x01, 0xff, 0xc0, 0x3f, 0x80, 
	0x70, 0x00, 0x00, 0x03, 0xff, 0x00, 0x80, 0x00, 0x0f, 0x80, 0x00, 0x00, 0x3e, 0x00, 0xfc, 0x01, 
	0x80, 0x00, 0x01, 0xff, 0xff, 0xff, 0xff, 0x9e, 0x66, 0xd0, 0x7c, 0xb7, 0xff, 0x3f, 0xff, 0xff, 
	0xff, 0x01, 0xff, 0xc0, 0x3f, 0x80, 0x00, 0x00, 0x00, 0x01, 0xff, 0x00, 0x00, 0x00, 0x1f, 0xc0, 
	0x00, 0x00, 0x7e, 0x00, 0x7e, 0x00, 0x00, 0x00, 0x01, 0xff, 0xff, 0xff, 0xff, 0xbf, 0x67, 0xc0, 
	0x7c, 0xaf, 0xfe, 0x3f, 0xff, 0xff, 0xff, 0x01, 0xff, 0x80, 0x3f, 0x80, 0x00, 0x00, 0x00, 0x01, 
	0xff, 0x00, 0x00, 0x00, 0x3f, 0xe0, 0x00, 0x00, 0xfe, 0x00, 0x7e, 0x00, 0x00, 0x00, 0x01, 0xff, 
	0xff, 0xff, 0xff, 0xbf, 0x67, 0xc0, 0x7e, 0x4f, 0xf9, 0x7f, 0xff, 0xff, 0xfe, 0x00, 0xff, 0x80, 
	0x0f, 0xc0, 0x00, 0x00, 0x00, 0x00, 0xfe, 0x00, 0x00, 0x00, 0x7f, 0xe0, 0x00, 0x01, 0xfc, 0x00, 
	0x3f, 0x00, 0x00, 0x00, 0x01, 0xff, 0xff, 0xff, 0xff, 0x3f, 0x6f, 0xc0, 0x7e, 0x5f, 0xf3, 0x7f, 
	0xff, 0xff, 0xfe, 0x00, 0x7f, 0x00, 0x07, 0xe0, 0x00, 0x00, 0x00, 0x00, 0xff, 0x00, 0x38, 0x03, 
	0xff, 0xf8, 0x00, 0x07, 0xf8, 0xfc, 0x3f, 0x00, 0x00, 0x00, 0x03, 0xff, 0xff, 0xff, 0xff, 0x7f, 
	0x4f, 0xc0, 0x7f, 0x5f, 0xe6, 0x7f, 0xff, 0xff, 0xfc, 0x00, 0x3f, 0x00, 0x07, 0xff, 0xff, 0xff, 
	0xff, 0xf9, 0xff, 0xff, 0xff, 0xff, 0xff, 0xfc, 0x00, 0x1f, 0xff, 0xff, 0xff, 0xc0, 0x0f, 0xff, 
	0x03, 0xff, 0xff, 0xff, 0xfe, 0x7f, 0x0f, 0xd0, 0x7e, 0x1f, 0xee, 0xff, 0xff, 0xff, 0xf8, 0x00, 
	0x3f, 0xff, 0xff, 0xff, 0xff, 0xff, 0xff, 0xff, 0xff, 0xff, 0xff, 0xff, 0xff, 0xff, 0x80, 0x7f, 
	0xff, 0xff, 0xff, 0xff, 0xff, 0xff, 0xf3, 0xff, 0xff, 0xff, 0xfe, 0xdf, 0x0f, 0xd0, 0x7e, 0x9f, 
	0xce, 0xff, 0xff, 0xff, 0xf8, 0x07, 0xff, 0xff, 0xff, 0xff, 0xff, 0xff, 0xff, 0xff, 0xff, 0xff, 
	0xff, 0xff, 0xff, 0xff, 0xff, 0xff, 0xff, 0xff, 0xff, 0xff, 0xff, 0xff, 0xff, 0xff, 0xff, 0xff, 
	0xfe, 0xdf, 0x0f, 0xd0, 0x7e, 0x9f, 0xde, 0xff, 0xff, 0xff, 0xff, 0xff, 0xff, 0xff, 0xff, 0xff, 
	0xff, 0xff, 0xff, 0xff, 0xff, 0xff, 0xff, 0xff, 0xff, 0xff, 0xff, 0xff, 0xff, 0xff, 0xff, 0xff, 
	0xff, 0xff, 0xff, 0xff, 0xff, 0xff, 0xfe, 0xef, 0x9f, 0xd0, 0x7e, 0x9f, 0x9c, 0xff, 0xff, 0xff, 
	0xff, 0xff, 0xff, 0xff, 0xff, 0xff, 0xff, 0xff, 0xff, 0xff, 0xff, 0xff, 0xff, 0xff, 0xff, 0xff, 
	0xff, 0xff, 0xff, 0xff, 0xff, 0xff, 0xff, 0xff, 0xff, 0xff, 0xff, 0xff, 0xfe, 0xef, 0x9f, 0xd0, 
	0x7e, 0x9f, 0xbd, 0xff, 0xff, 0xff, 0xff, 0xff, 0xff, 0xff, 0xff, 0xff, 0xff, 0xff, 0xff, 0xff, 
	0xff, 0xff, 0xff, 0xff, 0xff, 0xff, 0xff, 0xff, 0xff, 0xff, 0xff, 0xff, 0xff, 0xff, 0xff, 0xff, 
	0xff, 0xff, 0xfe, 0xf7, 0x9f, 0xd0, 0x3c, 0xbf, 0xbb, 0xff, 0xff, 0xff, 0xff, 0xff, 0xff, 0xff, 
	0xff, 0xff, 0xff, 0xff, 0xff, 0xff, 0xff, 0xff, 0xf8, 0xff, 0xff, 0xff, 0xff, 0xff, 0xff, 0xff, 
	0xff, 0xff, 0xff, 0xff, 0xff, 0xff, 0xff, 0xff, 0xfe, 0xf3, 0xbf, 0xd0, 0x3c, 0xbf, 0xa7, 0xff, 
	0xff, 0xff, 0xff, 0xff, 0xff, 0xff, 0xff, 0xff, 0xff, 0x00, 0x0f, 0xff, 0xff, 0xff, 0x38, 0x0f, 
	0xff, 0xe0, 0x0f, 0xff, 0xff, 0xff, 0xff, 0xff, 0xff, 0xff, 0xff, 0xff, 0xff, 0xff, 0xfe, 0xfb, 
	0xbe, 0xd0, 0x3c, 0xbf, 0x8f, 0xff, 0xff, 0xff, 0xff, 0xff, 0xff, 0xff, 0xc0, 0x03, 0xff, 0x00, 
	0x0f, 0xff, 0xff, 0x80, 0x08, 0x03, 0xff, 0xe0, 0x0c, 0x3f, 0xff, 0xff, 0x07, 0xff, 0xff, 0xff, 
	0xff, 0xff, 0xff, 0xff, 0xfc, 0xff, 0x3e, 0xd0, 0x3d, 0xbf, 0x9f, 0xff, 0xff, 0xff, 0xff, 0xff, 
	0xff, 0xff, 0x80, 0x03, 0xff, 0xc0, 0x10, 0x00, 0xff, 0x80, 0x0c, 0x01, 0xff, 0xf0, 0x0c, 0x00, 
	0x00, 0x00, 0x07, 0xff, 0xff, 0xff, 0xff, 0xff, 0xff, 0xbf, 0xfc, 0xe7, 0x3e, 0x90, 0x3d, 0xbf, 
	0xbf, 0xff, 0xff, 0xff, 0xff, 0xff, 0xff, 0xff, 0xc0, 0x07, 0xff, 0xc0, 0x10, 0x00, 0xff, 0xc0, 
	0x0c, 0x01, 0xff, 0xf0, 0x1c, 0x00, 0x00, 0x00, 0x07, 0xff, 0xff, 0xff, 0xff, 0xff, 0xff, 0x9f, 
	0xfc, 0xe7, 0x3c, 0x90, 0x3d, 0xbf, 0xff, 0xff, 0xff, 0xff, 0xff, 0xff, 0xff, 0xff, 0xc0, 0x0f, 
	0xff, 0xe0, 0x18, 0x01, 0xff, 0xe0, 0x0e, 0x00, 0xff, 0xf8, 0x1c, 0x00, 0x00, 0x00, 0x07, 0xff, 
	0xff, 0xff, 0xff, 0xff, 0xff, 0x8f, 0xfc, 0xef, 0x7d, 0xb0, 0x3d, 0xbf, 0xff, 0xff, 0xff, 0xff, 
	0xff, 0xff, 0xff, 0xff, 0xe0, 0x0f, 0xff, 0xe0, 0x3c, 0x03, 0xff, 0xf0, 0x0e, 0x00, 0xff, 0xf8, 
	0x1c, 0x00, 0x00, 0x00, 0x07, 0xff, 0xff, 0xff, 0xff, 0xff, 0xff, 0xa7, 0xfd, 0xee, 0x7d, 0xb0, 
	0x35, 0xbf, 0xff, 0xff, 0xff, 0xff, 0xff, 0xff, 0xff, 0xff, 0xe0, 0x0f, 0xff, 0xe0, 0x3c, 0x03, 
	0xff, 0xf0, 0x1e, 0x00, 0x7f, 0xfc, 0x1c, 0x3f, 0x80, 0x3e, 0x07, 0xff, 0xff, 0xff, 0xff, 0xff, 
	0xff, 0xb3, 0xfd, 0xee, 0x79, 0x30, 0x35, 0xbf, 0xff, 0xff, 0xff, 0xff, 0xff, 0xff, 0xff, 0xff, 
	0xe0, 0x0f, 0xff, 0xe0, 0x3c, 0x03, 0xff, 0xf0, 0x1e, 0x00, 0x3f, 0xfc, 0x1c, 0x7f, 0x80, 0x7f, 
	0x87, 0xff, 0xff, 0xff, 0xff, 0xff, 0xff, 0x99, 0xfd, 0xee, 0x7b, 0x30, 0x25, 0xbf, 0xff, 0xff, 
	0xff, 0xff, 0xff, 0xff, 0xff, 0xff, 0xe0, 0x0f, 0xff, 0xe0, 0x3c, 0x03, 0xff, 0xf0, 0x1e, 0x00, 
	0x3f, 0xfc, 0x18, 0xff, 0x80, 0x7f, 0xc3, 0xff, 0xff, 0xff, 0xff, 0xff, 0xff, 0xde, 0xfd, 0xee, 
	0x7b, 0x70, 0x27, 0xbf, 0xff, 0xff, 0xff, 0xff, 0xff, 0xff, 0xff, 0xff, 0xf0, 0x0f, 0xff, 0xe0, 
	0x3e, 0x03, 0xff, 0xf0, 0x1e, 0x00, 0x1f, 0xfc, 0x18, 0xff, 0x80, 0x7f, 0xe3, 0xff, 0xff, 0xff, 
	0xff, 0xff, 0xff, 0xdf, 0x79, 0xec, 0x72, 0x70, 0x2f, 0x3f, 0xff, 0xff, 0xff, 0xff, 0xff, 0xff, 
	0xff, 0xff, 0xf0, 0x0f, 0xff, 0xe0, 0x3e, 0x07, 0xff, 0xf0, 0x1e, 0x00, 0x1f, 0xfc, 0x18, 0xff, 
	0x80, 0x7f, 0xf3, 0xff, 0xff, 0xff, 0xff, 0xff, 0xff, 0xcf, 0x39, 0xee, 0x72, 0x70, 0xaf, 0x3f, 
	0xff, 0xff, 0xff, 0xff, 0xff, 0xff, 0xff, 0xff, 0xf0, 0x0f, 0xff, 0xe0, 0x3e, 0x07, 0xff, 0xf0, 
	0x3e, 0x10, 0x0f, 0xfc, 0x18, 0xff, 0x80, 0xff, 0xf7, 0xff, 0xff, 0xff, 0xff, 0xff, 0xff, 0xef, 
	0xb9, 0xea, 0x76, 0xf0, 0xaf, 0x3f, 0xff, 0xff, 0xff, 0xff, 0xff, 0xff, 0xff, 0xff, 0xf0, 0x0f, 
	0xff, 0xe0, 0x3e, 0x07, 0xff, 0xf0, 0x3e, 0x10, 0x0f, 0xfc, 0x18, 0xff, 0x80, 0xff, 0xff, 0xff, 
	0xff, 0xff, 0xff, 0xff, 0xff, 0xef, 0xb9, 0xea, 0x74, 0xf0, 0xaf, 0x7f, 0xff, 0xff, 0xff, 0xff, 
	0xff, 0xff, 0xff, 0xff, 0xf0, 0x0f, 0xff, 0xe0, 0x3e, 0x07, 0xff, 0xf0, 0x3f, 0x18, 0x07, 0xfc, 
	0x1d, 0xff, 0x80, 0xff, 0xff, 0xff, 0xff, 0xff, 0xff, 0xff, 0xff, 0xe7, 0xb9, 0xea, 0x74, 0xf0, 
	0x8f, 0x7f, 0xff, 0xff, 0xff, 0xff, 0xff, 0xff, 0xff, 0xff, 0xf8, 0x00, 0x00, 0x00, 0x3e, 0x07, 
	0xff, 0xf0, 0x3f, 0x1c, 0x07, 0xfc, 0x1f, 0xff, 0x80, 0xff, 0xff, 0xff, 0xff, 0xff, 0xff, 0xff, 
	0xff, 0xf3, 0x9b, 0xea, 0x71, 0xf0, 0x9f, 0x7f, 0xff, 0xff, 0xff, 0xff, 0xff, 0xff, 0xff, 0xff, 
	0xf8, 0x00, 0x00, 0x00, 0x3e, 0x07, 0xff, 0xf0, 0x3f, 0x1c, 0x03, 0xfc, 0x1f, 0xff, 0x80, 0xff, 
	0xff, 0xff, 0xff, 0xff, 0xff, 0xff, 0xff, 0xf9, 0x9b, 0xea, 0x71, 0xf0, 0xde, 0x7f, 0xff, 0xff, 
	0x9f, 0xff, 0xff, 0xff, 0xff, 0xff, 0xf8, 0x00, 0x00, 0x00, 0x3e, 0x07, 0xff, 0xf0, 0x3f, 0x1e, 
	0x03, 0xfc, 0x1f, 0xff, 0x80, 0xff, 0xff, 0xff, 0xff, 0xff, 0xff, 0xff, 0xff, 0xfc, 0x3b, 0xea, 
	0x71, 0xd0, 0x9e, 0x7f, 0xff, 0xfe, 0x1f, 0xff, 0xff, 0xff, 0xff, 0xff, 0xf8, 0x00, 0x00, 0x00, 
	0x3e, 0x07, 0xff, 0xf0, 0x3f, 0x1f, 0x01, 0xfc, 0x1f, 0xff, 0x80, 0xff, 0xff, 0xff, 0xff, 0xff, 
	0xff, 0xff, 0xff, 0xff, 0xfb, 0xea, 0x73, 0xd0, 0x9e, 0x3f, 0xff, 0xfc, 0xbf, 0xff, 0xff, 0xff, 
	0xff, 0xff, 0xf8, 0x00, 0x1f, 0xc0, 0x3e, 0x07, 0xff, 0xf0, 0x3f, 0x1f, 0x00, 0xfc, 0x1f, 0xff, 
	0x80, 0xff, 0xff, 0xff, 0xff, 0xff, 0xff, 0xff, 0xff, 0xff, 0xfb, 0xca, 0x73, 0xd0, 0xbe, 0xbf, 
	0xff, 0xf1, 0xbf, 0xff, 0xff, 0xff, 0xff, 0xff, 0xf8, 0x0f, 0xff, 0xe0, 0x3e, 0x07, 0xff, 0xf0, 
	0x3f, 0x1f, 0x80, 0xfc, 0x1f, 0xff, 0x80, 0xff, 0xff, 0xff, 0xff, 0xff, 0xff, 0xff, 0xff, 0xff, 
	0xfb, 0xda, 0x73, 0xf0, 0xbe, 0xbf, 0xff, 0xe7, 0xbf, 0xff, 0xff, 0xff, 0xff, 0xff, 0xf8, 0x0f, 
	0xff, 0xe0, 0x3e, 0x07, 0xff, 0xf0, 0x3f, 0x1f, 0xc0, 0x7c, 0x1f, 0xff, 0x80, 0xff, 0xff, 0xff, 
	0xff, 0xff, 0xff, 0xff, 0xff, 0xff, 0xfb, 0xda, 0x77, 0xf0, 0xbc, 0xbf, 0xff, 0xef, 0x3f, 0xff, 
	0xff, 0xff, 0xff, 0xff, 0xf8, 0x0f, 0xff, 0xe0, 0x3e, 0x07, 0xff, 0xf0, 0x3f, 0x1f, 0xc0, 0x3c, 
	0x1f, 0xff, 0x80, 0xff, 0xff, 0xff, 0xff, 0xff, 0xff, 0xff, 0xff, 0xff, 0xfb, 0xdb, 0x67, 0xf0, 
	0xbc, 0xbf, 0xff, 0xcf, 0x7f, 0xff, 0xff, 0xff, 0xff, 0xff, 0xf8, 0x0f, 0xff, 0xe0, 0x3e, 0x07, 
	0xff, 0xf0, 0x3f, 0x1f, 0xe0, 0x3c, 0x1f, 0xff, 0x80, 0xff, 0xff, 0xff, 0xff, 0xff, 0xff, 0xff, 
	0xff, 0xff, 0xfb, 0xdb, 0x67, 0xf0, 0x3d, 0xbf, 0xff, 0xde, 0x7f, 0xff, 0xff, 0xff, 0xff, 0xff, 
	0xf8, 0x0f, 0xff, 0xe0, 0x3e, 0x03, 0xff, 0xf0, 0x3f, 0x1f, 0xf0, 0x1c, 0x1f, 0xff, 0x80, 0xff, 
	0xff, 0xff, 0xff, 0xff, 0xff, 0xff, 0xff, 0xff, 0xfb, 0xdb, 0x6f, 0xf0, 0x79, 0xbf, 0xff, 0xbe, 
	0xff, 0xff, 0xff, 0xff, 0xff, 0xff, 0xf8, 0x0f, 0xff, 0xe0, 0x3e, 0x03, 0xff, 0xf0, 0x3f, 0x1f, 
	0xf0, 0x0c, 0x1f, 0xff, 0x80, 0xff, 0xff, 0xff, 0xff, 0xff, 0xff, 0xff, 0xff, 0xff, 0xbb, 0xdb, 
	0x4f, 0xf0, 0x79, 0xbf, 0xff, 0xbc, 0xff, 0xff, 0xff, 0xff, 0xff, 0xff, 0xf8, 0x0f, 0xff, 0xe0, 
	0x3e, 0x03, 0xff, 0xf0, 0x3f, 0x1f, 0xf8, 0x0e, 0x1f, 0xff, 0x80, 0xff, 0xff, 0xff, 0xff, 0xff, 
	0xff, 0xff, 0xff, 0xff, 0x99, 0xdb, 0x4f, 0xf0, 0x7b, 0xbf, 0xff, 0x3d, 0xff, 0xff, 0xff, 0xff, 
	0xff, 0xff, 0xf8, 0x0f, 0xff, 0xe0, 0x3f, 0x03, 0xff, 0xf0, 0x3f, 0x1f, 0xfc, 0x06, 0x1f, 0xff, 
	0x80, 0xff, 0xff, 0xff, 0xff, 0xff, 0xff, 0xff, 0xff, 0xff, 0xd9, 0xf9, 0x1f, 0xf0, 0x33, 0xbf, 
	0xff, 0x33, 0xff, 0xff, 0xff, 0xff, 0xff, 0xff, 0xf8, 0x0f, 0xff, 0xe0, 0x3f, 0x03, 0xff, 0xe0, 
	0x7f, 0x1f, 0xfc, 0x02, 0x1f, 0xff, 0x80, 0xff, 0xff, 0xff, 0xff, 0xff, 0xff, 0xff, 0xff, 0xff, 
	0xdd, 0xf9, 0x1f, 0xf0, 0x73, 0xbf, 0xff, 0x07, 0xff, 0xff, 0xff, 0xff, 0xff, 0xff, 0xf8, 0x0f, 
	0xff, 0xe0, 0x3f, 0x03, 0xff, 0xe0, 0x7f, 0x1f, 0xfe, 0x00, 0x1f, 0xff, 0x80, 0xff, 0xff, 0xff, 
	0xff, 0xff, 0xff, 0xff, 0xff, 0xff, 0xcd, 0xfd, 0x1f, 0xf0, 0x77, 0xbf, 0xff, 0xff, 0xff, 0xff, 
	0xff, 0xff, 0xff, 0xff, 0xf8, 0x0f, 0xff, 0xe0, 0x7f, 0x03, 0xff, 0xe0, 0x7f, 0x1f, 0xff, 0x00, 
	0x1f, 0xff, 0x80, 0xff, 0xff, 0xff, 0xff, 0xff, 0xff, 0xff, 0xff, 0xff, 0xed, 0xfd, 0x1b, 0xf0, 
	0xe7, 0x9f, 0xff, 0xff, 0xff, 0xff, 0xff, 0xff, 0xff, 0xff, 0xf8, 0x0f, 0xff, 0xe0, 0x7f, 0x01, 
	0xff, 0xe0, 0x7f, 0x1f, 0xff, 0x00, 0x1f, 0xff, 0x80, 0xff, 0xff, 0xff, 0xff, 0xff, 0xff, 0xff, 
	0xff, 0xff, 0xe4, 0xfd, 0x3b, 0xf0, 0xe7, 0x9f, 0xff, 0xff, 0xff, 0xff, 0xff, 0xff, 0xff, 0xff, 
	0xf8, 0x0f, 0xff, 0xe0, 0x7f, 0x01, 0xff, 0xc0, 0x7e, 0x1f, 0xff, 0x80, 0x1f, 0xff, 0x80, 0xff, 
	0xff, 0xff, 0xff, 0xff, 0xff, 0xff, 0xff, 0xff, 0xe6, 0xfd, 0x37, 0xf0, 0xe7, 0xdf, 0xff, 0xff, 
	0xff, 0xff, 0xff, 0xff, 0xff, 0xff, 0xf8, 0x0f, 0xff, 0xe0, 0x7f, 0x00, 0xff, 0xc0, 0x7e, 0x1f, 
	0xff, 0x80, 0x1f, 0xff, 0x80, 0xff, 0xff, 0xff, 0xff, 0xff, 0xff, 0xff, 0xff, 0xff, 0xf6, 0xfc, 
	0x37, 0xf0, 0xe7, 0xdf, 0xff, 0xff, 0xff, 0xff, 0xff, 0xff, 0xff, 0xff, 0xf0, 0x0f, 0xff, 0xe0, 
	0x7f, 0x00, 0xff, 0x80, 0x7e, 0x0f, 0xff, 0xc0, 0x1f, 0xff, 0x80, 0xff, 0xff, 0xff, 0xff, 0xff, 
	0xff, 0xff, 0xff, 0xff, 0xe2, 0xfe, 0x37, 0xf0, 0xef, 0xdf, 0xff, 0x7f, 0xff, 0xff, 0xff, 0xff, 
	0xff, 0xff, 0xf0, 0x0f, 0xff, 0xe0, 0x3f, 0x00, 0x7f, 0x00, 0x7e, 0x07, 0xff, 0xe0, 0x1f, 0xff, 
	0x00, 0xff, 0xff, 0xff, 0xff, 0xff, 0xff, 0xff, 0xff, 0xff, 0xe2, 0x7e, 0x37, 0xf0, 0xcb, 0xcf, 
	0xfe, 0x7f, 0xff, 0xff, 0xff, 0xff, 0xff, 0xff, 0xf0, 0x0f, 0xff, 0xe0, 0x3f, 0x80, 0x3c, 0x00, 
	0xfc, 0x07, 0xff, 0xe0, 0x1f, 0xff, 0x00, 0xff, 0xff, 0xff, 0xff, 0xff, 0xff, 0xff, 0xff, 0xff, 
	0xe3, 0x7e, 0x26, 0xf0, 0xcb, 0xcf, 0xfc, 0xff, 0xff, 0xff, 0xff, 0xff, 0xff, 0xff, 0xe0, 0x07, 
	0xff, 0xe0, 0x1f, 0x80, 0x00, 0x00, 0xf8, 0x03, 0xff, 0xf0, 0x1f, 0xff, 0x00, 0xff, 0xff, 0xff, 
	0xff, 0xff, 0xff, 0xff, 0xff, 0xff, 0xf1, 0x7e, 0x2e, 0xf0, 0xcb, 0xef, 0xf9, 0xff, 0x7f, 0xff, 
	0xff, 0xff, 0xff, 0xff, 0xc0, 0x07, 0xff, 0xc0, 0x0f, 0xc0, 0x00, 0x00, 0xf0, 0x03, 0xff, 0xf8, 
	0x1f, 0xff, 0x00, 0xff, 0xff, 0xff, 0xff, 0xff, 0xff, 0xff, 0xff, 0xff, 0xf5, 0x37, 0x2e, 0xf0, 
	0xcb, 0xef, 0xfb, 0xfe, 0x7f, 0xff, 0xff, 0xff, 0xff, 0xff, 0xc0, 0x03, 0xff, 0x80, 0x0f, 0xc0, 
	0x00, 0x01, 0xe0, 0x01, 0xff, 0xf8, 0x0f, 0xfe, 0x00, 0x7f, 0xff, 0xff, 0xff, 0xff, 0xff, 0xff, 
	0xff, 0xff, 0xf4, 0xb7, 0x6c, 0xf0, 0xcb, 0xe7, 0xf3, 0xf8, 0x7f, 0xff, 0xff, 0xff, 0xff, 0xff, 
	0xc0, 0x03, 0xff, 0x00, 0x0f, 0xe0, 0x00, 0x03, 0xe0, 0x03, 0xff, 0xfe, 0x0f, 0xfe, 0x00, 0x7f, 
	0xff, 0xff, 0xff, 0xff, 0xff, 0xff, 0xff, 0xff, 0xf4, 0xf7, 0x6d, 0xf0, 0xcb, 0xe7, 0xe7, 0xf3, 
	0x3f, 0xff, 0xff, 0xff, 0xff, 0xff, 0xff, 0xf7, 0xff, 0xff, 0xff, 0xf8, 0x00, 0x07, 0xff, 0xff, 
	0xff, 0xff, 0x0f, 0xfc, 0x00, 0x3f, 0xff, 0xff, 0xff, 0xff, 0xff, 0xff, 0xff, 0xff, 0xf2, 0xf7, 
	0xed, 0xf0, 0xcb, 0xf7, 0xef, 0xe7, 0x7f, 0xff, 0xff, 0xff, 0xff, 0xff, 0xff, 0xff, 0xff, 0xff, 
	0xff, 0xfc, 0x00, 0x0f, 0xff, 0xff, 0xff, 0xff, 0xbf, 0xfc, 0x00, 0x1f, 0xff, 0xff, 0xff, 0xff, 
	0xff, 0xff, 0xff, 0xff, 0xfa, 0x73, 0xe9, 0xf0, 0xcb, 0xf7, 0xcf, 0xee, 0x7f, 0xff, 0xff, 0xff, 
	0xff, 0xff, 0xff, 0xff, 0xff, 0xff, 0xff, 0xff, 0x80, 0x7f, 0xff, 0xff, 0xff, 0xff, 0xff, 0xf8, 
	0x00, 0x1f, 0xff, 0xff, 0xff, 0xff, 0xff, 0xff, 0xff, 0xff, 0xfb, 0x73, 0xeb, 0xf0, 0xc9, 0xf1, 
	0xdf, 0xee, 0xff, 0xff, 0xff, 0xff, 0xff, 0xff, 0xff, 0xff, 0xff, 0xff, 0xff, 0xff, 0xff, 0xff, 
	0xff, 0xff, 0xff, 0xff, 0xff, 0xff, 0xff, 0xff, 0xff, 0xff, 0xff, 0xff, 0xff, 0xff, 0xff, 0xff, 
	0xfb, 0xfb, 0xe3, 0xf0, 0xcd, 0xf9, 0x9f, 0xed, 0xff, 0xff, 0xff, 0xff, 0xff, 0xff, 0xff, 0xff, 
	0xff, 0xff, 0xff, 0xff, 0xff, 0xff, 0xff, 0xff, 0xff, 0xff, 0xff, 0xff, 0xff, 0xff, 0xff, 0xff, 
	0xff, 0xff, 0xff, 0xff, 0xff, 0xff, 0xf9, 0x7b, 0xe7, 0xf0, 0xcd, 0xfd, 0x9f, 0xe3, 0xff, 0xff, 
	0xff, 0xff, 0xff, 0xff, 0xff, 0xff, 0xff, 0xff, 0xff, 0xff, 0xff, 0xff, 0xff, 0xff, 0xff, 0xff, 
	0xff, 0xff, 0xff, 0xff, 0xff, 0xff, 0xff, 0xff, 0xff, 0xff, 0xff, 0xff, 0xfd, 0x7b, 0xe7, 0xf0, 
	0xcc, 0xfd, 0x9f, 0xff, 0xff, 0xff, 0xff, 0xff, 0xff, 0xff, 0xff, 0xff, 0xff, 0xff, 0xff, 0xff, 
	0xff, 0xff, 0xff, 0xff, 0xff, 0xff, 0xff, 0xff, 0xff, 0xff, 0xff, 0xff, 0xff, 0xff, 0xff, 0xff, 
	0xff, 0xff, 0xfd, 0x79, 0xa7, 0xf0, 0xce, 0xfd, 0x9f, 0xff, 0xff, 0xff, 0xff, 0xff, 0xff, 0xff, 
	0xff, 0xff, 0xff, 0xff, 0xff, 0xff, 0xff, 0xff, 0xff, 0xff, 0xff, 0xff, 0xff, 0xff, 0xff, 0xff, 
	0xff, 0xff, 0xff, 0xff, 0xff, 0xff, 0xff, 0xff, 0xfd, 0x3d, 0x27, 0xf0, 0xce, 0xfd, 0x9f, 0xff, 
	0xff, 0xff, 0xff, 0xff, 0xff, 0xff, 0xff, 0xff, 0xff, 0xff, 0xff, 0xff, 0xff, 0xff, 0xff, 0xff, 
	0xff, 0xff, 0xff, 0xff, 0xff, 0xff, 0xff, 0xff, 0xff, 0xff, 0xff, 0xff, 0xff, 0xff, 0xfc, 0xbd, 
	0x27, 0xf0, 0xce, 0xbd, 0x9f, 0xff, 0xff, 0xff, 0xff, 0xff, 0xff, 0xff, 0xff, 0xff, 0xff, 0xff, 
	0xff, 0xff, 0xff, 0xff, 0xff, 0xff, 0xff, 0xff, 0xff, 0xff, 0xff, 0xff, 0xff, 0xff, 0xff, 0xff, 
	0xff, 0xff, 0xff, 0xff, 0xfc, 0xbd, 0x2f, 0xf0, 0x6e, 0xbd, 0xbf, 0xff, 0xff, 0xff, 0xff, 0xff, 
	0xff, 0xff, 0xff, 0xff, 0xff, 0xff, 0xff, 0xff, 0xff, 0xff, 0xff, 0xff, 0xff, 0xff, 0xff, 0xff, 
	0xff, 0xff, 0xff, 0xff, 0xff, 0xff, 0xff, 0xff, 0xff, 0xff, 0xfe, 0x9c, 0xef, 0xf0, 0x67, 0x3d, 
	0xbf, 0xff, 0xff, 0xff, 0xff, 0xff, 0xff, 0xff, 0xff, 0xff, 0xff, 0xff, 0xff, 0xff, 0xff, 0xff, 
	0xff, 0xff, 0xff, 0xff, 0xff, 0xff, 0xff, 0xff, 0xff, 0xff, 0xff, 0xff, 0xff, 0xff, 0xff, 0xff, 
	0xfe, 0x9e, 0xef, 0xf0, 0x67, 0x3d, 0xbf, 0xff, 0xff, 0xff, 0xff, 0xff, 0xff, 0xff, 0xff, 0xff, 
	0xff, 0xff, 0xff, 0xff, 0xff, 0xff, 0xff, 0xff, 0xff, 0xff, 0xff, 0xff, 0xff, 0xff, 0xff, 0xff, 
	0xff, 0xff, 0xff, 0xff, 0xff, 0xff, 0xfe, 0xde, 0xef, 0xf0, 0x67, 0x7d, 0x3f, 0xff, 0xff, 0xff, 
	0xff, 0xff, 0xff, 0xff, 0xff, 0xff, 0xff, 0xff, 0xff, 0xff, 0xff, 0xff, 0xff, 0xff, 0xff, 0xff, 
	0xff, 0xff, 0xff, 0xff, 0xff, 0xff, 0xff, 0xff, 0xff, 0xff, 0xff, 0xff, 0xfe, 0x4e, 0x6f, 0xf0, 
	0x67, 0xfd, 0x3f, 0xff, 0xff, 0xff, 0xff, 0xff, 0xff, 0xff, 0xff, 0xff, 0xff, 0xff, 0xff, 0xff, 
	0xff, 0xff, 0xff, 0xff, 0xff, 0xff, 0xff, 0xff, 0xff, 0xff, 0xff, 0xff, 0xff, 0xff, 0xff, 0xff, 
	0xff, 0xff, 0xfe, 0x6f, 0x6f, 0xf0, 0x67, 0xf9, 0x7f, 0xff, 0xff, 0xff, 0xff, 0xff, 0xff, 0xff, 
	0xff, 0xff, 0xff, 0xff, 0xff, 0xff, 0xff, 0xff, 0xff, 0xff, 0xff, 0xff, 0xff, 0xff, 0xff, 0xff, 
	0xff, 0xff, 0xff, 0xff, 0xff, 0xff, 0xff, 0xff, 0xff, 0x67, 0x6f, 0xf0, 0x77, 0xfb, 0x7f, 0xff, 
	0xff, 0xff, 0xff, 0xff, 0xff, 0xff, 0xff, 0xff, 0xff, 0xff, 0xff, 0xff, 0xff, 0xff, 0xff, 0xff, 
	0xff, 0xff, 0xff, 0xff, 0xff, 0xff, 0xff, 0xff, 0xff, 0xff, 0xff, 0xff, 0xff, 0xff, 0xff, 0x77, 
	0xe7, 0xf0, 0x73, 0xfa, 0x7f, 0xff, 0xff, 0xff, 0xff, 0xff, 0xff, 0xff, 0xff, 0xff, 0xff, 0xff, 
	0xff, 0xff, 0xff, 0xff, 0xff, 0xff, 0xff, 0xff, 0xff, 0xff, 0xff, 0xff, 0xff, 0xff, 0xff, 0xff, 
	0xff, 0xff, 0xff, 0xff, 0xff, 0x37, 0xf7, 0xf0, 0xb3, 0xf2, 0x7f, 0xff, 0xff, 0xff, 0xff, 0xff, 
	0xff, 0xff, 0xff, 0xff, 0xff, 0xff, 0xff, 0xff, 0xff, 0xff, 0xff, 0xff, 0xff, 0xff, 0xff, 0xff, 
	0xff, 0xff, 0xff, 0xff, 0xff, 0xff, 0xff, 0xff, 0xff, 0xff, 0xff, 0x3b, 0xf3, 0xf0, 0xb3, 0xf6, 
	0xff, 0xff, 0xff, 0xff, 0xff, 0xff, 0xff, 0xff, 0xff, 0xff, 0xff, 0xff, 0xff, 0xff, 0xff, 0xff, 
	0xff, 0xff, 0xff, 0xff, 0xff, 0xff, 0xff, 0xff, 0xff, 0xff, 0xff, 0xff, 0xff, 0xff, 0xff, 0xe0, 
	0xff, 0xb9, 0xf3, 0xf0, 0x93, 0xf6, 0xff, 0xff, 0xff, 0xff, 0xff, 0xff, 0xff, 0xff, 0xff, 0xff, 
	0xff, 0xff, 0xff, 0xff, 0xff, 0xff, 0xff, 0xff, 0xff, 0xff, 0xff, 0xff, 0xff, 0xff, 0xff, 0xff, 
	0xff, 0xff, 0xff, 0xff, 0xff, 0xe4, 0xff, 0x9d, 0xf3, 0xf0, 0xd3, 0xe4, 0xff, 0xff, 0xff, 0xff, 
	0xff, 0xff, 0xff, 0xff, 0xff, 0xff, 0xff, 0xff, 0xff, 0xff, 0xff, 0xff, 0xff, 0xff, 0xff, 0xff, 
	0xff, 0xff, 0xff, 0xff, 0xff, 0xff, 0xff, 0xff, 0xff, 0xff, 0xff, 0xe4, 0xff, 0x9e, 0xf3, 0xf0, 
	0xd1, 0xec, 0xff, 0xff, 0xff, 0xff, 0xff, 0xff, 0xff, 0xff, 0xff, 0xff, 0xff, 0xff, 0xff, 0xff, 
	0xff, 0xff, 0xff, 0xff, 0xff, 0xff, 0xff, 0xff, 0xff, 0xff, 0xff, 0xff, 0xff, 0xff, 0xff, 0xff, 
	0xff, 0xf4, 0xff, 0xde, 0x73, 0xf0, 0xc1, 0xed, 0xff, 0xff, 0xff, 0xff, 0xff, 0xff, 0xff, 0xff, 
	0xff, 0xff, 0xff, 0xff, 0xff, 0xff, 0xff, 0xff, 0xff, 0xff, 0xff, 0xff, 0xff, 0xff, 0xff, 0xff, 
	0xff, 0xff, 0xff, 0xff, 0xff, 0xff, 0xff, 0xf1, 0xff, 0xcf, 0x33, 0xf0, 0xe1, 0xcd, 0xff, 0xff, 
	0xff, 0xff, 0xff, 0xff, 0xff, 0xff, 0xff, 0xff, 0xff, 0xff, 0xff, 0xff, 0xff, 0xff, 0xff, 0xff, 
	0xff, 0xff, 0xff, 0xff, 0xff, 0xff, 0xff, 0xff, 0xff, 0xff, 0xff, 0xff, 0xff, 0xfb, 0xff, 0xcf, 
	0xb3, 0xf0, 0xe3, 0xd9, 0xff, 0xff, 0xff, 0xff, 0xff, 0xff, 0xff, 0xff, 0xff, 0xff, 0xff, 0xff, 
	0xff, 0xff, 0xff, 0xff, 0xff, 0xff, 0xff, 0xff, 0xff, 0xff, 0xff, 0xff, 0xff, 0xff, 0xff, 0xff, 
	0xff, 0xff, 0xff, 0xff, 0xff, 0xef, 0xb3, 0xf0, 0xe3, 0x9b, 0xff, 0xff, 0xff, 0xff, 0xff, 0xff, 
	0xff, 0xff, 0xff, 0xf0, 0x07, 0xff, 0xff, 0xff, 0xff, 0xff, 0xff, 0xff, 0xff, 0xff, 0xff, 0xff, 
	0xff, 0xff, 0xff, 0xff, 0xff, 0xff, 0xff, 0xff, 0xff, 0xfd, 0xff, 0xe5, 0x93, 0xf0, 0x67, 0xb3, 
	0xff, 0xff, 0xff, 0xff, 0xff, 0xff, 0xff, 0xff, 0xff, 0xc3, 0xe0, 0xff, 0xff, 0xff, 0xff, 0xff, 
	0xff, 0xff, 0xff, 0xff, 0xff, 0xff, 0xff, 0xff, 0xff, 0xff, 0xff, 0xff, 0xff, 0xff, 0xff, 0xff, 
	0xff, 0xe5, 0xd3, 0xf0, 0x67, 0x33, 0xff, 0xff, 0xff, 0xff, 0xff, 0xff, 0xff, 0xff, 0xff, 0x9f, 
	0xfc, 0x3f, 0xff, 0xff, 0xff, 0xff, 0xff, 0xff, 0xff, 0xff, 0xff, 0xff, 0xff, 0xff, 0xff, 0xff, 
	0xff, 0xff, 0xff, 0xff, 0xff, 0xff, 0xff, 0xf6, 0xd3, 0xf0, 0x67, 0x67, 0xff, 0xff, 0xff, 0xff, 
	0xff, 0xff, 0xff, 0xff, 0xff, 0x3f, 0xff, 0x1f, 0xff, 0xff, 0xff, 0xff, 0xff, 0xff, 0xff, 0xff, 
	0xff, 0xff, 0xff, 0xff, 0xff, 0xff, 0xff, 0xff, 0xff, 0xff, 0xff, 0xff, 0xff, 0xf2, 0xd3, 0xf0, 
	0x27, 0xe5, 0xff, 0xff, 0xff, 0xff, 0xff, 0xff, 0xff, 0xff, 0xfe, 0x7f, 0xff, 0x87, 0xff, 0xff, 
	0xff, 0xff, 0xff, 0xff, 0xff, 0xff, 0xff, 0xff, 0xff, 0xff, 0xff, 0xff, 0xff, 0xff, 0xff, 0xff, 
	0xff, 0xff, 0xff, 0xf3, 0x73, 0xf0, 0xaf, 0xcc, 0xff, 0xff, 0xff, 0xff, 0xff, 0xff, 0xff, 0xff, 
	0xfc, 0xff, 0xff, 0xe3, 0xff, 0xff, 0xff, 0xff, 0xff, 0xff, 0xff, 0xff, 0xff, 0xff, 0xff, 0xff, 
	0xff, 0xff, 0xff, 0xff, 0xff, 0xff, 0xff, 0xff, 0xff, 0xf3, 0x7b, 0xf0, 0x8f, 0xce, 0xff, 0xff, 
	0xff, 0xff, 0xff, 0xff, 0xff, 0xff, 0xf9, 0xdf, 0xff, 0xf1, 0xff, 0xff, 0xff, 0xff, 0xff, 0xff, 
	0xff, 0xff, 0xff, 0xff, 0xff, 0xff, 0xff, 0xff, 0xff, 0xff, 0xff, 0xff, 0xff, 0xff, 0xff, 0xf3, 
	0x3b, 0xf0, 0xcf, 0x9e, 0xff, 0xff, 0xff, 0xff, 0xff, 0xff, 0xff, 0xff, 0xf9, 0xff, 0xfe, 0xf8, 
	0xff, 0xff, 0xff, 0xff, 0xff, 0xff, 0xff, 0xff, 0xff, 0xff, 0xff, 0xff, 0xff, 0xff, 0xff, 0xff, 
	0xff, 0xff, 0xff, 0xff, 0xff, 0xf3, 0xbb, 0xf0, 0xcf, 0xbe, 0x7f, 0xff, 0xff, 0xff, 0xff, 0xff, 
	0xff, 0xff, 0xf3, 0xbf, 0xff, 0xf4, 0x7f, 0xff, 0xff, 0xff, 0xff, 0xff, 0xff, 0xff, 0xff, 0xff, 
	0xff, 0xff, 0xff, 0xff, 0xff, 0xff, 0xff, 0xff, 0xff, 0xfb, 0xff, 0xf3, 0xb9, 0xf0, 0xcb, 0x3f, 
	0x7f, 0xff, 0xff, 0xff, 0xff, 0xff, 0xff, 0xff, 0xe7, 0xff, 0xff, 0x5a, 0x7f, 0xff, 0xff, 0xff, 
	0xff, 0xff, 0xff, 0xff, 0xff, 0xff, 0xff, 0xff, 0xff, 0xff, 0xff, 0xff, 0xff, 0xff, 0xff, 0xf8, 
	0xff, 0xf3, 0x99, 0xf0, 0xdb, 0x3f, 0x7f, 0xff, 0xff, 0xff, 0xff, 0xff, 0xff, 0xff, 0xe7, 0x7f, 
	0xff, 0xed, 0x3f, 0xff, 0xff, 0xff, 0xff, 0xff, 0xff, 0xff, 0xff, 0xff, 0xff, 0xff, 0xff, 0xff, 
	0xff, 0xff, 0xff, 0xff, 0xff, 0xfa, 0x7f, 0xf3, 0xf9, 0xf0, 0xdb, 0x7f, 0x3f, 0xff, 0xff, 0xff, 
	0xff, 0xff, 0xff, 0xff, 0xcf, 0x7f, 0xfd, 0xb4, 0x1f, 0xff, 0xff, 0xff, 0xff, 0xff, 0xff, 0xff, 
	0xff, 0xff, 0xff, 0xff, 0xff, 0xff, 0xff, 0xff, 0xff, 0xff, 0xff, 0xfb, 0xbf, 0xf3, 0xf9, 0xf0, 
	0xdb, 0x7f, 0xbf, 0xff, 0xff, 0xff, 0xff, 0xff, 0xff, 0xff, 0xce, 0xff, 0xfd, 0xda, 0x1f, 0xff, 
	0xff, 0xff, 0xff, 0xff, 0xff, 0xff, 0xff, 0xff, 0xff, 0xff, 0xff, 0xff, 0xff, 0xff, 0xff, 0xff, 
	0xff, 0xf9, 0xdf, 0xf3, 0xdd, 0xf0, 0xdb, 0x7f, 0xbf, 0xff, 0xff, 0xff, 0xff, 0xff, 0xff, 0xff, 
	0x9a, 0xff, 0xfd, 0xdc, 0x1f, 0xff, 0xff, 0xff, 0xff, 0xff, 0xff, 0xff, 0xff, 0xff, 0xff, 0xff, 
	0xff, 0xff, 0xff, 0xff, 0xff, 0xff, 0xff, 0xfd, 0xcf, 0xf3, 0xdd, 0xe0, 0xdb, 0x7f, 0x9f, 0xff, 
	0xff, 0xff, 0xff, 0xff, 0xff, 0xff, 0x96, 0xff, 0xfe, 0xec, 0x1f, 0xff, 0xff, 0xff, 0xff, 0xff, 
	0xff, 0xff, 0xff, 0xff, 0xff, 0xff, 0xff, 0xff, 0xff, 0xff, 0xff, 0xff, 0xff, 0xfd, 0xef, 0xf3, 
	0xdd, 0xe0, 0xdb, 0x3f, 0x9f, 0xff, 0xff, 0xff, 0xff, 0xff, 0xff, 0xff, 0x35, 0xfd, 0xfe, 0xe4, 
	0x1f, 0xff, 0xff, 0xff, 0xff, 0xff, 0xff, 0xff, 0xff, 0xff, 0xff, 0xff, 0xff, 0xff, 0xff, 0xff, 
	0xff, 0xff, 0xff, 0xfe, 0xe7, 0xf3, 0xcd, 0xd0, 0xcb, 0xbf, 0xdf, 0xff, 0xff, 0xff, 0xff, 0xff, 
	0xff, 0xff, 0x2d, 0xfd, 0xfe, 0xf0, 0x7f, 0xff, 0xff, 0xff, 0xff, 0xff, 0xff, 0xff, 0xff, 0xff, 
	0xff, 0xff, 0xff, 0xff, 0xff, 0xff, 0xff, 0xff, 0xff, 0xfe, 0x67, 0xfb, 0xed, 0xd0, 0xcb, 0x9f, 
	0xdf, 0xff, 0xff, 0xff, 0xff, 0xff, 0xff, 0xfe, 0x6b, 0xbd, 0xfe, 0x70, 0x7f, 0xff, 0xff, 0xff, 
	0xff, 0xff, 0xff, 0xff, 0xff, 0xff, 0xff, 0xff, 0xff, 0xff, 0xff, 0xff, 0xff, 0xff, 0xff, 0xff, 
	0x37, 0xfb, 0xec, 0x90, 0xcb, 0xdf, 0xcf, 0xff, 0xff, 0xff, 0xff, 0xff, 0xff, 0xfe, 0x4b, 0xbd, 
	0xab, 0x40, 0xff, 0xff, 0xff, 0xff, 0xff, 0xff, 0xff, 0xff, 0xff, 0xff, 0xff, 0xff, 0xff, 0xff, 
	0xff, 0xff, 0xff, 0xff, 0xff, 0xff, 0xc7, 0xfb, 0x6c, 0xb0, 0xeb, 0xcf, 0xef, 0xff, 0xff, 0xff, 
	0xff, 0xff, 0xff, 0xfc, 0xd3, 0xe9, 0xab, 0x41, 0xff, 0xff, 0xff, 0xff, 0xff, 0xff, 0xff, 0xff, 
	0xff, 0xff, 0xff, 0xff, 0xff, 0xff, 0xff, 0xff, 0xff, 0xff, 0xff, 0xff, 0xff, 0xfb, 0x64, 0xb0, 
	0xe9, 0xcf, 0xef, 0xff, 0xff, 0xff, 0xff, 0xff, 0xff, 0xf9, 0x97, 0x69, 0xab, 0x03, 0xff, 0xff, 
	0xff, 0xff, 0xff, 0xff, 0xff, 0xff, 0xff, 0xff, 0xff, 0xff, 0xff, 0xff, 0xff, 0xff, 0xff, 0xff, 
	0xff, 0xff, 0xff, 0xfb, 0x74, 0xb0, 0xed, 0xcf, 0xe7, 0xff, 0xff, 0xff, 0xff, 0xff, 0xff, 0xf9, 
	0x37, 0x69, 0xab, 0x03, 0xff, 0xff, 0xff, 0xff, 0xff, 0xff, 0xff, 0xff, 0xff, 0xff, 0xff, 0xff, 
	0xff, 0xff, 0xff, 0xff, 0xff, 0xff, 0xff, 0xff, 0xfb, 0xfb, 0x74, 0xa0, 0xcd, 0xcf, 0xf7, 0xff, 
	0xff, 0xff, 0xff, 0xff, 0xff, 0xf0, 0xac, 0x6b, 0xaa, 0x03, 0xff, 0xff, 0xff, 0xff, 0xff, 0xff, 
	0xff, 0xff, 0xff, 0xff, 0xff, 0xff, 0xff, 0xff, 0xff, 0xff, 0xff, 0xff, 0xff, 0xff, 0xfd, 0xfb, 
	0x74, 0xa0, 0xcd, 0xdf, 0xf7, 0xff, 0xff, 0xff, 0xff, 0xff, 0xff, 0xe1, 0x2c, 0xdb, 0x88, 0x07, 
	0xff, 0xff, 0xff, 0xff, 0xff, 0xff, 0xff, 0xff, 0xff, 0xff, 0xff, 0xff, 0xff, 0xff, 0xff, 0xff, 
	0xff, 0xff, 0xff, 0xff, 0xfd, 0xfb, 0x74, 0x90, 0xcd, 0xdf, 0xf3, 0xff, 0xff, 0xff, 0xff, 0xff, 
	0xff, 0xe0, 0x48, 0x50, 0x80, 0x27, 0xff, 0xff, 0xff, 0xff, 0xff, 0xff, 0xff, 0xff, 0xff, 0xff, 
	0xff, 0xff, 0xff, 0xff, 0xff, 0xff, 0xff, 0xff, 0xff, 0xff, 0xfe, 0xfb, 0x70, 0xb0, 0xdd, 0x9f, 
	0xf3, 0xff, 0xff, 0xff, 0xff, 0xff, 0xff, 0xf0, 0x40, 0x00, 0x00, 0x67, 0xff, 0xff, 0xff, 0xff, 
	0xff, 0xff, 0xff, 0xff, 0xff, 0xff, 0xff, 0xff, 0xff, 0xff, 0xff, 0xff, 0xff, 0xff, 0xff, 0xff, 
	0xfe, 0xfb, 0x70, 0xf0, 0xdf, 0x9f, 0xfb, 0xff, 0xff, 0xff, 0xff, 0xff, 0xff, 0xf0, 0x00, 0x00, 
	0x00, 0xcf, 0xff, 0xff, 0xff, 0xff, 0xff, 0xff, 0xff, 0xff, 0xff, 0xff, 0xff, 0xff, 0xff, 0xff, 
	0xff, 0xff, 0xff, 0xff, 0xff, 0xff, 0xfe, 0x7b, 0xf1, 0xf0, 0x9f, 0xbf, 0xfb, 0xff, 0xff, 0xff, 
	0xff, 0xff, 0xff, 0xf8, 0x00, 0x00, 0x0c, 0x0f, 0xff, 0xff, 0xff, 0xff, 0xff, 0xff, 0xff, 0xff, 
	0xff, 0xff, 0xff, 0xff, 0xff, 0xff, 0xff, 0xff, 0xff, 0xff, 0xff, 0xff, 0xff, 0x3f, 0xf1, 0xf0, 
	0x9f, 0xbf, 0xfb, 0xff, 0xff, 0xff, 0xff, 0xff, 0xff, 0xfc, 0x00, 0x00, 0x3c, 0x3f, 0xff, 0xff, 
	0xff, 0xff, 0xff, 0xff, 0xff, 0xff, 0xff, 0xff, 0xff, 0xff, 0xff, 0xff, 0xff, 0xff, 0xff, 0xff, 
	0xff, 0xff, 0xff, 0xbd, 0xf1, 0xf0, 0x9f, 0x1f, 0xf9, 0xff, 0xff, 0xff, 0xff, 0xff, 0xff, 0xff, 
	0x81, 0xff, 0x09, 0xff, 0xff, 0xff, 0xff, 0xff, 0xff, 0xff, 0xff, 0xff, 0xff, 0xff, 0xff, 0xff, 
	0xff, 0xff, 0xff, 0xff, 0xff, 0xff, 0xff, 0xff, 0xff, 0x9c, 0xf1, 0xf0, 0x8f, 0x2f, 0xfd, 0xff, 
	0xff, 0xff, 0xff, 0xff, 0xff, 0xff, 0xc0, 0x03, 0xc1, 0xff, 0xff, 0xff, 0xff, 0xff, 0xff, 0xff, 
	0xff, 0xff, 0xff, 0xff, 0xff, 0xff, 0xff, 0xff, 0xff, 0xff, 0xff, 0xff, 0xff, 0xff, 0xff, 0xcc, 
	0xf3, 0xf0, 0x1f, 0x67, 0xfd, 0xff, 0xff, 0xff, 0xff, 0xff, 0xff, 0xff, 0x81, 0xf0, 0x31, 0xff, 
	0xff, 0xff, 0xff, 0xff, 0xff, 0xff, 0xff, 0xff, 0xff, 0xff, 0xff, 0xff, 0xff, 0xff, 0xff, 0xff, 
	0xff, 0xff, 0xff, 0xff, 0xff, 0xce, 0xf3, 0xf0, 0x5f, 0x73, 0xfc, 0xff, 0xff, 0xff, 0xff, 0xff, 
	0xff, 0xfe, 0x07, 0xff, 0x00, 0xff, 0xff, 0xff, 0xff, 0xff, 0xff, 0xff, 0xff, 0xff, 0xff, 0xff, 
	0xff, 0xff, 0xff, 0xff, 0xff, 0xff, 0xff, 0xff, 0xff, 0xff, 0xff, 0xe6, 0xf3, 0xf0, 0x5e, 0x7b, 
	0xfe, 0xff, 0xff, 0xff, 0xff, 0xff, 0xff, 0xfc, 0x2f, 0xf8, 0x70, 0xff, 0xff, 0xff, 0xff, 0xff, 
	0xff, 0xff, 0xff, 0xff, 0xff, 0xff, 0xff, 0xff, 0xff, 0xff, 0xff, 0xff, 0xff, 0xff, 0xff, 0xff, 
	0xff, 0xe6, 0x73, 0xf0, 0x9e, 0x7d, 0xfe, 0x7f, 0xff, 0xff, 0xff, 0xff, 0xff, 0xf8, 0x6f, 0xe1, 
	0xf8, 0xff, 0xff, 0xff, 0xff, 0xff, 0xff, 0xff, 0xff, 0xff, 0xff, 0xff, 0xff, 0xff, 0xff, 0xff, 
	0xff, 0xff, 0xff, 0xff, 0xff, 0xff, 0xff, 0xf3, 0x73, 0xf0, 0x9e, 0x7c, 0xff, 0x7f, 0xff, 0xff, 
	0xff, 0xff, 0xff, 0xf1, 0x7f, 0x87, 0x80, 0x7f, 0xff, 0xff, 0xff, 0xff, 0xff, 0xff, 0xff, 0xff, 
	0xff, 0xff, 0xff, 0xff, 0xff, 0xff, 0xff, 0xff, 0xff, 0xff, 0xff, 0xff, 0xff, 0xf3, 0x72, 0xf0, 
	0xbe, 0xfe, 0xff, 0x3f, 0xff, 0xff, 0xff, 0xff, 0xff, 0xe2, 0x7e, 0x1e, 0x00, 0x3f, 0xff, 0xff, 
	0xff, 0xff, 0xff, 0xff, 0xff, 0xff, 0xff, 0xff, 0xff, 0xff, 0xff, 0xff, 0xff, 0xff, 0xff, 0xff, 
	0xff, 0xff, 0xff, 0xf1, 0x72, 0x70, 0x3e, 0xff, 0x7f, 0xbf, 0xff, 0xff, 0xff, 0xff, 0xff, 0xc2, 
	0xf9, 0x3c, 0xdf, 0x1f, 0xff, 0xff, 0xff, 0xff, 0xff, 0xff, 0xff, 0xff, 0xff, 0xff, 0xff, 0xff, 
	0xff, 0xff, 0xff, 0xff, 0xff, 0xff, 0xff, 0xff, 0xff, 0xf9, 0x33, 0x70, 0x3c, 0xff, 0x3f, 0x9f, 
	0xff, 0xff, 0xff, 0xff, 0xff, 0x92, 0xf2, 0x71, 0xbf, 0x8f, 0xff, 0xff, 0xff, 0xff, 0xff, 0xff, 
	0xff, 0xff, 0xff, 0xff, 0xff, 0xff, 0xff, 0xff, 0xff, 0xff, 0xff, 0xff, 0xff, 0xff, 0xff, 0xf9, 
	0xb3, 0x70, 0x2c, 0xff, 0xbf, 0xcf, 0xff, 0xff, 0xff, 0xff, 0xff, 0x90, 0x88, 0xe3, 0x7f, 0xcf, 
	0xff, 0xff, 0xff, 0xff, 0xff, 0xff, 0xff, 0xff, 0xff, 0xff, 0xff, 0xff, 0xff, 0xff, 0xff, 0xff, 
	0xff, 0xff, 0xff, 0xff, 0xff, 0xf9, 0xbb, 0x30, 0x6d, 0xff, 0xdf, 0xef, 0xff, 0xff, 0xff, 0xff, 
	0xff, 0xb2, 0x31, 0xcf, 0x7f, 0xcf, 0xff, 0xff, 0xff, 0xff, 0xff, 0xff, 0xff, 0xff, 0xff, 0xff, 
	0xff, 0xff, 0xff, 0xff, 0xff, 0xff, 0xff, 0xff, 0xff, 0xff, 0xff, 0xf0, 0xbb, 0xb0, 0x4d, 0xff, 
	0xcf, 0xe7, 0xff, 0xff, 0xff, 0xff, 0xff, 0x33, 0xc3, 0x9e, 0xff, 0xe7, 0xff, 0xff, 0xff, 0xff, 
	0xff, 0xff, 0xff, 0xff, 0xff, 0xff, 0xff, 0xff, 0xff, 0xff, 0xff, 0xff, 0xff, 0xff, 0xff, 0xff, 
	0xff, 0xec, 0x9b, 0xb0, 0xd8, 0xff, 0xe7, 0xf3, 0xff, 0xff, 0xff, 0xff, 0xff, 0x30, 0x07, 0x1a, 
	0xff, 0xe7, 0xff, 0xff, 0xff, 0xff, 0xff, 0xff, 0xff, 0xff, 0xff, 0xff, 0xff, 0xff, 0xff, 0xff, 
	0xff, 0xff, 0xff, 0xff, 0xff, 0xff, 0xff, 0xcc, 0xdb, 0xb0, 0xd8, 0xff, 0xf7, 0xfc, 0xff, 0xff, 
	0xff, 0xff, 0xff, 0x37, 0xce, 0x31, 0xff, 0xe7, 0xff, 0xff, 0xff, 0xff, 0xff, 0xff, 0xff, 0xff, 
	0xff, 0xff, 0xff, 0xff, 0xff, 0xff, 0xff, 0xff, 0xff, 0xff, 0xff, 0xff, 0xff, 0x9c, 0xdb, 0xb0, 
	0xda, 0xff, 0xfb, 0xfe, 0x3f, 0xff, 0xff, 0xff, 0xfe, 0x33, 0x9c, 0x71, 0xbf, 0xe7, 0xff, 0xff, 
	0xff, 0xff, 0xff, 0xff, 0xff, 0xff, 0xff, 0xff, 0xff, 0xff, 0xff, 0xff, 0xff, 0xff, 0xff, 0xff, 
	0xff, 0xff, 0xff, 0x3c, 0xdb, 0xb0, 0xda, 0xff, 0xfd, 0xff, 0x0f, 0xff, 0xff, 0xff, 0xfe, 0x13, 
	0x38, 0xf3, 0x7f, 0xe7, 0xff, 0xff, 0xff, 0xff, 0xff, 0xff, 0xff, 0xff, 0xff, 0xff, 0xff, 0xff, 
	0xff, 0xff, 0xff, 0xff, 0xff, 0xff, 0xff, 0xff, 0xfe, 0x7e, 0xdb, 0xb0, 0x92, 0xff, 0xfd, 0xff, 
	0x43, 0xff, 0xff, 0xff, 0xfe, 0x1a, 0x71, 0xb2, 0x7f, 0xf7, 0xff, 0xff, 0xff, 0xff, 0xff, 0xff, 
	0xff, 0xff, 0xff, 0xff, 0xff, 0xff, 0xff, 0xff, 0xff, 0xff, 0xff, 0xff, 0xff, 0xff, 0xfc, 0xfe, 
	0xcb, 0xb0, 0xb6, 0xff, 0xfe, 0xff, 0x60, 0xff, 0xff, 0xff, 0xf0, 0x18, 0xf3, 0xb2, 0xff, 0xf7, 
	0xff, 0xff, 0xff, 0xff, 0xff, 0xff, 0xff, 0xff, 0xff, 0xff, 0xff, 0xff, 0xff, 0xff, 0xff, 0xff, 
	0xff, 0x83, 0xff, 0xff, 0xf1, 0xfe, 0xcb, 0xb0, 0xb6, 0xff, 0xff, 0xff, 0x66, 0x1f, 0xff, 0xff, 
	0xc0, 0x00, 0x23, 0xb2, 0xff, 0xf7, 0xff, 0xff, 0xff, 0xff, 0xff, 0xff, 0xff, 0xff, 0xff, 0xff, 
	0xff, 0xff, 0xff, 0xff, 0xff, 0xff, 0xff, 0x39, 0xff, 0xff, 0xe3, 0xfe, 0x6b, 0xb0, 0xa4, 0xff, 
	0xff, 0xff, 0xb3, 0x83, 0xff, 0xff, 0xc8, 0x00, 0x07, 0xd2, 0xff, 0xd7, 0xff, 0xff, 0xff, 0xff, 
	0xff, 0xff, 0xff, 0xff, 0xff, 0xff, 0xff, 0xff, 0xff, 0xff, 0xfe, 0x01, 0xfc, 0x7c, 0xfc, 0x07, 
	0x8f, 0xfe, 0x6b, 0x30, 0xa4, 0xff, 0xff, 0xff, 0xbd, 0xf0, 0x7f, 0xff, 0x9f, 0x84, 0x47, 0xd8, 
	0xff, 0xc7, 0xff, 0xff, 0xff, 0xff, 0xff, 0xff, 0xff, 0xff, 0xff, 0xff, 0xff, 0xff, 0xff, 0xff, 
	0xf8, 0xfc, 0x19, 0xfe, 0x00, 0xf8, 0x3f, 0xfe, 0x63, 0x30, 0x2c, 0xfd, 0xff, 0xff, 0x9e, 0xff, 
	0x00, 0x3f, 0x83, 0xf9, 0x47, 0x48, 0xff, 0xc7, 0xff, 0xff, 0xff, 0xff, 0xff, 0xff, 0xff, 0xff, 
	0xff, 0xff, 0xff, 0xff, 0xff, 0xff, 0xf3, 0xfc, 0xc3, 0xff, 0x7f, 0xfc, 0xff, 0xfe, 0xe3, 0x30, 
	0x2c, 0xfc, 0xff, 0xff, 0xdf, 0x3f, 0xf8, 0x07, 0x84, 0x01, 0x47, 0x68, 0xff, 0xc7, 0xff, 0xff, 
	0xff, 0xff, 0xff, 0xff, 0xff, 0xff, 0xff, 0xff, 0xff, 0xff, 0xff, 0xff, 0xc7, 0xf9, 0xff, 0xff, 
	0xbf, 0xf9, 0xff, 0xfe, 0xf3, 0x30, 0x6d, 0xf8, 0xff, 0xf7, 0xdf, 0x9f, 0xff, 0xf3, 0x9f, 0xf9, 
	0x4f, 0xa0, 0xff, 0xc7, 0xff, 0xff, 0xff, 0xff, 0xff, 0xff, 0xff, 0xff, 0xff, 0xff, 0xff, 0xff, 
	0xff, 0xff, 0x9f, 0xf3, 0xff, 0xff, 0x9f, 0xf3, 0xff, 0xfe, 0xf7, 0x30, 0x4d, 0xf0, 0xff, 0xff, 
	0xef, 0xc3, 0xff, 0xf8, 0x30, 0x79, 0x4f, 0xa0, 0xff, 0xc7, 0xff, 0xff, 0xff, 0xff, 0xff, 0xff, 
	0xff, 0xff, 0xff, 0xff, 0xff, 0xff, 0xff, 0xfe, 0x3f, 0x8f, 0xff, 0xff, 0xcf, 0xe7, 0xff, 0xfe, 
	0xf7, 0x30, 0xcd, 0xf4, 0xff, 0xff, 0xef, 0xc8, 0x07, 0xfe, 0x37, 0xb9, 0x4f, 0xb0, 0xff, 0xe7, 
	0xff, 0xff, 0xff, 0xff, 0xff, 0xff, 0xff, 0xff, 0xff, 0xff, 0xff, 0xff, 0xff, 0xfc, 0xff, 0x7f, 
	0xff, 0xff, 0xff, 0xcf, 0xff, 0xfe, 0xf7, 0x70, 0xcd, 0xe4, 0xff, 0xff, 0xf7, 0xef, 0xf1, 0xff, 
	0x35, 0x99, 0x4f, 0x90, 0xfe, 0xe7, 0xff, 0xff, 0xff, 0xff, 0xff, 0xff, 0xff, 0xff, 0xff, 0xff, 
	0xff, 0xff, 0xff, 0xf1, 0xfe, 0xff, 0xff, 0xff, 0xff, 0x9f, 0xff, 0xfc, 0xf7, 0x70, 0xcd, 0xec, 
	0xff, 0xff, 0xf3, 0xf3, 0xfc, 0xff, 0x30, 0x58, 0x4f, 0xd8, 0xff, 0x67, 0xff, 0xff, 0xff, 0xff, 
	0xff, 0xff, 0xff, 0xff, 0xff, 0xff, 0xff, 0xff, 0xff, 0xe7, 0xfd, 0xff, 0xff, 0xff, 0xff, 0x3f, 
	0xff, 0xfc, 0xe7, 0x70, 0xcd, 0xec, 0xff, 0xff, 0xbb, 0xfc, 0xfe, 0x7f, 0x25, 0x58, 0x4f, 0xcc, 
	0x7f, 0x27, 0xff, 0xff, 0xff, 0xff, 0xff, 0xff, 0xff, 0xff, 0xff, 0xff, 0xff, 0xff, 0xff, 0x9f, 
	0xfb, 0xff, 0xff, 0xff, 0xfe, 0x7f, 0xff, 0xfc, 0xee, 0x70, 0x8d, 0xcc, 0xff, 0xff, 0xdd, 0xfe, 
	0x7f, 0x7f, 0x10, 0x9a, 0x5f, 0xec, 0xbf, 0xa7, 0xff, 0xff, 0xff, 0xff, 0xff, 0xff, 0xff, 0xff, 
	0xff, 0xff, 0xff, 0xff, 0xff, 0x3f, 0xf7, 0xff, 0xff, 0xff, 0xfc, 0x7f, 0xff, 0xfe, 0xee, 0x70, 
	0x8d, 0xcd, 0xff, 0x7f, 0xec, 0xff, 0xbf, 0xbf, 0x08, 0x3a, 0x1f, 0xe4, 0xff, 0x87, 0xff, 0xff, 
	0xff, 0xff, 0xff, 0xff, 0xff, 0xff, 0xff, 0xff, 0xff, 0xff, 0xfe, 0x7f, 0xef, 0xff, 0xff, 0xff, 
	0xfc, 0xff, 0xff, 0xfe, 0xfe, 0x70, 0x8c, 0xd9, 0xfe, 0x7f, 0xe6, 0x7f, 0xcf, 0xdf, 0x07, 0xfa, 
	0x1f, 0xf0, 0xff, 0xcf, 0xff, 0xff, 0xf1, 0xff, 0xff, 0xff, 0x80, 0xff, 0xff, 0xff, 0xff, 0xff, 
	0xfc, 0xff, 0xdf, 0xff, 0xff, 0xff, 0xf9, 0xff, 0xff, 0xfe, 0x7e, 0x70, 0x8c, 0xdb, 0xfc, 0x7f, 
	0xf3, 0x7f, 0xff, 0xdf, 0x80, 0x02, 0x1f, 0x78, 0xff, 0xcf, 0xff, 0xff, 0xc0, 0x3f, 0xff, 0xfe, 
	0x7e, 0x0f, 0xff, 0xff, 0xe0, 0x3f, 0xf1, 0xff, 0xbf, 0xff, 0xff, 0xff, 0xf3, 0xff, 0xff, 0xfe, 
	0x7e, 0x70, 0x8c, 0xc3, 0xfc, 0x7f, 0xf9, 0xbe, 0x7f, 0xef, 0x80, 0x02, 0x0b, 0xb8, 0xfe, 0x27, 
	0xff, 0xff, 0x17, 0x8f, 0xff, 0xfc, 0xff, 0xe1, 0xff, 0xfe, 0x0f, 0x0f, 0xe7, 0xff, 0xff, 0xff, 
	0xff, 0xff, 0xe7, 0xff, 0xff, 0xfe, 0x7e, 0x70, 0x84, 0xe7, 0xfa, 0x7f, 0xfc, 0xdf, 0x9f, 0xef, 
	0x80, 0x10, 0x0b, 0xbc, 0xff, 0x07, 0xff, 0xfc, 0x67, 0xe0, 0xff, 0xf9, 0xff, 0xfc, 0x7f, 0xf0, 
	0xff, 0xe0, 0x0f, 0xff, 0xff, 0xff, 0xff, 0xff, 0xc7, 0xff, 0xff, 0xfe, 0x7e, 0xf0, 0x84, 0xff, 
	0xf2, 0x7f, 0xff, 0xef, 0xe7, 0xf7, 0x96, 0x00, 0x0f, 0xb8, 0xff, 0xf7, 0xff, 0x81, 0xcf, 0xfc, 
	0x01, 0xe1, 0xff, 0xff, 0x00, 0x07, 0xfe, 0xfb, 0xff, 0xff, 0xff, 0xff, 0xff, 0xff, 0x8f, 0xff, 
	0xff, 0xfe, 0x6e, 0xf0, 0xa6, 0xff, 0xf2, 0xff, 0xff, 0xe7, 0xf8, 0xf3, 0x97, 0xf6, 0x07, 0xd9, 
	0xff, 0xe7, 0xfc, 0x07, 0xbf, 0xff, 0xfc, 0x43, 0xff, 0xff, 0xff, 0xff, 0xfd, 0xe7, 0xff, 0xff, 
	0xff, 0xff, 0xff, 0xff, 0x9f, 0xff, 0xff, 0xfe, 0x6e, 0xf0, 0xbe, 0xff, 0xe6, 0xff, 0xff, 0xf3, 
	0xfe, 0x7f, 0xb7, 0xf4, 0x27, 0xc9, 0xfc, 0x07, 0xf9, 0xff, 0x71, 0xff, 0xff, 0x17, 0xff, 0xff, 
	0xff, 0xff, 0xfb, 0x9f, 0xff, 0xff, 0xff, 0xff, 0xff, 0xff, 0x3f, 0xff, 0xff, 0xfe, 0x6f, 0xf0, 
	0x9e, 0xff, 0xe6, 0xff, 0xff, 0xf9, 0xff, 0x9f, 0x3f, 0xf4, 0x33, 0xe0, 0xcf, 0xc3, 0xf3, 0xff, 
	0x8f, 0xff, 0xfe, 0x6f, 0xff, 0xff, 0xff, 0xff, 0xf7, 0x3f, 0xff, 0xff, 0xff, 0xff, 0x1f, 0xfe, 
	0x7f, 0xff, 0x3f, 0xfe, 0x6f, 0xf0, 0x9e, 0xff, 0xe6, 0xfc, 0xff, 0xfc, 0xff, 0xff, 0x3f, 0xed, 
	0x73, 0xe0, 0x63, 0xf0, 0x00, 0x3f, 0xff, 0xff, 0xf1, 0xdf, 0xff, 0xff, 0xff, 0xff, 0xcc, 0xff, 
	0xff, 0xff, 0xff, 0xfe, 0xff, 0xfc, 0x6f, 0xff, 0x1f, 0xfe, 0x6f, 0xf0, 0x9c, 0x7f, 0xc4, 0xf0, 
	0xff, 0xff, 0x7f, 0xff, 0x2f, 0xe9, 0x79, 0xf0, 0x70, 0x33, 0xff, 0x03, 0xff, 0xff, 0xc7, 0xdf, 
	0xff, 0xff, 0xff, 0xff, 0x3b, 0xff, 0xff, 0xff, 0xff, 0xf9, 0xff, 0xf8, 0xdf, 0xff, 0x8f, 0xfe, 
	0x6f, 0xf0, 0x98, 0x67, 0xc5, 0xe6, 0x7f, 0xff, 0x9f, 0xff, 0x2f, 0xe8, 0x3d, 0xb8, 0x3c, 0xf3, 
	0xff, 0xf8, 0xff, 0xfc, 0x7f, 0xbf, 0xff, 0xff, 0xff, 0xfe, 0x7f, 0xff, 0xff, 0xff, 0xff, 0xf7, 
	0xff, 0xf1, 0x9f, 0xff, 0xaf, 0xfe, 0x6f, 0xf0, 0x98, 0x67, 0xcd, 0xcf, 0x7f, 0xff, 0xcf, 0xfe, 
	0x6f, 0xda, 0x1e, 0x9c, 0x3f, 0xf3, 0xff, 0xfe, 0x7f, 0xf3, 0xff, 0x7f, 0xff, 0xff, 0xff, 0xf9, 
	0xff, 0xff, 0xff, 0xff, 0xff, 0xcf, 0xff, 0xe3, 0x3f, 0xff, 0xb7, 0xfe, 0x67, 0xf0, 0x9b, 0x63, 
	0x8d, 0xdf, 0x7f, 0xff, 0xe7, 0xfe, 0x0f, 0xda, 0x07, 0x0c, 0x1f, 0x87, 0xff, 0xff, 0x73, 0xff, 
	0xfe, 0xff, 0xff, 0xff, 0xff, 0xc7, 0xff, 0xff, 0xff, 0xff, 0xff, 0x3f, 0xff, 0xc7, 0x7f, 0xff, 
	0xb3, 0xfe, 0x67, 0xd0, 0x9b, 0x63, 0x8d, 0xde, 0x7f, 0xff, 0xfb, 0xfc, 0x01, 0xf2, 0x01, 0x00, 
	0x1e, 0x23, 0xff, 0xff, 0x2f, 0xff, 0xff, 0xff, 0xff, 0xff, 0xff, 0x3f, 0xff, 0xff, 0xff, 0xff, 
	0xfd, 0xff, 0xff, 0x8e, 0xff, 0xff, 0x9b, 0xfe, 0x77, 0xc0, 0xdb, 0x6b, 0xa9, 0x9e, 0xff, 0xff, 
	0xfd, 0xfc, 0x80, 0x12, 0x00, 0x00, 0x30, 0xf9, 0xff, 0xff, 0x9f, 0xff, 0xff, 0xff, 0xff, 0xff, 
	0xfc, 0xff, 0xff, 0xff, 0xff, 0xff, 0xff, 0xff, 0xff, 0x1c, 0xff, 0xff, 0x99, 0xfc, 0x77, 0xc0, 
	0xdb, 0x6b, 0xab, 0xbc, 0xff, 0xff, 0xfe, 0x7c, 0xb0, 0x52, 0x00, 0x00, 0x37, 0xf9, 0xff, 0xff, 
	0xdf, 0xff, 0xff, 0xff, 0xff, 0xff, 0xf3, 0xff, 0xff, 0xff, 0xff, 0xff, 0xff, 0xff, 0xfc, 0x3d, 
	0xff, 0xff, 0x9d, 0xf8, 0x73, 0xc0, 0xdb, 0x0b, 0x1b, 0x9d, 0xff, 0xff, 0xff, 0x7c, 0x0e, 0xde, 
	0x03, 0xfc, 0x3f, 0xfd, 0xff, 0xff, 0xcf, 0xff, 0xff, 0xff, 0xff, 0xff, 0xe7, 0xff, 0xff, 0xff, 
	0xfc, 0x03, 0xff, 0x00, 0x38, 0xfb, 0xff, 0xff, 0x8c, 0xfa, 0x7b, 0x80, 0xc3, 0x1b, 0x1b, 0xd9, 
	0xff, 0xff, 0xff, 0xfc, 0x80, 0x1c, 0x00, 0x00, 0x0f, 0xf8, 0xff, 0xff, 0x6f, 0xff, 0xff, 0xff, 
	0xff, 0xff, 0xff, 0xff, 0xff, 0xff, 0xff, 0xff, 0xff, 0xff, 0xf1, 0xf3, 0xdf, 0xff, 0x86, 0xfa, 
	0x7b, 0xa0, 0xc3, 0x9b, 0x13, 0xc3, 0xff, 0xff, 0xff, 0xfc, 0xbc, 0x1c, 0x0f, 0xfe, 0x01, 0xf1, 
	0xff, 0xff, 0x87, 0xff, 0xff, 0xff, 0xff, 0xff, 0xff, 0xff, 0xff, 0xff, 0xff, 0xff, 0xff, 0xff, 
	0xc7, 0xf7, 0xbf, 0xff, 0xd6, 0xfa, 0x7b, 0xa0, 0xe3, 0x9b, 0x17, 0xf7, 0xff, 0xff, 0xff, 0xfc, 
	0xbf, 0x54, 0x00, 0x00, 0x1f, 0xe1, 0xff, 0xff, 0xe3, 0xff, 0xff, 0xff, 0xff, 0xff, 0xff, 0xff, 
	0xff, 0xff, 0xff, 0xff, 0xff, 0xfe, 0x0f, 0xe7, 0x3f, 0xff, 0xd2, 0xfa, 0x7b, 0xa0, 0xe1, 0x9b, 
	0x37, 0xff, 0xff, 0xff, 0xff, 0xfd, 0xbf, 0x54, 0x00, 0x00, 0x0f, 0xc1, 0xff, 0xff, 0xf9, 0xff, 
	0xff, 0xff, 0xff, 0xff, 0xff, 0xff, 0xff, 0xff, 0xff, 0xff, 0xff, 0xe0, 0x7f, 0xef, 0x7f, 0xff, 
	0xea, 0xfa, 0x7b, 0xa0, 0xe1, 0xd2, 0x37, 0xff, 0xff, 0xff, 0xff, 0xfd, 0xbf, 0x54, 0x11, 0x66, 
	0x00, 0x11, 0xff, 0xff, 0xfc, 0x7f, 0xff, 0xff, 0xff, 0xff, 0xff, 0xff, 0xff, 0xff, 0xff, 0xff, 
	0xfc, 0x03, 0xff, 0xce, 0xff, 0xff, 0xe6, 0xfa, 0x7b, 0xa0, 0x61, 0xd2, 0x27, 0xff, 0xff, 0xff, 
	0xff, 0xf9, 0xbe, 0x54, 0x33, 0x67, 0x00, 0x64, 0xff, 0xff, 0xff, 0x3f, 0xff, 0xff, 0xff, 0xff, 
	0xff, 0xff, 0xff, 0xff, 0xfc, 0x0f, 0xe0, 0x1f, 0xff, 0xdd, 0xff, 0xff, 0xf0, 0xf2, 0x7b, 0xa0, 
	0x70, 0xc2, 0x6f, 0xff, 0xfd, 0xff, 0xff, 0xf9, 0x7e, 0xd4, 0x23, 0x77, 0x40, 0x18, 0xff, 0xff, 
	0xff, 0x9f, 0xff, 0xff, 0x80, 0xc0, 0x3f, 0xff, 0xff, 0xfe, 0x0f, 0xff, 0xc3, 0xff, 0xff, 0x99, 
	0xff, 0xff, 0xf0, 0xf2, 0x7b, 0x80, 0x70, 0xc2, 0x6f, 0xff, 0xfb, 0xff, 0xff, 0xfd, 0x7e, 0xd4, 
	0xa3, 0x77, 0x60, 0x00, 0xff, 0xff, 0xff, 0xcf, 0xff, 0xff, 0xff, 0xff, 0xff, 0xff, 0x03, 0xff, 
	0xff, 0xff, 0x1f, 0xff, 0xff, 0xb3, 0xff, 0xff, 0xfa, 0xf2, 0x7b, 0x10, 0x72, 0xe2, 0x4f, 0xff, 
	0xf7, 0xff, 0xff, 0xfd, 0x3e, 0xd4, 0xab, 0x77, 0x60, 0x1c, 0xff, 0xff, 0xff, 0xe7, 0xff, 0xff, 
	0xff, 0xff, 0xc0, 0x03, 0xff, 0xff, 0xff, 0xfc, 0x7f, 0xff, 0xff, 0x67, 0xff, 0xff, 0xfb, 0x72, 
	0x7b, 0x10, 0x32, 0xe2, 0x4f, 0xfd, 0xef, 0xff, 0xff, 0xfc, 0x9e, 0xd4, 0xeb, 0x77, 0x70, 0x00, 
	0x7b, 0xff, 0xff, 0xf8, 0x01, 0xf0, 0x1f, 0xff, 0xff, 0xff, 0xff, 0xff, 0xff, 0x79, 0xff, 0xff, 
	0xfe, 0x1f, 0xff, 0xff, 0xf9, 0x72, 0x79, 0x10, 0xf2, 0x62, 0xdf, 0xf9, 0xdf, 0xff, 0xff, 0xfe, 
	0x62, 0xd4, 0x6b, 0x77, 0x30, 0x02, 0x7c, 0x7f, 0xff, 0xfc, 0xff, 0xff, 0xff, 0xff, 0xff, 0xf0, 
	0x00, 0x00, 0x00, 0x23, 0xff, 0xff, 0xfe, 0x7f, 0xff, 0xff, 0xfd, 0x72, 0x79, 0x30, 0xf3, 0x62, 
	0xdf, 0xbb, 0x9f, 0xff, 0xff, 0xfe, 0x18, 0xd4, 0x6b, 0x77, 0x30, 0x0c, 0x7f, 0x81, 0xff, 0xfe, 
	0x3f, 0xff, 0xff, 0xff, 0xff, 0xff, 0xff, 0xff, 0xff, 0xc7, 0xff, 0xff, 0xfc, 0xff, 0xff, 0xff, 
	0xfd, 0xb2, 0x79, 0x30, 0xfb, 0x72, 0xdf, 0x3b, 0xbf, 0xff, 0xff, 0xfe, 0x03, 0xd4, 0x7b, 0xf7, 
	0x38, 0x03, 0x7f, 0xfe, 0x0f, 0xff, 0x9f, 0xff, 0xff, 0xff, 0xf8, 0x03, 0xff, 0xff, 0xff, 0x8f, 
	0xff, 0xff, 0xf9, 0xff, 0xff, 0xff, 0xfd, 0xba, 0x7d, 0x70, 0xf9, 0x72, 0x9e, 0x3b, 0x7f, 0xe7, 
	0xff, 0xff, 0x38, 0x14, 0x7b, 0xf7, 0x38, 0x0e, 0x3f, 0xff, 0xf1, 0xff, 0xe7, 0xff, 0xff, 0xff, 
	0xc0, 0xf0, 0x7f, 0xff, 0xff, 0x9f, 0xff, 0xff, 0xf3, 0xff, 0xff, 0xff, 0xfc, 0xba, 0x7d, 0x70, 
	0xd9, 0x30, 0xbc, 0x36, 0x7f, 0xc7, 0xff, 0xff, 0x07, 0x05, 0x7b, 0xf7, 0xbc, 0x0c, 0x3f, 0xff, 
	0xfe, 0x3f, 0xf1, 0xff, 0xff, 0xfe, 0x0f, 0xff, 0x1f, 0xff, 0xff, 0x3f, 0xff, 0xff, 0xe7, 0xff, 
	0xf3, 0xfe, 0xfe, 0xba, 0x7c, 0xf0, 0xf9, 0xb1, 0xbc, 0x36, 0xff, 0x0f, 0xff, 0xff, 0xc0, 0xc9, 
	0x7b, 0xf7, 0xbc, 0x01, 0x9f, 0xff, 0xff, 0xc7, 0xfc, 0x7f, 0xff, 0xe0, 0x7f, 0xff, 0xc0, 0x00, 
	0x00, 0x7f, 0xff, 0xff, 0xcf, 0xff, 0xf1, 0xfe, 0x7e, 0xda, 0x6c, 0xf0, 0xf9, 0xb1, 0xb8, 0x36, 
	0xfe, 0x0f, 0xff, 0xff, 0xf8, 0x01, 0x7b, 0xf7, 0xbc, 0x17, 0x9f, 0xff, 0xff, 0xff, 0xff, 0x00, 
	0x00, 0x07, 0xff, 0xff, 0xff, 0xff, 0xc0, 0xff, 0xff, 0xff, 0x9f, 0xff, 0xf1, 0xfe, 0x3e, 0xda, 
	0x2e, 0xf0, 0xfc, 0x91, 0xb8, 0x35, 0xfe, 0xaf, 0xff, 0xff, 0xf8, 0x01, 0x7b, 0xf7, 0xbe, 0x17, 
	0xcf, 0xdf, 0xff, 0xff, 0xff, 0xff, 0x80, 0xff, 0xff, 0xff, 0xff, 0xff, 0xf9, 0xff, 0xff, 0xff, 
	0x7f, 0xff, 0xf2, 0xfe, 0x1e, 0x5a, 0x36, 0xf0, 0xfc, 0xd1, 0x31, 0x34, 0x7d, 0x2f, 0xff, 0xff, 
	0xf8, 0x01, 0x7b, 0xf7, 0xbf, 0x13, 0xcf, 0xfe, 0xff, 0xff, 0xff, 0xff, 0xff, 0xff, 0xff, 0xff, 
	0xff, 0xff, 0xf1, 0xff, 0xff, 0xfe, 0xff, 0xff, 0xf3, 0x7f, 0x5e, 0x5a, 0x36, 0x70, 0xfc, 0xd9, 
	0x35, 0x30, 0x79, 0x4f, 0x7f, 0xff, 0xf8, 0x03, 0xfb, 0xf7, 0xbf, 0x13, 0xcf, 0xff, 0xff, 0xff, 
	0xff, 0xff, 0xff, 0xff, 0xff, 0xff, 0xff, 0xff, 0xe3, 0xff, 0xff, 0xfd, 0xff, 0xff, 0xf5, 0x3f, 
	0x6e, 0x48, 0x3b, 0x70, 0xfe, 0xc9, 0x35, 0x20, 0xf2, 0x5e, 0x7f, 0xff, 0xf8, 0x03, 0xfb, 0xff, 
	0xdf, 0x13, 0xcf, 0xff, 0xff, 0xff, 0xff, 0xff, 0xff, 0xff, 0xff, 0xff, 0xff, 0xff, 0xc7, 0xff, 
	0xff, 0xff, 0xff, 0xff, 0xf5, 0xbf, 0x2f, 0x68, 0x3b, 0x30, 0xfe, 0x69, 0x25, 0x22, 0xe6, 0xde, 
	0xff, 0xff, 0xf9, 0x5a, 0xfb, 0xff, 0xdf, 0x03, 0x8f, 0xff, 0xff, 0xff, 0xff, 0xff, 0xff, 0xff, 
	0xff, 0xff, 0xff, 0xff, 0x8f, 0xff, 0xe7, 0xff, 0xff, 0xff, 0xf6, 0x9f, 0xa7, 0x68, 0x1d, 0xb0, 
	0xee, 0x6d, 0x2d, 0x24, 0xec, 0x9d, 0xff, 0xff, 0xf0, 0x9a, 0xfb, 0xff, 0xdf, 0x00, 0x0f, 0xff, 
	0xff, 0xff, 0xff, 0x3f, 0xff, 0xff, 0xff, 0xff, 0xff, 0xff, 0x1f, 0xff, 0xef, 0xff, 0xff, 0xff, 
	0xf6, 0xde, 0xb7, 0x68, 0x5f, 0x90, 0xee, 0x74, 0x8b, 0x2c, 0xcd, 0xb9, 0xff, 0xff, 0xf3, 0xba, 
	0xfb, 0xff, 0xdf, 0x00, 0x0f, 0xff, 0xff, 0xff, 0xff, 0xdf, 0xff, 0xff, 0xff, 0xfe, 0x00, 0x3e, 
	0x3f, 0xff, 0xdf, 0xff, 0xff, 0xff, 0xf7, 0x6e, 0x97, 0x68, 0x5f, 0xc0, 0xef, 0x58, 0x8b, 0x08, 
	0x99, 0xb3, 0xff, 0xff, 0xf3, 0xb3, 0xfb, 0xff, 0xff, 0x02, 0x0f, 0xff, 0xff, 0xff, 0xff, 0xe7, 
	0xff, 0xff, 0x80, 0x0f, 0xff, 0xfe, 0x7f, 0xff, 0xbf, 0xff, 0xff, 0xc3, 0xf3, 0x66, 0xd3, 0x68, 
	0x5d, 0xe0, 0xe7, 0x28, 0x0b, 0x1a, 0xb3, 0x23, 0xff, 0xff, 0xf3, 0x33, 0xfb, 0xff, 0xff, 0x00, 
	0x1f, 0xff, 0xff, 0xff, 0xff, 0xf9, 0xff, 0xff, 0xff, 0xff, 0xff, 0xf8, 0xff, 0xff, 0x7f, 0xff, 
	0xfe, 0x7f, 0xf3, 0xb6, 0x5b, 0x68, 0x4c, 0xe0, 0xf7, 0xa4, 0x0b, 0x12, 0x23, 0x43, 0xff, 0xff, 
	0xf3, 0x37, 0xfb, 0xff, 0xff, 0x00, 0x7f, 0xff, 0xff, 0xff, 0xff, 0xff, 0x7f, 0xff, 0xff, 0xff, 
	0xff, 0xf1, 0xff, 0xfe, 0x7f, 0xff, 0xe3, 0xff, 0xfb, 0xb3, 0x5b, 0x28, 0xce, 0xf0, 0xf7, 0xb6, 
	0x0b, 0xb6, 0x42, 0x17, 0xff, 0xff, 0xe7, 0x77, 0xfb, 0xff, 0xff, 0x21, 0xff, 0xff, 0xff, 0xff, 
	0xff, 0xff, 0xff, 0xff, 0xff, 0xff, 0xff, 0x03, 0xff, 0xfc, 0xff, 0xff, 0xff, 0xff, 0xfb, 0xdb, 
	0x4b, 0x28, 0xee, 0x70, 0xfb, 0x9b, 0x0b, 0xa6, 0xd6, 0xa7, 0xe7, 0xff, 0xe7, 0x77, 0xff, 0xff, 
	0xff, 0x67, 0xff, 0xff, 0xff, 0xff, 0xff, 0xff, 0xff, 0xff, 0xff, 0xff, 0xf8, 0x0f, 0xff, 0xf9, 
	0xff, 0xff, 0xff, 0xff, 0xf9, 0xd9, 0x6b, 0x28, 0xef, 0x70, 0xff, 0xd9, 0xcb, 0x24, 0xb4, 0xaf, 
	0x8f, 0xff, 0xe7, 0x77, 0xff, 0xff, 0xff, 0x27, 0xff, 0xff, 0xff, 0xff, 0xff, 0xff, 0xff, 0xff, 
	0xff, 0xfe, 0x00, 0x7f, 0xff, 0xf7, 0xff, 0xff, 0xff, 0xff, 0xfd, 0xcd, 0x2b, 0xa8, 0xe7, 0x30, 
	0xff, 0xcd, 0xcf, 0x64, 0x2d, 0x2f, 0x1f, 0xff, 0xe6, 0x77, 0xff, 0xdf, 0xff, 0x37, 0xff, 0xff, 
	0xff, 0xff, 0xff, 0xff, 0xff, 0xff, 0xff, 0xe0, 0x1f, 0xff, 0xff, 0xcf, 0x1f, 0xff, 0xff, 0xff, 
	0xfc, 0xed, 0xab, 0xa8, 0xe7, 0xb0, 0xff, 0xcc, 0xe7, 0x44, 0x69, 0x4e, 0x3f, 0xff, 0xe6, 0xf7, 
	0xff, 0xdf, 0xff, 0x33, 0xff, 0xff, 0xff, 0xff, 0xff, 0xff, 0xf0, 0x00, 0xff, 0x07, 0xff, 0xff, 
	0xff, 0x9c, 0xff, 0xff, 0xff, 0xff, 0xfe, 0xe6, 0xa9, 0xa8, 0xf7, 0xb0, 0x77, 0xe6, 0xf6, 0x54, 
	0x4b, 0x5c, 0x3f, 0xff, 0xe6, 0xf7, 0xff, 0xcf, 0xff, 0x33, 0xff, 0xff, 0xff, 0xff, 0xff, 0xff, 
	0xff, 0xff, 0xf0, 0x3f, 0xff, 0xff, 0xff, 0x33, 0xff, 0xff, 0xff, 0xf0, 0x7f, 0x76, 0x21, 0xa0, 
	0xf7, 0xb0, 0x76, 0xe6, 0x72, 0xd4, 0xd2, 0x59, 0x60, 0x0f, 0xce, 0xf7, 0xff, 0xcf, 0xff, 0x33, 
	0xff, 0xff, 0xff, 0xff, 0xff, 0xff, 0xff, 0xff, 0x03, 0xff, 0xff, 0xff, 0xfc, 0x0f, 0xff, 0xff, 
	0xfe, 0x0f, 0xff, 0x37, 0x21, 0xa1, 0xf7, 0xb0, 0x76, 0xf2, 0x7a, 0xd0, 0xd2, 0x9b, 0x7f, 0xf0, 
	0xcf, 0xf7, 0xff, 0xcf, 0xff, 0x33, 0xff, 0xff, 0xff, 0xff, 0xff, 0xff, 0xff, 0xf0, 0x3f, 0xfd, 
	0xff, 0xff, 0xf0, 0x7f, 0xff, 0xff, 0xf0, 0xff, 0xff, 0xb3, 0x01, 0xa1, 0xf7, 0x30, 0x3e, 0xf3, 
	0x78, 0x90, 0xb6, 0x96, 0xff, 0xff, 0x8f, 0xf7, 0xff, 0xcf, 0xff, 0x33, 0xff, 0xff, 0xff, 0xc0, 
	0x00, 0x00, 0x00, 0x03, 0xff, 0xf3, 0xff, 0xf0, 0x07, 0xff, 0xff, 0xff, 0x87, 0xfe, 0x7f, 0x9b, 
	0x05, 0xa1, 0xf7, 0x30, 0xbe, 0xfb, 0x38, 0xb1, 0xac, 0xb6, 0xff, 0xff, 0xcf, 0xf5, 0xff, 0xcf, 
	0xff, 0xb3, 0x80, 0x0c, 0x00, 0x03, 0xe6, 0x00, 0x07, 0xff, 0xff, 0xe7, 0xfe, 0x07, 0xff, 0xff, 
	0xff, 0xf8, 0x3f, 0xfe, 0x3f, 0xd9, 0x85, 0xa1, 0xf7, 0x70, 0x9e, 0x79, 0xb9, 0xb1, 0xac, 0xa4, 
	0xff, 0xff, 0xcf, 0xb5, 0xff, 0xef, 0xff, 0xb3, 0xff, 0x00, 0x3f, 0xff, 0xff, 0xff, 0xff, 0xff, 
	0xff, 0xcf, 0xfe, 0xff, 0xff, 0xf0, 0x00, 0x03, 0xff, 0xfe, 0xbf, 0xc9, 0x85, 0xa3, 0xf7, 0x60, 
	0xcf, 0x7c, 0x99, 0xb1, 0xa5, 0xac, 0xff, 0xff, 0xcf, 0xf5, 0xff, 0xef, 0xff, 0xbb, 0xff, 0xff, 
	0xff, 0xff, 0xff, 0xff, 0xff, 0xff, 0xff, 0xbf, 0xff, 0xff, 0xff, 0x0f, 0xff, 0xff, 0xff, 0xfe, 
	0xb3, 0xed, 0x85, 0xa3, 0xf6, 0x60, 0xcf, 0x7e, 0xdd, 0xb1, 0xa5, 0xad, 0xbf, 0xff, 0xc0, 0xf5, 
	0xff, 0xef, 0xff, 0x91, 0xff, 0xff, 0xff, 0xff, 0xff, 0xff, 0xff, 0xff, 0xff, 0x7f, 0xff, 0xff, 
	0xf8, 0xff, 0xff, 0xff, 0xff, 0xfe, 0x91, 0xe5, 0xc5, 0x83, 0xe6, 0xc0, 0x67, 0x3e, 0x4d, 0xb1, 
	0x8d, 0xa9, 0x3f, 0xff, 0xf0, 0x05, 0xff, 0xcf, 0xff, 0x83, 0xff, 0xff, 0xff, 0xff, 0xff, 0xff, 
	0xff, 0xff, 0xfe, 0xff, 0xff, 0xff, 0x87, 0xff, 0xff, 0xff, 0xff, 0xfe, 0xd0, 0xf4, 0xc5, 0x83, 
	0xe4, 0xc0, 0x67, 0xbf, 0x2c, 0x99, 0x8d, 0x0b, 0x7f, 0xff, 0xff, 0x80, 0xff, 0xcf, 0xff, 0x87, 
	0xff, 0xff, 0xff, 0xff, 0xff, 0xff, 0xff, 0xff, 0xf9, 0xff, 0xff, 0xf8, 0x3f, 0xff, 0xff, 0xff, 
	0xff, 0xfe, 0xda, 0xf6, 0xc5, 0x87, 0xed, 0x90, 0x27, 0xbf, 0xa4, 0x99, 0x8d, 0x1a, 0xe7, 0xff, 
	0xff, 0x80, 0x00, 0x03, 0xfe, 0x1f, 0xff, 0xff, 0xff, 0xff, 0xff, 0xff, 0xff, 0xff, 0x73, 0xff, 
	0xff, 0x83, 0xff, 0xff, 0xff, 0xff, 0xff, 0xfe, 0x4b, 0x72, 0xe5, 0x87, 0xeb, 0x90, 0xa7, 0x9f, 
	0x96, 0xd8, 0x8d, 0x18, 0xe7, 0xff, 0xff, 0x80, 0x00, 0x00, 0x00, 0x1f, 0xff, 0xff, 0xff, 0xff, 
	0xff, 0xff, 0xff, 0xfd, 0xef, 0xf0, 0x00, 0x7f, 0xff, 0xff, 0xff, 0xff, 0xfd, 0xf6, 0x6b, 0x3a, 
	0xe5, 0xa7, 0xcb, 0xb0, 0x8d, 0xde, 0x5a, 0xcc, 0x85, 0x11, 0xe3, 0xf9, 0xff, 0x84, 0x00, 0x00, 
	0x01, 0xff, 0xff, 0xff, 0xff, 0xff, 0xff, 0xff, 0xff, 0xe7, 0x9c, 0x03, 0xff, 0xff, 0xff, 0xff, 
	0xff, 0xff, 0xfe, 0xf7, 0x69, 0xba, 0x65, 0x2f, 0xc7, 0x30, 0x8a, 0xdc, 0x68, 0x64, 0xd1, 0x11, 
	0xcb, 0xf1, 0xff, 0x1e, 0x00, 0x00, 0x03, 0xff, 0xff, 0xff, 0xff, 0x00, 0x07, 0xff, 0xff, 0x3f, 
	0x03, 0xff, 0xff, 0xff, 0xff, 0xff, 0xf9, 0xff, 0xfe, 0x77, 0x65, 0x9b, 0x65, 0x0f, 0xcf, 0x70, 
	0xca, 0xe9, 0x24, 0x77, 0xd1, 0x91, 0xcb, 0xe1, 0xff, 0x1e, 0x00, 0x60, 0x03, 0xff, 0xff, 0xff, 
	0xff, 0xff, 0xfc, 0x00, 0x00, 0xf0, 0x3f, 0xff, 0xff, 0xff, 0xff, 0xff, 0xf8, 0xff, 0xff, 0x71, 
	0x74, 0xd9, 0x63, 0x1f, 0x8e, 0x70, 0x4c, 0xe3, 0x36, 0x3b, 0xd8, 0x99, 0xcb, 0xc9, 0xff, 0x2e, 
	0xc2, 0x3f, 0xc3, 0xff, 0xff, 0xff, 0xff, 0xff, 0xff, 0xfe, 0x00, 0x0f, 0xff, 0xff, 0xff, 0xff, 
	0xff, 0xff, 0xf8, 0x7f, 0x83, 0x36, 0x32, 0xcd, 0x63, 0x1f, 0xbe, 0x70, 0x4d, 0xe5, 0xbb, 0x18, 
	0x18, 0x19, 0xc9, 0xc9, 0xfe, 0x13, 0x84, 0x0f, 0x83, 0xff, 0xff, 0xff, 0xff, 0xff, 0xff, 0xff, 
	0xff, 0xff, 0xff, 0xff, 0xff, 0xff, 0xff, 0xff, 0xfd, 0x38, 0x7f, 0xb3, 0x2a, 0xed, 0x63, 0x3f, 
	0x3c, 0xf0, 0xa9, 0xe9, 0x99, 0x87, 0x02, 0x19, 0x9d, 0x8b, 0xfe, 0x48, 0x00, 0x3f, 0xc7, 0xff, 
	0xff, 0xff, 0xff, 0xff, 0xff, 0xff, 0xff, 0xff, 0xff, 0xff, 0xff, 0xff, 0xff, 0xff, 0xfd, 0x87, 
	0xff, 0x9b, 0x89, 0x65, 0x63, 0x3f, 0x79, 0xe0, 0xab, 0xcb, 0xac, 0xc0, 0x00, 0x19, 0x9d, 0xab, 
	0xfc, 0x00, 0x04, 0x00, 0x07, 0xff, 0xff, 0xff, 0xff, 0xff, 0xff, 0xff, 0xff, 0xff, 0xff, 0xff, 
	0xff, 0xff, 0xff, 0xff, 0xf0, 0xdf, 0xff, 0xd9, 0x8d, 0x75, 0x22, 0x7e, 0x71, 0xe0, 0x99, 0xcb, 
	0x2e, 0x7e, 0x7f, 0x8d, 0x9d, 0xab, 0xec, 0x44, 0x0c, 0x00, 0x06, 0x03, 0xff, 0xff, 0xff, 0xff, 
	0xff, 0xff, 0xff, 0xff, 0xff, 0xff, 0xff, 0xff, 0xff, 0xff, 0x8e, 0xcf, 0xff, 0xd8, 0xcd, 0x35, 
	0x26, 0x7e, 0xe3, 0xe0, 0xd1, 0xcf, 0x37, 0x3f, 0x07, 0xe4, 0x9d, 0x3b, 0xdc, 0xb0, 0x0c, 0x00, 
	0x07, 0xfc, 0x1f, 0xff, 0xff, 0xff, 0xff, 0xff, 0xff, 0xff, 0xff, 0xff, 0xff, 0xff, 0xff, 0xf0, 
	0x7e, 0x6f, 0xff, 0xd9, 0x6c, 0xb4, 0x36, 0x7d, 0xe3, 0xc0, 0xd4, 0xcf, 0x33, 0x9f, 0xf9, 0xf0, 
	0x9d, 0x3b, 0xbc, 0xcf, 0xcc, 0x80, 0x07, 0xff, 0xe3, 0xff, 0xff, 0xff, 0xff, 0xff, 0xff, 0xff, 
	0xff, 0xff, 0xff, 0xff, 0xc0, 0x07, 0xff, 0x77, 0xff, 0xc9, 0x6e, 0x96, 0xb6, 0xf9, 0xc3, 0xd0, 
	0xf6, 0x4e, 0x7b, 0xc0, 0xfc, 0x78, 0x9d, 0x7b, 0x7c, 0x71, 0xc9, 0xff, 0xe7, 0xff, 0xfe, 0x1f, 
	0xff, 0xff, 0xff, 0xff, 0xff, 0xff, 0xff, 0xff, 0xff, 0x00, 0x1f, 0xff, 0xff, 0x73, 0xff, 0xed, 
	0xb6, 0x56, 0xb4, 0xf3, 0x97, 0xd0, 0xe6, 0x64, 0xfb, 0xe6, 0x0f, 0x7c, 0xdd, 0x7a, 0xec, 0x0c, 
	0x09, 0xc7, 0xe7, 0xff, 0xff, 0xe0, 0x1c, 0x00, 0x00, 0x00, 0xff, 0xff, 0xff, 0xf8, 0x00, 0x7f, 
	0xff, 0xff, 0xff, 0x3b, 0xc7, 0xec, 0xb3, 0x52, 0x34, 0xf7, 0xa7, 0xd0, 0x63, 0x21, 0x19, 0xf7, 
	0xe7, 0xbc, 0x4d, 0xfa, 0xdc, 0x40, 0x08, 0xff, 0xc7, 0xff, 0xff, 0xff, 0xc0, 0xff, 0xff, 0xff, 
	0xef, 0xff, 0xff, 0xff, 0xff, 0xff, 0xff, 0xf0, 0x0f, 0xbc, 0xe3, 0xe4, 0xdb, 0x42, 0x34, 0xe7, 
	0x67, 0xd0, 0x6b, 0xbe, 0x80, 0x7b, 0xf3, 0x9e, 0x0d, 0xf9, 0xbc, 0x10, 0x18, 0x00, 0x07, 0xff, 
	0xff, 0xff, 0xff, 0xff, 0xff, 0xff, 0xfe, 0x7f, 0xff, 0xff, 0xff, 0xf9, 0xff, 0xff, 0xfb, 0xb8, 
	0xed, 0xe4, 0xd9, 0x22, 0x31, 0xee, 0x47, 0x90, 0x6b, 0x94, 0xfe, 0x1c, 0xf9, 0xcf, 0x00, 0x71, 
	0x7c, 0xc0, 0x1c, 0x00, 0x07, 0xff, 0xff, 0xff, 0xff, 0xff, 0xff, 0xff, 0xff, 0x80, 0x00, 0x00, 
	0x00, 0x07, 0xff, 0xff, 0xfc, 0x9a, 0xe6, 0xe6, 0xed, 0x82, 0x31, 0xce, 0xc7, 0xb0, 0xcb, 0xc4, 
	0xff, 0xc6, 0x3c, 0xc7, 0x7e, 0x10, 0xfc, 0xff, 0x10, 0x80, 0x07, 0xff, 0xff, 0xff, 0xff, 0xff, 
	0xff, 0xff, 0xff, 0xff, 0xff, 0xff, 0xff, 0xff, 0xff, 0xff, 0xfe, 0xdc, 0x76, 0x62, 0xee, 0x82, 
	0xb1, 0xdc, 0xc7, 0xb0, 0xcb, 0xcc, 0xc0, 0xf1, 0x8e, 0x60, 0x00, 0x00, 0xfc, 0xff, 0x00, 0x3f, 
	0xcf, 0xff, 0x8f, 0xff, 0xff, 0xff, 0xff, 0xff, 0xff, 0xff, 0xff, 0xff, 0xff, 0xff, 0xff, 0xff, 
	0xff, 0x5d, 0x77, 0x32, 0xe6, 0x42, 0xb3, 0x9d, 0x97, 0xb0, 0xdb, 0xbc, 0xff, 0xfc, 0xe3, 0xff, 
	0xfe, 0x1c, 0x0c, 0xfe, 0x08, 0xc0, 0x03, 0xff, 0xf8, 0x00, 0x1f, 0xff, 0xff, 0xff, 0xff, 0xff, 
	0xff, 0xff, 0xff, 0xff, 0xff, 0xff, 0xff, 0x8d, 0x73, 0xb2, 0xe7, 0x46, 0xb3, 0xbb, 0xb7, 0xa0, 
	0xd9, 0x3c, 0xff, 0xfe, 0x3f, 0xff, 0xff, 0xdf, 0x80, 0xfe, 0x3c, 0x7f, 0xc0, 0xff, 0xff, 0xff, 
	0xf0, 0x3f, 0xe0, 0x08, 0xff, 0xff, 0xff, 0xff, 0xff, 0xff, 0xff, 0xff, 0xfb, 0x8d, 0x3a, 0x90, 
	0xef, 0x06, 0xb3, 0xb3, 0x36, 0x80, 0xd9, 0xcc, 0x40, 0x3f, 0x87, 0xff, 0xff, 0xff, 0xf8, 0xfe, 
	0x7c, 0x7f, 0xcc, 0x3f, 0xff, 0xff, 0xff, 0xff, 0xff, 0xff, 0xff, 0xff, 0xff, 0xff, 0xff, 0xff, 
	0xff, 0xff, 0xbb, 0xcc, 0xbb, 0x50, 0xc9, 0xa6, 0x27, 0x37, 0x76, 0x80, 0xd9, 0xe7, 0x03, 0xff, 
	0xf8, 0x1f, 0xff, 0xff, 0xfc, 0x7c, 0x7c, 0x7f, 0x4f, 0x0f, 0xff, 0xff, 0xff, 0xff, 0xff, 0xff, 
	0xff, 0xff, 0xff, 0xff, 0xff, 0xff, 0xff, 0xff, 0xbd, 0xc6, 0x9d, 0x41, 0xc9, 0xa6, 0x07, 0x66, 
	0x76, 0x80, 0xd9, 0xc3, 0xff, 0xe7, 0xff, 0xc0, 0x00, 0x3f, 0xc0, 0x7c, 0xfc, 0x7f, 0x4f, 0x80, 
	0x7f, 0xff, 0xff, 0xff, 0xff, 0xff, 0xff, 0xff, 0xff, 0xff, 0xff, 0xff, 0xff, 0xff, 0xdd, 0xc6, 
	0xdd, 0x69, 0xd9, 0x86, 0x07, 0x66, 0x72, 0x00, 0x99, 0xd9, 0xbf, 0xff, 0xff, 0xff, 0xff, 0xcf, 
	0xfc, 0x78, 0xfc, 0x7f, 0x0f, 0xe0, 0x0f, 0xff, 0xff, 0xff, 0xff, 0xff, 0xff, 0xff, 0xff, 0xff, 
	0xff, 0xff, 0xff, 0xdf, 0xcd, 0xe6, 0xdc, 0xa9, 0xd8, 0xc6, 0x0e, 0x4e, 0xf3, 0x10, 0x99, 0x9c, 
	0xbf, 0xff, 0xff, 0xff, 0xff, 0xff, 0xfc, 0x71, 0xfc, 0x3f, 0x0f, 0xff, 0xc3, 0xff, 0xff, 0xff, 
	0xff, 0xff, 0xff, 0xff, 0xff, 0xff, 0xff, 0xff, 0xff, 0x67, 0xee, 0xf6, 0x4e, 0xa1, 0xd0, 0xc6, 
	0x0e, 0xcc, 0xf3, 0x10, 0x99, 0xae, 0xb7, 0xf0, 0x3f, 0xc0, 0x3f, 0xff, 0xfc, 0x71, 0xfe, 0x3f, 
	0x1f, 0xff, 0xf1, 0xff, 0xff, 0xff, 0xfc, 0x00, 0xff, 0xff, 0xff, 0xff, 0xff, 0x0f, 0xf0, 0xf7, 
	0xe6, 0xf6, 0x6e, 0x31, 0x92, 0xc6, 0x8e, 0xdd, 0xfb, 0x10, 0x99, 0x2e, 0x9f, 0xff, 0xff, 0xff, 
	0xe0, 0xff, 0xfc, 0x61, 0xfe, 0x3f, 0x1f, 0xff, 0xf8, 0xfb, 0xff, 0x80, 0x07, 0xff, 0x80, 0x03, 
	0xff, 0xff, 0xff, 0x00, 0x0f, 0xfb, 0xf6, 0xf3, 0x6f, 0x31, 0x94, 0xc6, 0x9c, 0x9d, 0xfb, 0x90, 
	0x99, 0x6e, 0xbf, 0xff, 0xff, 0xff, 0xff, 0xff, 0xfc, 0x61, 0xfe, 0x3f, 0x1f, 0xff, 0xfc, 0x7f, 
	0xf8, 0x7f, 0xc1, 0xff, 0xff, 0xe0, 0x03, 0xff, 0xff, 0xff, 0xff, 0xfd, 0xf6, 0x33, 0x6f, 0x11, 
	0x94, 0xc6, 0x9d, 0x99, 0xfb, 0xb0, 0x99, 0x6e, 0xbf, 0xff, 0xf0, 0xff, 0xff, 0xff, 0xf8, 0x71, 
	0xfe, 0x3f, 0x1f, 0xe0, 0x1e, 0x3f, 0xff, 0xff, 0xfe, 0x00, 0x00, 0x3f, 0xfc, 0x1f, 0xff, 0xff, 
	0xff, 0xfe, 0xf0, 0x1b, 0x67, 0x99, 0x84, 0x46, 0x9d, 0x9b, 0xf9, 0xb0, 0x99, 0x4c, 0x9f, 0xfc, 
	0xff, 0xbf, 0xff, 0xff, 0xf8, 0x01, 0xfe, 0x3e, 0x1f, 0xff, 0xf7, 0x1f, 0xff, 0xff, 0xff, 0xff, 
	0xff, 0xff, 0xff, 0xff, 0xff, 0x83, 0xff, 0xfa, 0x60, 0x0b, 0x37, 0x99, 0xac, 0x46, 0x3d, 0xbb, 
	0xf9, 0x90, 0xd8, 0x5c, 0x9f, 0xf0, 0xff, 0xff, 0xff, 0xff, 0xf8, 0x01, 0xfe, 0x3e, 0x3f, 0xff, 
	0xff, 0x8f, 0xff, 0xff, 0xff, 0xff, 0xff, 0xff, 0xff, 0xff, 0xff, 0xff, 0xff, 0xe1, 0x03, 0x41, 
	0x31, 0x88, 0xad, 0x56, 0x39, 0xb3, 0xf9, 0x90, 0xd8, 0xdd, 0xbf, 0xe5, 0xff, 0xff, 0xff, 0xff, 
	0xf1, 0xf1, 0xff, 0x1c, 0x3f, 0xff, 0xef, 0xc7, 0xff, 0xff, 0xff, 0xff, 0xff, 0xff, 0xff, 0xff, 
	0xff, 0xff, 0xff, 0x00, 0x9d, 0x61, 0xb0, 0x0c, 0x0d, 0x16, 0x79, 0x37, 0xfd, 0x90, 0xd8, 0xdd, 
	0xbf, 0xd9, 0xff, 0xf8, 0xff, 0xff, 0xf3, 0xe1, 0xff, 0x1c, 0x3f, 0xff, 0xf9, 0xe0, 0xff, 0xff, 
	0xff, 0xff, 0xff, 0xff, 0xff, 0xff, 0xf0, 0x01, 0xfc, 0x1e, 0x5d, 0xb1, 0xba, 0x0d, 0x19, 0x30, 
	0xff, 0x37, 0xed, 0xd0, 0xd8, 0xd9, 0xbd, 0xb3, 0xff, 0xff, 0x80, 0xff, 0xf3, 0xf1, 0xff, 0x1c, 
	0x3f, 0xff, 0xfe, 0x38, 0x0f, 0xff, 0xff, 0xff, 0xfd, 0xff, 0xfc, 0x00, 0x0f, 0xff, 0xe0, 0xff, 
	0x4d, 0xb1, 0xbb, 0x0d, 0x1b, 0x21, 0xf7, 0x27, 0xed, 0xd0, 0xdc, 0xdb, 0x27, 0x77, 0xff, 0xff, 
	0xff, 0xef, 0xf3, 0xf0, 0x7e, 0x08, 0x3f, 0xff, 0xff, 0xfe, 0x00, 0x7f, 0x00, 0x38, 0x00, 0x00, 
	0x07, 0xff, 0xff, 0xff, 0x07, 0xc1, 0x2c, 0xd8, 0xdb, 0x8c, 0x3b, 0x63, 0xe7, 0x27, 0xf5, 0xd0, 
	0x5c, 0xdb, 0x3e, 0x67, 0xff, 0xff, 0xff, 0xff, 0xe1, 0xc8, 0x3e, 0x38, 0x1f, 0xff, 0xff, 0xff, 
	0xe0, 0x01, 0xff, 0xff, 0xff, 0xff, 0xff, 0xff, 0xff, 0xfc, 0x3c, 0x7f, 0xb6, 0xdc, 0xd9, 0xcc, 
	0x3a, 0x0f, 0xcf, 0x27, 0xf5, 0xd0, 0x4c, 0xd3, 0x3e, 0xcf, 0xff, 0x81, 0xc3, 0xff, 0xe4, 0x1b, 
	0x9f, 0x00, 0x1f, 0xff, 0xff, 0xff, 0xff, 0x80, 0x1f, 0xff, 0xff, 0xff, 0xff, 0xff, 0xff, 0xf8, 
	0xff, 0xff, 0x96, 0x6c, 0xdd, 0xce, 0x3a, 0x1f, 0x9f, 0x2f, 0xf5, 0xd0, 0x6c, 0xd3, 0x3c, 0xdf, 
	0xfe, 0xfe, 0x07, 0xff, 0xe3, 0xfb, 0x8f, 0x17, 0x0f, 0xff, 0xff, 0xff, 0xff, 0xfc, 0x01, 0xff, 
	0xff, 0xff, 0xef, 0xff, 0xff, 0xe3, 0xff, 0xff, 0xda, 0x6e, 0xcd, 0x8e, 0x32, 0x07, 0xbf, 0x2f, 
	0xe5, 0xd0, 0x6c, 0xd3, 0x2d, 0x9f, 0x7f, 0xff, 0xfc, 0x1f, 0xe0, 0x00, 0x0e, 0x61, 0x83, 0xff, 
	0xff, 0xc1, 0xff, 0xff, 0xc0, 0x1f, 0xff, 0xc0, 0x3f, 0xff, 0xff, 0x07, 0xff, 0xff, 0xc9, 0x26, 
	0x6d, 0x8e, 0x76, 0x1f, 0xbf, 0x0f, 0x6d, 0xd0, 0x6c, 0xc3, 0x29, 0xbe, 0xef, 0xff, 0xff, 0xcf, 
	0x20, 0x00, 0x06, 0x7f, 0x80, 0xff, 0xff, 0xff, 0x01, 0xff, 0xfc, 0x01, 0xff, 0xff, 0xff, 0x01, 
	0xe0, 0x1f, 0xff, 0xff, 0xed, 0x16, 0x6d, 0x8e, 0x7c, 0x7f, 0x37, 0x1f, 0x6d, 0xd0, 0x6c, 0xc5, 
	0xab, 0x3d, 0xdf, 0xff, 0xff, 0xfe, 0xc0, 0x00, 0x06, 0x7f, 0x20, 0x0f, 0xff, 0xff, 0xfe, 0x1f, 
	0xff, 0xc0, 0x1f, 0xff, 0xf0, 0x00, 0x00, 0xff, 0xfd, 0xff, 0xe4, 0x16, 0x65, 0x8e, 0x78, 0xff, 
	0x37, 0x1f, 0x6d, 0xd0, 0x24, 0xc5, 0xab, 0x79, 0xbf, 0xff, 0xff, 0xfe, 0x70, 0x00, 0x06, 0x7f, 
	0x6c, 0x07, 0xff, 0xff, 0xff, 0xf3, 0xff, 0xf8, 0x00, 0x00, 0x00, 0xfe, 0x0f, 0xff, 0xf9, 0x07, 
	0xf6, 0xa2, 0x65, 0x0e, 0x63, 0xfb, 0x77, 0x1f, 0x59, 0x90, 0x36, 0xcd, 0xb3, 0x73, 0x7f, 0xff, 
	0x80, 0x1f, 0xff, 0x08, 0x3e, 0x1c, 0xfc, 0xf3, 0xff, 0xff, 0xff, 0xff, 0xff, 0xff, 0x80, 0x00, 
	0x0f, 0xff, 0xff, 0x1f, 0xc1, 0xff, 0xf6, 0x22, 0x75, 0x1c, 0xc7, 0xfb, 0x77, 0x3e, 0x9b, 0x90, 
	0xb6, 0xcd, 0x82, 0x52, 0xff, 0xff, 0xff, 0xf0, 0x00, 0x01, 0x80, 0x01, 0xff, 0xf3, 0xff, 0xff, 
	0xff, 0xff, 0xff, 0xff, 0xff, 0xff, 0xff, 0xff, 0xff, 0xe0, 0x3f, 0xff, 0xf3, 0x12, 0x30, 0x14, 
	0x1f, 0xba, 0x77, 0x7e, 0x33, 0x90, 0xb6, 0x4c, 0x86, 0x76, 0xff, 0xff, 0xff, 0xff, 0xff, 0xff, 
	0xf2, 0x00, 0x00, 0x01, 0xff, 0xff, 0xff, 0xff, 0xff, 0xff, 0xff, 0xff, 0xff, 0xff, 0xff, 0xff, 
	0xff, 0xcf, 0xfb, 0x12, 0x30, 0x30, 0x3f, 0xb6, 0xe6, 0x7e, 0x65, 0x90, 0x9b, 0x6e, 0x86, 0xe5, 
	0xff, 0xff, 0xff, 0xe7, 0xff, 0xd0, 0xfa, 0x00, 0x00, 0x00, 0x11, 0xff, 0xff, 0xff, 0xff, 0x00, 
	0x7f, 0xff, 0x80, 0x1f, 0xff, 0xff, 0xff, 0xfc, 0x4d, 0x82, 0x30, 0x30, 0x7d, 0x34, 0xe6, 0xfe, 
	0x0d, 0xb0, 0xdb, 0x66, 0xc6, 0xeb, 0xff, 0xff, 0xff, 0xfc, 0x07, 0xff, 0x98, 0x00, 0x00, 0x03, 
	0xf6, 0x3f, 0xff, 0xff, 0xff, 0xff, 0x80, 0x70, 0xff, 0xff, 0x00, 0x07, 0xff, 0xff, 0xc4, 0x8a, 
	0x20, 0x00, 0xfd, 0x75, 0xec, 0xfc, 0x3b, 0xb0, 0x59, 0x26, 0xc6, 0xcb, 0xff, 0xff, 0xff, 0xff, 
	0xff, 0xff, 0xe0, 0x00, 0x00, 0x3d, 0x9f, 0xff, 0xff, 0xff, 0xff, 0xff, 0xff, 0xff, 0xff, 0xff, 
	0xff, 0xff, 0xff, 0xff, 0xd0, 0xc0, 0x28, 0x09, 0xfb, 0x61, 0xec, 0xec, 0xfb, 0x30, 0x4d, 0xb7, 
	0x44, 0xd7, 0xff, 0xff, 0xff, 0xff, 0xff, 0xff, 0xfe, 0x07, 0xf1, 0xff, 0xfb, 0xff, 0xff, 0xff, 
	0xff, 0xff, 0xff, 0xff, 0xff, 0xff, 0xff, 0xef, 0xff, 0xff, 0xcc, 0x40, 0x28, 0x33, 0xf6, 0xe3, 
	0xed, 0xe9, 0xf3, 0x30, 0x6e, 0x93, 0x4c, 0x87, 0xfb, 0xff, 0xff, 0xff, 0xff, 0xff, 0xff, 0xff, 
	0xe0, 0x00, 0xff, 0xff, 0xff, 0xff, 0xff, 0xff, 0xff, 0xff, 0xff, 0xff, 0xff, 0xff, 0xff, 0x3f, 
	0xce, 0x40, 0x20, 0xe7, 0xe6, 0xc7, 0xc9, 0xd3, 0xf7, 0x60, 0x2e, 0x5b, 0x4c, 0x0e, 0x00, 0x7f, 
	0xff, 0xff, 0xff, 0xff, 0xfd, 0xff, 0xff, 0xff, 0xff, 0xff, 0xff, 0xff, 0xff, 0xff, 0xff, 0xff, 
	0xff, 0xff, 0xff, 0xfc, 0xfe, 0x03, 0xee, 0x60, 0x03, 0xef, 0xdd, 0xcf, 0xd9, 0x93, 0xf6, 0x60, 
	0xa7, 0x49, 0x2c, 0x83, 0xc1, 0xc3, 0xff, 0xff, 0xff, 0xff, 0xff, 0x00, 0x3f, 0xff, 0xff, 0xff, 
	0xff, 0xff, 0xff, 0xff, 0xff, 0xff, 0xff, 0xff, 0xff, 0xf3, 0xf9, 0x80, 0xe7, 0x20, 0x1f, 0xcf, 
	0xb9, 0x9f, 0x9b, 0x87, 0xe6, 0x40, 0x97, 0xac, 0xad, 0x9e, 0x1c, 0xff, 0xff, 0xf1, 0xff, 0xff, 
	0xff, 0xff, 0xff, 0xff, 0xff, 0xff, 0xff, 0xff, 0xff, 0xff, 0xff, 0xff, 0xff, 0xff, 0xff, 0xef, 
	0x80, 0xc3, 0x37, 0xa0, 0xff, 0x9f, 0x33, 0x3f, 0xb3, 0x8f, 0xec, 0xd0, 0xc3, 0xe6, 0x2c, 0xbc, 
	0xff, 0xfd, 0xff, 0xfe, 0x00, 0x1f, 0xff, 0xff, 0xff, 0xff, 0xff, 0xff, 0xfe, 0x03, 0xff, 0xff, 
	0xff, 0xff, 0xff, 0xff, 0xff, 0x81, 0xff, 0xed, 0x87, 0x83, 0xf7, 0xbe, 0x64, 0xff, 0x27, 0x1f, 
	0xcd, 0x90, 0xe1, 0xf7, 0x0c, 0xb3, 0xff, 0xe0, 0xff, 0xff, 0xff, 0xe0, 0x7f, 0xff, 0xff, 0xff, 
	0xff, 0xff, 0x8c, 0x7f, 0xff, 0xff, 0xff, 0xff, 0xfe, 0x00, 0x00, 0x1f, 0xff, 0xe6, 0xc2, 0x1f, 
	0xe7, 0x3e, 0xc1, 0x9e, 0x0f, 0x3f, 0x99, 0x30, 0xe0, 0xf3, 0x04, 0xb7, 0xdf, 0x80, 0xfb, 0xff, 
	0xff, 0xff, 0xff, 0xff, 0xff, 0xff, 0xfe, 0x01, 0xff, 0xff, 0xff, 0xff, 0xff, 0xff, 0x80, 0xff, 
	0xff, 0xff, 0xff, 0xf3, 0x58, 0x7f, 0xce, 0x7f, 0x87, 0xbe, 0x1e, 0x3f, 0x3b, 0x70, 0x78, 0x7b, 
	0x86, 0xae, 0xfe, 0x18, 0xee, 0x7f, 0xff, 0xff, 0xff, 0xff, 0xff, 0xff, 0xff, 0xff, 0xff, 0xff, 
	0xff, 0xff, 0xff, 0xfe, 0x7f, 0xff, 0xff, 0xff, 0xef, 0xf3, 0x38, 0xff, 0x9e, 0x7c, 0x1f, 0x3c, 
	0x7e, 0x7e, 0x76, 0x70, 0x3c, 0x1d, 0xc6, 0x8d, 0xf8, 0x60, 0xf3, 0x9f, 0xff, 0xff, 0xf0, 0x3f, 
	0xff, 0xff, 0xff, 0xff, 0x00, 0x3f, 0xfe, 0x3f, 0xff, 0xff, 0xff, 0xff, 0xff, 0xff, 0xf7, 0xef, 
	0x03, 0xff, 0x3c, 0xc1, 0x3f, 0x71, 0xfc, 0xfc, 0xfc, 0xf0, 0x9f, 0x84, 0xe6, 0x9d, 0xe1, 0xee, 
	0x7e, 0xe7, 0xff, 0xfc, 0x3f, 0xf3, 0xff, 0xf8, 0x3f, 0xff, 0xff, 0x80, 0x01, 0xff, 0xff, 0xff, 
	0xf8, 0xff, 0xff, 0xff, 0xfb, 0xe0, 0x1f, 0xfe, 0x71, 0x97, 0x3c, 0x67, 0xf9, 0xf3, 0xd9, 0xf0, 
	0x47, 0xf0, 0x22, 0x37, 0xc7, 0xa7, 0x3f, 0xf8, 0xff, 0xff, 0x9f, 0xff, 0xff, 0xff, 0xff, 0xff, 
	0xff, 0xff, 0xff, 0xff, 0xff, 0xfc, 0x07, 0xff, 0xff, 0xff, 0xe3, 0x81, 0xff, 0xf0, 0x03, 0xff, 
	0x78, 0xcf, 0xf9, 0x8e, 0x71, 0xf0, 0x81, 0xff, 0x13, 0x3b, 0x00, 0x13, 0x9f, 0xff, 0x83, 0xff, 
	0xe7, 0xff, 0xff, 0xff, 0xff, 0xff, 0xff, 0xff, 0xff, 0xff, 0xfe, 0x01, 0xff, 0xff, 0xfc, 0x00, 
	0x1e, 0x00, 0x1f, 0xc0, 0xff, 0xfe, 0x63, 0x9f, 0xf3, 0x31, 0xe3, 0xf0, 0xe0, 0x1f, 0xd9, 0x3c, 
	0x23, 0x19, 0xcf, 0xff, 0xfe, 0x1f, 0xfc, 0x00, 0x03, 0xff, 0xff, 0xff, 0xff, 0xff, 0xff, 0xff, 
	0xff, 0xff, 0xff, 0xff, 0xf9, 0xf9, 0xf8, 0x1f, 0xff, 0x1f, 0xff, 0xf8, 0xcc, 0x3f, 0xe6, 0x67, 
	0x87, 0xf0, 0x1f, 0xc3, 0xcc, 0x3c, 0x6b, 0x6c, 0xe3, 0xff, 0xff, 0xe3, 0xff, 0xff, 0xfc, 0xff, 
	0xff, 0xff, 0xff, 0xff, 0xff, 0xff, 0xff, 0xff, 0xe0, 0x0f, 0xff, 0xff, 0x80, 0x7f, 0xfc, 0x7f, 
	0xff, 0xf1, 0x9f, 0xff, 0xcc, 0xce, 0x0f, 0x90, 0xc0, 0xfc, 0xe0, 0x18, 0xd8, 0x67, 0x30, 0xff, 
	0xff, 0xfc, 0x3f, 0xff, 0xff, 0x3f, 0xff, 0xff, 0xff, 0xff, 0xff, 0xff, 0xff, 0xfe, 0x3f, 0xf0, 
	0xf0, 0x00, 0x09, 0xff, 0xf9, 0xe0, 0x7f, 0xe7, 0x3f, 0xff, 0x19, 0xd8, 0x1e, 0x70, 0xfe, 0x1f, 
	0x38, 0x03, 0x3f, 0xb3, 0x98, 0x07, 0xff, 0xff, 0x9f, 0xff, 0xff, 0xe7, 0xff, 0xff, 0xff, 0xff, 
	0xff, 0xff, 0xfc, 0x01, 0xff, 0xff, 0x00, 0x01, 0xf3, 0xff, 0xf3, 0x3f, 0xff, 0x8e, 0x7f, 0xfc, 
	0x73, 0xb0, 0x79, 0xf0, 0xff, 0xc7, 0xce, 0x06, 0x7f, 0x38, 0xc0, 0x00, 0xe0, 0x07, 0xff, 0xff, 
	0xff, 0xfc, 0x00, 0x1f, 0xff, 0xff, 0xff, 0xf8, 0x07, 0xff, 0xff, 0xf8, 0x0f, 0xff, 0xe7, 0xff, 
	0xff, 0xff, 0xfe, 0x3c, 0xff, 0xe1, 0xef, 0x43, 0xe7, 0xf0, 0xff, 0xf3, 0xff, 0xe0, 0x00, 0x00, 
	0x00, 0x00, 0x00, 0xe1, 0xff, 0xef, 0xff, 0xff, 0xff, 0xc0, 0xff, 0xff, 0xe0, 0x00, 0x00, 0x20, 
	0xff, 0x80, 0x7f, 0xff, 0xcf, 0xff, 0xfc, 0x00, 0xe0, 0x71, 0xfe, 0x07, 0xdf, 0x8f, 0x8f, 0xf0, 
	0xe3, 0xf8, 0xff, 0xff, 0xff, 0xff, 0xff, 0xfe, 0x1f, 0xf8, 0x00, 0x00, 0x00, 0x07, 0xff, 0xff, 
	0x3f, 0xff, 0xff, 0xff, 0xfe, 0x00, 0x00, 0x07, 0xff, 0xfe, 0x19, 0xff, 0xe0, 0x70, 0x03, 0xe3, 
	0xf0, 0x3f, 0x3f, 0x3f, 0x3f, 0xf0, 0xfe, 0x7e, 0x3f, 0xff, 0xff, 0xff, 0xff, 0xff, 0xc1, 0xff, 
	0x07, 0xff, 0xe0, 0x3f, 0xff, 0xff, 0xff, 0xff, 0xff, 0xff, 0xff, 0xff, 0xf0, 0x3f, 0x80, 0x00, 
	0x7f, 0xff, 0x07, 0xff, 0xff, 0x8f, 0xe8, 0xfc, 0xfc, 0x7c, 0xff, 0xf0, 0xff, 0x8f, 0x8f, 0xff, 
	0xff, 0xff, 0xff, 0xff, 0xf8, 0x03, 0xff, 0xe3, 0xff, 0xff, 0xff, 0xff, 0xff, 0xff, 0xff, 0xff, 
	0xff, 0xff, 0xff, 0x00, 0x0f, 0xff, 0xff, 0xe0, 0x3f, 0xfc, 0x00, 0x3f, 0xc3, 0xf9, 0xf1, 0xf3, 
	0xff, 0xf0, 0xff, 0xf9, 0xe3, 0xff, 0xff, 0xff, 0xff, 0xff, 0xff, 0xf0, 0x00, 0x00, 0x03, 0xff, 
	0xff, 0xff, 0xff, 0xff, 0xff, 0xff, 0xff, 0x83, 0xe0, 0x1f, 0xff, 0xff, 0xfc, 0x01, 0xff, 0xff, 
	0xe7, 0xff, 0xcf, 0xff, 0xe7, 0xee, 0xff, 0xf0, 0xff, 0xff, 0xfc, 0xf0, 0x00, 0x01, 0xff, 0xff, 
	0xff, 0xff, 0xff, 0xff, 0xfc, 0x1f, 0xff, 0xff, 0xff, 0xff, 0xfc, 0x00, 0x00, 0x7f, 0xcf, 0xff, 
	0xff, 0xff, 0xf0, 0xff, 0xff, 0xff, 0xfe, 0x00, 0x3f, 0xff, 0x9f, 0xff, 0xff, 0xf0, 0xff, 0xc0, 
	0x00, 0x07, 0xff, 0xfe, 0x07, 0x81, 0xd6, 0x1f, 0xff, 0xff, 0xff, 0xc0, 0xff, 0xff, 0xff, 0xff, 
	0xfb, 0xff, 0xff, 0xff, 0xff, 0xff, 0xff, 0xff, 0xff, 0xff, 0xff, 0xff, 0xff, 0xff, 0xff, 0xff, 
	0x3f, 0xef, 0xf3, 0xf0, 0xff, 0xff, 0x83, 0xff, 0xff, 0xff, 0xf0, 0x3f, 0xff, 0xfc, 0xff, 0xff, 
	0xff, 0xff, 0xff, 0xff, 0xff, 0xff, 0xff, 0xff, 0xff, 0xff, 0xff, 0xff, 0x80, 0x7f, 0xff, 0xff, 
	0xff, 0xff, 0xff, 0xff, 0xf8, 0x00, 0x07, 0x1e, 0x0f, 0xf0, 0xff, 0xff, 0xff, 0xff, 0xff, 0xff, 
	0xff, 0xff, 0xff, 0xff, 0xff, 0xff, 0xff, 0xf0, 0x00, 0x3f, 0xff, 0xfe, 0x3f, 0xff, 0xff, 0xff, 
	0xff, 0xc0, 0xff, 0xff, 0xfe, 0x03, 0xff, 0xff, 0x80, 0x07, 0x00, 0xff, 0xfc, 0x7f, 0xff, 0xf0
};

const unsigned char epd_bitmap_logo [] PROGMEM = {
	// 'dancingled, 300x300px
	0xff, 0xff, 0xff, 0xff, 0xff, 0xff, 0xff, 0xff, 0xff, 0xff, 0xff, 0xff, 0xff, 0xff, 0xff, 0xff, 
	0xff, 0xff, 0xff, 0xff, 0xff, 0xff, 0xff, 0xff, 0xff, 0xff, 0xff, 0xff, 0xff, 0xff, 0xff, 0xff, 
	0xff, 0xff, 0xff, 0xff, 0xff, 0xf0, 0xff, 0xff, 0xff, 0xff, 0xff, 0xff, 0xff, 0xff, 0xff, 0xff, 
	0xff, 0xff, 0xff, 0xff, 0xff, 0xff, 0xff, 0xff, 0xff, 0xff, 0xff, 0xff, 0xff, 0xff, 0xff, 0xff, 
	0xff, 0xff, 0xff, 0xff, 0xff, 0xff, 0xff, 0xff, 0xff, 0xff, 0xff, 0xf0, 0xff, 0xff, 0xff, 0xff, 
	0xff, 0xff, 0xff, 0xff, 0xff, 0xff, 0xff, 0xff, 0xff, 0xff, 0xff, 0xff, 0xff, 0xff, 0xff, 0xff, 
	0xff, 0xff, 0xff, 0xff, 0xff, 0xff, 0xff, 0xff, 0xff, 0xff, 0xff, 0xff, 0xff, 0xff, 0xff, 0xff, 
	0xff, 0xf0, 0xff, 0xff, 0xff, 0xff, 0xff, 0xff, 0xff, 0xff, 0xff, 0xff, 0xff, 0xff, 0xff, 0xff, 
	0xff, 0xff, 0xff, 0xff, 0xff, 0xff, 0xff, 0xff, 0xff, 0xff, 0xff, 0xff, 0xff, 0xff, 0xff, 0xff, 
	0xff, 0xff, 0xff, 0xff, 0xff, 0xff, 0xff, 0xf0, 0xff, 0xff, 0xff, 0xff, 0xff, 0xff, 0xff, 0xff, 
	0xff, 0xff, 0xff, 0xff, 0xff, 0xff, 0xff, 0xff, 0xff, 0xff, 0xff, 0xff, 0xff, 0xff, 0xff, 0xff, 
	0xff, 0xff, 0xff, 0xff, 0xff, 0xff, 0xff, 0xff, 0xff, 0xff, 0xff, 0xff, 0xff, 0xf0, 0xff, 0xff, 
	0xff, 0xff, 0xff, 0xff, 0xff, 0xff, 0xff, 0xff, 0xff, 0xff, 0xff, 0xff, 0xff, 0xff, 0xff, 0xff, 
	0xff, 0xff, 0xff, 0xff, 0xff, 0xff, 0xff, 0xff, 0xff, 0xff, 0xff, 0xff, 0xff, 0xff, 0xff, 0xff, 
	0xff, 0xff, 0xff, 0xf0, 0xff, 0xff, 0xff, 0xff, 0xff, 0xff, 0xff, 0xff, 0xff, 0xff, 0xff, 0xff, 
	0xff, 0xff, 0xff, 0xff, 0xff, 0xff, 0xff, 0xff, 0xff, 0xff, 0xff, 0xff, 0xff, 0xff, 0xff, 0xff, 
	0xff, 0xff, 0xff, 0xff, 0xff, 0xff, 0xff, 0xff, 0xff, 0xf0, 0xff, 0xff, 0xff, 0xff, 0xff, 0xff, 
	0xff, 0xff, 0xff, 0xff, 0xff, 0xff, 0xff, 0xff, 0xff, 0xff, 0xff, 0xff, 0xff, 0xff, 0xff, 0xff, 
	0xff, 0xff, 0xff, 0xff, 0xff, 0xff, 0xff, 0xff, 0xff, 0xff, 0xff, 0xff, 0xff, 0xff, 0xff, 0xf0, 
	0xff, 0xff, 0xff, 0xff, 0xff, 0xff, 0xff, 0xff, 0xff, 0xff, 0xff, 0xff, 0xff, 0xff, 0xff, 0xff, 
	0xff, 0xff, 0xff, 0xff, 0xff, 0xff, 0xff, 0xff, 0xff, 0xff, 0xff, 0xff, 0xff, 0xff, 0xff, 0xff, 
	0xff, 0xff, 0xff, 0xff, 0xff, 0xf0, 0xff, 0xff, 0xff, 0xff, 0xff, 0xff, 0xff, 0xff, 0xff, 0xff, 
	0xff, 0xff, 0xff, 0xff, 0xff, 0xff, 0xc3, 0xff, 0xff, 0xff, 0xff, 0xff, 0xff, 0xff, 0xff, 0xff, 
	0xff, 0xff, 0xff, 0xff, 0xff, 0xff, 0xff, 0xff, 0xff, 0xff, 0xff, 0xf0, 0xff, 0xff, 0xff, 0xff, 
	0xff, 0xff, 0xff, 0xff, 0xff, 0xff, 0xff, 0xff, 0xff, 0xff, 0xff, 0xff, 0x81, 0xff, 0xff, 0xff, 
	0xff, 0xff, 0xff, 0xff, 0xff, 0xff, 0xff, 0xff, 0xff, 0xff, 0xff, 0xff, 0xff, 0xff, 0xff, 0xff, 
	0xff, 0xf0, 0xff, 0xff, 0xff, 0xff, 0xff, 0xff, 0xff, 0xff, 0xff, 0xff, 0xff, 0xff, 0xff, 0xff, 
	0xff, 0xff, 0x00, 0xff, 0xff, 0xff, 0xff, 0xff, 0xff, 0xff, 0xff, 0xff, 0xff, 0xff, 0xff, 0xff, 
	0xff, 0xff, 0xff, 0xff, 0xff, 0xff, 0xff, 0xf0, 0xff, 0xff, 0xff, 0xff, 0xff, 0xff, 0xff, 0xff, 
	0xff, 0xff, 0xff, 0xff, 0xff, 0xff, 0xff, 0xff, 0x00, 0xff, 0xff, 0xff, 0xff, 0xff, 0xff, 0xff, 
	0xff, 0xff, 0xff, 0xff, 0xff, 0xff, 0xff, 0xff, 0xff, 0xff, 0xff, 0xff, 0xff, 0xf0, 0xff, 0xff, 
	0xff, 0xff, 0xff, 0xff, 0xff, 0xff, 0xff, 0xff, 0xff, 0xff, 0xff, 0xff, 0xff, 0xff, 0x00, 0x7f, 
	0xff, 0xff, 0xff, 0xff, 0xff, 0xff, 0xff, 0xff, 0xff, 0xff, 0xff, 0xff, 0xff, 0xff, 0xff, 0xff, 
	0xff, 0xff, 0xff, 0xf0, 0xff, 0xff, 0xff, 0xff, 0xff, 0xff, 0xff, 0xff, 0xff, 0xff, 0xff, 0xff, 
	0xff, 0xff, 0xff, 0xff, 0x00, 0x7f, 0xff, 0xff, 0xff, 0xff, 0xff, 0xff, 0xff, 0xff, 0xff, 0xff, 
	0xff, 0xff, 0xff, 0xff, 0xff, 0xff, 0xff, 0xff, 0xff, 0xf0, 0xff, 0xff, 0xff, 0xff, 0xff, 0xff, 
	0xff, 0xff, 0xff, 0xff, 0xff, 0xff, 0xff, 0xff, 0xff, 0xff, 0x00, 0x7f, 0xff, 0xff, 0xff, 0xff, 
	0xff, 0xff, 0xff, 0xff, 0xff, 0xff, 0xff, 0xff, 0xff, 0xff, 0xff, 0xff, 0xff, 0xff, 0xff, 0xf0, 
	0xff, 0xff, 0xff, 0xff, 0xff, 0xff, 0xff, 0xff, 0xff, 0xff, 0xff, 0xff, 0xff, 0xff, 0xff, 0xff, 
	0x00, 0x7f, 0xff, 0xff, 0xff, 0xff, 0xff, 0xff, 0xff, 0xff, 0xff, 0xff, 0xff, 0xff, 0xff, 0xff, 
	0xff, 0xff, 0xff, 0xff, 0xff, 0xf0, 0xff, 0xff, 0xff, 0xff, 0xff, 0xff, 0xff, 0xff, 0xff, 0xff, 
	0xff, 0xff, 0xff, 0xff, 0xff, 0xff, 0x00, 0x7f, 0xff, 0xff, 0xff, 0xff, 0xff, 0xff, 0xff, 0xff, 
	0xff, 0xff, 0xff, 0xff, 0xff, 0xff, 0xff, 0xff, 0xff, 0xff, 0xff, 0xf0, 0xff, 0xff, 0xff, 0xff, 
	0xff, 0xff, 0xff, 0xff, 0xff, 0xff, 0xff, 0xff, 0xff, 0xff, 0xff, 0xff, 0x00, 0x7f, 0xff, 0xff, 
	0xff, 0xff, 0xff, 0xff, 0xff, 0xff, 0xff, 0xff, 0xff, 0xff, 0xff, 0xff, 0xff, 0xff, 0xff, 0xff, 
	0xff, 0xf0, 0xff, 0xff, 0xff, 0xff, 0xff, 0xff, 0xff, 0xff, 0xff, 0xff, 0xff, 0xff, 0xff, 0xff, 
	0xff, 0xff, 0x00, 0x7f, 0xff, 0xff, 0xff, 0xff, 0xff, 0xff, 0xff, 0xff, 0xff, 0xff, 0xff, 0xff, 
	0xff, 0xff, 0xff, 0xff, 0xff, 0xff, 0xff, 0xf0, 0xff, 0xff, 0xff, 0xff, 0xff, 0xff, 0xff, 0xff, 
	0xff, 0xff, 0xff, 0xff, 0xff, 0xff, 0xff, 0xff, 0x80, 0x7f, 0xff, 0xff, 0xff, 0xff, 0xff, 0xff, 
	0xff, 0xff, 0xff, 0xff, 0xff, 0xff, 0xff, 0xff, 0xff, 0xff, 0xff, 0xff, 0xff, 0xf0, 0xff, 0xff, 
	0xff, 0xff, 0xff, 0xff, 0xff, 0xff, 0xff, 0xff, 0xff, 0xff, 0xff, 0xff, 0xff, 0xff, 0x80, 0x7f, 
	0xff, 0xff, 0xff, 0xff, 0xff, 0xff, 0xff, 0xff, 0xff, 0xff, 0xff, 0xff, 0xff, 0xff, 0xff, 0xff, 
	0xff, 0xff, 0xff, 0xf0, 0xff, 0xff, 0xff, 0xff, 0xff, 0xff, 0xff, 0xff, 0xff, 0xff, 0xff, 0xff, 
	0xff, 0xff, 0xff, 0xff, 0x80, 0x7f, 0xff, 0xff, 0xff, 0xff, 0xff, 0xff, 0xff, 0xff, 0xff, 0xff, 
	0xff, 0xff, 0xff, 0xff, 0xff, 0xff, 0xff, 0xff, 0xff, 0xf0, 0xff, 0xff, 0xff, 0xff, 0xff, 0xff, 
	0xff, 0xff, 0xff, 0xff, 0xff, 0xff, 0xff, 0xff, 0xff, 0xff, 0x80, 0x3f, 0xff, 0xff, 0xff, 0xff, 
	0xff, 0xff, 0xff, 0xff, 0xff, 0xff, 0xff, 0xff, 0xff, 0xff, 0xff, 0xff, 0xff, 0xff, 0xff, 0xf0, 
	0xff, 0xff, 0xff, 0xff, 0xff, 0xff, 0xff, 0xff, 0xff, 0xff, 0xff, 0xff, 0xff, 0xff, 0xff, 0xff, 
	0x80, 0x3f, 0xff, 0xff, 0xff, 0xff, 0xff, 0xff, 0xff, 0xff, 0xff, 0xff, 0xff, 0xff, 0xff, 0xff, 
	0xff, 0xff, 0xff, 0xff, 0xff, 0xf0, 0xff, 0xff, 0xff, 0xff, 0xff, 0xff, 0xff, 0xff, 0xff, 0xff, 
	0xff, 0xff, 0xff, 0xff, 0xff, 0xff, 0x80, 0x3f, 0xff, 0xff, 0xff, 0xff, 0xff, 0xff, 0xff, 0xff, 
	0xff, 0xff, 0xff, 0xff, 0xff, 0xff, 0xff, 0xff, 0xff, 0xff, 0xff, 0xf0, 0xff, 0xff, 0xff, 0xff, 
	0xff, 0xff, 0xff, 0xff, 0xff, 0xff, 0xff, 0xff, 0xff, 0xff, 0xff, 0xff, 0x80, 0x3f, 0xff, 0xff, 
	0xff, 0xff, 0xff, 0xff, 0xff, 0xff, 0xff, 0xff, 0xff, 0xff, 0xff, 0xff, 0xff, 0xff, 0xff, 0xff, 
	0xff, 0xf0, 0xff, 0xff, 0xff, 0xff, 0xff, 0xff, 0xff, 0xff, 0xff, 0xff, 0xff, 0xff, 0xff, 0xff, 
	0xff, 0xff, 0x80, 0x3f, 0xff, 0xff, 0xff, 0xff, 0xff, 0xff, 0xff, 0xff, 0xff, 0xff, 0xff, 0xff, 
	0xff, 0xff, 0xff, 0xff, 0xff, 0xff, 0xff, 0xf0, 0xff, 0xff, 0xff, 0xff, 0xff, 0xff, 0xff, 0xff, 
	0xff, 0xff, 0xff, 0xff, 0xff, 0xff, 0xff, 0xff, 0x80, 0x3f, 0xff, 0xff, 0xff, 0xff, 0xff, 0xff, 
	0xff, 0xff, 0xff, 0xff, 0xff, 0xff, 0xff, 0xff, 0xff, 0xff, 0xff, 0xff, 0xff, 0xf0, 0xff, 0xff, 
	0xff, 0xff, 0xff, 0xff, 0xff, 0xff, 0xff, 0xff, 0xff, 0xff, 0xff, 0xff, 0xff, 0xff, 0x80, 0x3f, 
	0xff, 0xff, 0xff, 0xff, 0xff, 0xff, 0xff, 0xff, 0xff, 0xff, 0xff, 0xff, 0xff, 0xff, 0xff, 0xff, 
	0xff, 0xff, 0xff, 0xf0, 0xff, 0xff, 0xff, 0xff, 0xff, 0xff, 0xff, 0xff, 0xff, 0xff, 0xff, 0xff, 
	0xff, 0xff, 0xff, 0xff, 0x80, 0x3f, 0xff, 0xff, 0xff, 0xff, 0xff, 0xff, 0xff, 0xdf, 0xff, 0xff, 
	0xff, 0xff, 0xff, 0xff, 0xff, 0xff, 0xff, 0xff, 0xff, 0xf0, 0xff, 0xff, 0xff, 0xff, 0xff, 0xff, 
	0xff, 0xff, 0xff, 0xff, 0xff, 0xff, 0xff, 0xff, 0xff, 0xff, 0x80, 0x3f, 0xff, 0xff, 0xff, 0xff, 
	0xff, 0xff, 0xfe, 0x07, 0xff, 0xff, 0xff, 0xff, 0xff, 0xff, 0xff, 0xff, 0xff, 0xff, 0xff, 0xf0, 
	0xff, 0xff, 0xff, 0xff, 0xff, 0xff, 0xff, 0xff, 0xff, 0xff, 0xff, 0xff, 0xff, 0xff, 0xff, 0xff, 
	0xc0, 0x3f, 0xff, 0xff, 0xff, 0xff, 0xff, 0xff, 0xfc, 0x03, 0xff, 0xff, 0xff, 0xff, 0xff, 0xff, 
	0xff, 0xff, 0xff, 0xff, 0xff, 0xf0, 0xff, 0xff, 0xff, 0xff, 0xff, 0xff, 0xff, 0xff, 0xff, 0xff, 
	0xff, 0xff, 0xff, 0xff, 0xff, 0xff, 0xc0, 0x3f, 0xff, 0xff, 0xff, 0xff, 0xff, 0xff, 0xf8, 0x03, 
	0xff, 0xff, 0xff, 0xff, 0xff, 0xff, 0xff, 0xff, 0xff, 0xff, 0xff, 0xf0, 0xff, 0xff, 0xff, 0xff, 
	0xff, 0xff, 0xff, 0xff, 0xff, 0xff, 0xff, 0xff, 0xff, 0xff, 0xff, 0xff, 0xc0, 0x3f, 0xff, 0xff, 
	0xff, 0xff, 0xff, 0xff, 0xf0, 0x03, 0xff, 0xff, 0xff, 0xff, 0xff, 0xff, 0xff, 0xff, 0xff, 0xff, 
	0xff, 0xf0, 0xff, 0xff, 0xff, 0xff, 0xff, 0xff, 0xff, 0xff, 0xff, 0xff, 0xff, 0xff, 0xff, 0xff, 
	0xff, 0xff, 0xc0, 0x3f, 0xff, 0xff, 0xff, 0xff, 0xff, 0xff, 0xe0, 0x03, 0xff, 0xff, 0xff, 0xff, 
	0xff, 0xff, 0xff, 0xff, 0xff, 0xff, 0xff, 0xf0, 0xff, 0xff, 0xff, 0xff, 0xff, 0xff, 0xff, 0xff, 
	0xff, 0xff, 0xff, 0xff, 0xff, 0xff, 0xff, 0xff, 0xc0, 0x3f, 0xff, 0xff, 0xff, 0xff, 0xff, 0xff, 
	0xc0, 0x03, 0xff, 0xff, 0xff, 0xff, 0xff, 0xff, 0xff, 0xff, 0xff, 0xff, 0xff, 0xf0, 0xff, 0xff, 
	0xff, 0xff, 0xff, 0xff, 0xff, 0xff, 0xff, 0xff, 0xff, 0xff, 0xff, 0xff, 0xff, 0xff, 0xe0, 0x3f, 
	0xff, 0xff, 0xff, 0xff, 0xff, 0xff, 0x80, 0x07, 0xff, 0xff, 0xff, 0xff, 0xff, 0xff, 0xff, 0xff, 
	0xff, 0xff, 0xff, 0xf0, 0xff, 0xff, 0xff, 0xff, 0xff, 0xff, 0xff, 0xff, 0xff, 0xff, 0xff, 0xff, 
	0xff, 0xff, 0xff, 0xff, 0xf0, 0x7f, 0xff, 0xff, 0xff, 0xff, 0xff, 0xff, 0x00, 0x07, 0xff, 0xff, 
	0xff, 0xff, 0xff, 0xff, 0xff, 0xff, 0xff, 0xff, 0xff, 0xf0, 0xff, 0xff, 0xff, 0xff, 0xff, 0xff, 
	0xff, 0xff, 0xff, 0xff, 0xff, 0xff, 0xff, 0xff, 0xff, 0xff, 0xff, 0xff, 0xff, 0xff, 0xff, 0xff, 
	0xff, 0xfe, 0x00, 0x0f, 0xff, 0xff, 0xff, 0xff, 0xff, 0xff, 0xff, 0xff, 0xff, 0xff, 0xff, 0xf0, 
	0xff, 0xff, 0xff, 0xff, 0xff, 0xff, 0xff, 0xff, 0xff, 0xff, 0xff, 0xff, 0xff, 0xff, 0xff, 0xff, 
	0xff, 0xff, 0xff, 0xff, 0xff, 0xff, 0xff, 0xfc, 0x00, 0x1f, 0xff, 0xff, 0xff, 0xff, 0xff, 0xff, 
	0xff, 0xff, 0xff, 0xff, 0xff, 0xf0, 0xff, 0xff, 0xff, 0xff, 0xff, 0xff, 0xff, 0xff, 0xff, 0xff, 
	0xff, 0xff, 0xff, 0xff, 0xff, 0xff, 0xff, 0xff, 0xff, 0xff, 0xff, 0xff, 0xff, 0xfc, 0x00, 0x3f, 
	0xff, 0xff, 0xff, 0xff, 0xff, 0xff, 0xff, 0xff, 0xff, 0xff, 0xff, 0xf0, 0xff, 0xff, 0xff, 0xff, 
	0xff, 0xff, 0xff, 0xff, 0xcf, 0xff, 0xff, 0xff, 0xff, 0xff, 0xff, 0xff, 0xff, 0xff, 0xff, 0xff, 
	0xff, 0xff, 0xff, 0xf8, 0x00, 0x7f, 0xff, 0xff, 0xff, 0xff, 0xff, 0xff, 0xff, 0xff, 0xff, 0xff, 
	0xff, 0xf0, 0xff, 0xff, 0xff, 0xff, 0xff, 0xff, 0xff, 0xff, 0x03, 0xff, 0xff, 0xff, 0xff, 0xff, 
	0xff, 0xff, 0xff, 0xff, 0xff, 0xff, 0xff, 0xff, 0xff, 0xf0, 0x00, 0xff, 0xff, 0xff, 0xff, 0xff, 
	0xff, 0xff, 0xff, 0xff, 0xff, 0xff, 0xff, 0xf0, 0xff, 0xff, 0xff, 0xff, 0xff, 0xff, 0xff, 0xfe, 
	0x01, 0xff, 0xff, 0xff, 0xff, 0xff, 0xff, 0xff, 0xff, 0xff, 0xff, 0xff, 0xff, 0xff, 0xff, 0xe0, 
	0x01, 0xff, 0xff, 0xff, 0xff, 0xff, 0xff, 0xff, 0xff, 0xff, 0xff, 0xff, 0xff, 0xf0, 0xff, 0xff, 
	0xff, 0xff, 0xff, 0xff, 0xff, 0xfe, 0x00, 0x7f, 0xff, 0xff, 0xff, 0xff, 0xff, 0xff, 0xff, 0xff, 
	0xff, 0xff, 0xff, 0xff, 0xff, 0xc0, 0x03, 0xff, 0xff, 0xff, 0xff, 0xff, 0xff, 0xff, 0xff, 0xff, 
	0xff, 0xff, 0xff, 0xf0, 0xff, 0xff, 0xff, 0xff, 0xff, 0xff, 0xff, 0xfe, 0x00, 0x3f, 0xff, 0xff, 
	0xff, 0xff, 0xff, 0xff, 0xff, 0xff, 0xff, 0xff, 0xff, 0xff, 0xff, 0x80, 0x07, 0xff, 0xff, 0xff, 
	0xff, 0xff, 0xff, 0xff, 0xff, 0xff, 0xff, 0xff, 0xff, 0xf0, 0xff, 0xff, 0xff, 0xff, 0xff, 0xff, 
	0xff, 0xfe, 0x00, 0x0f, 0xff, 0xff, 0xff, 0xff, 0xff, 0xff, 0xff, 0xff, 0xff, 0xff, 0xff, 0xff, 
	0xff, 0x00, 0x0f, 0xff, 0xff, 0xff, 0xff, 0xff, 0xff, 0xff, 0xff, 0xff, 0xff, 0xff, 0xff, 0xf0, 
	0xff, 0xff, 0xff, 0xff, 0xff, 0xff, 0xff, 0xfe, 0x00, 0x07, 0xff, 0xff, 0xff, 0xff, 0xff, 0xff, 
	0xff, 0xff, 0xff, 0xff, 0xff, 0xff, 0xfe, 0x00, 0x1f, 0xff, 0xff, 0xff, 0xff, 0xff, 0xff, 0xff, 
	0xff, 0xff, 0xff, 0xff, 0xff, 0xf0, 0xff, 0xff, 0xff, 0xff, 0xff, 0xff, 0xff, 0xff, 0x00, 0x03, 
	0xff, 0xff, 0xff, 0xff, 0xff, 0xff, 0xff, 0xff, 0xff, 0xff, 0xff, 0xff, 0xfe, 0x00, 0x3f, 0xff, 
	0xff, 0xff, 0xff, 0xff, 0xff, 0xff, 0xff, 0xff, 0xff, 0xff, 0xff, 0xf0, 0xff, 0xff, 0xff, 0xff, 
	0xff, 0xff, 0xff, 0xff, 0x80, 0x00, 0xff, 0xff, 0xff, 0xff, 0xff, 0xff, 0xff, 0xff, 0xff, 0xff, 
	0xff, 0xff, 0xfe, 0x00, 0x7f, 0xff, 0xff, 0xff, 0xff, 0xff, 0xff, 0xff, 0xff, 0xff, 0xff, 0xff, 
	0xff, 0xf0, 0xff, 0xff, 0xff, 0xff, 0xff, 0xff, 0xff, 0xff, 0xc0, 0x00, 0x7f, 0xff, 0xff, 0xff, 
	0xff, 0xff, 0xff, 0xff, 0xff, 0xff, 0xff, 0xff, 0xfe, 0x00, 0xff, 0xff, 0xff, 0xff, 0xff, 0xff, 
	0xff, 0xff, 0xff, 0xff, 0xff, 0xff, 0xff, 0xf0, 0xff, 0xff, 0xff, 0xff, 0xff, 0xff, 0xff, 0xff, 
	0xf0, 0x00, 0x1f, 0xff, 0xff, 0xff, 0xff, 0xff, 0xff, 0x00, 0x0f, 0xff, 0xff, 0xff, 0xfe, 0x01, 
	0xff, 0xff, 0xff, 0xff, 0xff, 0xff, 0xff, 0xff, 0xff, 0xff, 0xff, 0xff, 0xff, 0xf0, 0xff, 0xff, 
	0xff, 0xff, 0xff, 0xff, 0xff, 0xff, 0xf8, 0x00, 0x0f, 0xff, 0xff, 0xff, 0xff, 0xff, 0xe0, 0x00, 
	0x00, 0x3f, 0xff, 0xff, 0xff, 0x03, 0xff, 0xff, 0xff, 0xff, 0xff, 0xff, 0xff, 0xff, 0xff, 0xff, 
	0xff, 0xff, 0xff, 0xf0, 0xff, 0xff, 0xff, 0xff, 0xff, 0xff, 0xff, 0xff, 0xfe, 0x00, 0x07, 0xff, 
	0xff, 0xff, 0xff, 0xfe, 0x00, 0x00, 0x00, 0x07, 0xff, 0xff, 0xff, 0x8f, 0xff, 0xff, 0xff, 0xff, 
	0xff, 0xff, 0xff, 0xff, 0xff, 0xff, 0xff, 0xff, 0xff, 0xf0, 0xff, 0xff, 0xff, 0xff, 0xff, 0xff, 
	0xff, 0xff, 0xff, 0x00, 0x01, 0xff, 0xff, 0xff, 0xff, 0xf8, 0x00, 0x00, 0x00, 0x00, 0xff, 0xff, 
	0xff, 0xff, 0xff, 0xff, 0xff, 0xff, 0xff, 0xff, 0xff, 0xff, 0xff, 0xff, 0xff, 0xff, 0xff, 0xf0, 
	0xff, 0xff, 0xff, 0xff, 0xff, 0xff, 0xff, 0xff, 0xff, 0x80, 0x00, 0xff, 0xff, 0xff, 0xff, 0xc0, 
	0x00, 0x00, 0x00, 0x00, 0x3f, 0xff, 0xff, 0xff, 0xff, 0xff, 0xff, 0xff, 0xff, 0xff, 0xff, 0xff, 
	0xff, 0xff, 0xff, 0xff, 0xff, 0xf0, 0xff, 0xff, 0xff, 0xff, 0xff, 0xff, 0xff, 0xff, 0xff, 0xe0, 
	0x00, 0x7f, 0xff, 0xff, 0xff, 0x00, 0x00, 0x00, 0x00, 0x00, 0x0f, 0xff, 0xff, 0xff, 0xff, 0xff, 
	0xff, 0xff, 0xff, 0xff, 0xff, 0xff, 0xff, 0xff, 0xff, 0xff, 0xff, 0xf0, 0xff, 0xff, 0xff, 0xff, 
	0xff, 0xff, 0xff, 0xff, 0xff, 0xf0, 0x00, 0x7f, 0xff, 0xff, 0xfc, 0x00, 0x00, 0x00, 0x00, 0x00, 
	0x03, 0xff, 0xff, 0xff, 0xff, 0xff, 0xff, 0xff, 0xff, 0xff, 0xff, 0xff, 0xff, 0xff, 0xff, 0xff, 
	0xff, 0xf0, 0xff, 0xff, 0xff, 0xff, 0xff, 0xff, 0xff, 0xff, 0xff, 0xf8, 0x00, 0x7f, 0xff, 0xff, 
	0xf8, 0x00, 0x00, 0x00, 0x00, 0x00, 0x00, 0xff, 0xff, 0xff, 0xff, 0xff, 0xff, 0xff, 0xff, 0xff, 
	0xff, 0xff, 0xff, 0xff, 0xff, 0xff, 0xff, 0xf0, 0xff, 0xff, 0xff, 0xff, 0xff, 0xff, 0xff, 0xff, 
	0xff, 0xfe, 0x00, 0x7f, 0xff, 0xff, 0xe0, 0x00, 0x00, 0x00, 0x00, 0x00, 0x00, 0x7f, 0xff, 0xff, 
	0xff, 0xff, 0xff, 0xff, 0xff, 0xff, 0xff, 0xff, 0xff, 0xff, 0xff, 0xff, 0xff, 0xf0, 0xff, 0xff, 
	0xff, 0xff, 0xff, 0xff, 0xff, 0xff, 0xff, 0xff, 0x00, 0x7f, 0xff, 0xff, 0xc0, 0x00, 0x00, 0xff, 
	0xf8, 0x00, 0x00, 0x1f, 0xff, 0xff, 0xff, 0xff, 0xff, 0xff, 0xff, 0xff, 0xff, 0xff, 0xff, 0xff, 
	0xff, 0xff, 0xff, 0xf0, 0xff, 0xff, 0xff, 0xff, 0xff, 0xff, 0xff, 0xff, 0xff, 0xff, 0xc0, 0xff, 
	0xff, 0xff, 0x00, 0x00, 0x1f, 0xff, 0xff, 0x80, 0x00, 0x0f, 0xff, 0xff, 0xff, 0xff, 0xff, 0xff, 
	0xff, 0xff, 0xff, 0xff, 0xff, 0xff, 0xff, 0xff, 0xff, 0xf0, 0xff, 0xff, 0xff, 0xff, 0xff, 0xff, 
	0xff, 0xff, 0xff, 0xff, 0xe3, 0xff, 0xff, 0xfe, 0x00, 0x00, 0xff, 0xff, 0xff, 0xf0, 0x00, 0x07, 
	0xff, 0xff, 0xff, 0xff, 0xff, 0xff, 0xff, 0xff, 0xff, 0xff, 0xff, 0xff, 0xff, 0xff, 0xff, 0xf0, 
	0xff, 0xff, 0xff, 0xff, 0xff, 0xff, 0xff, 0xff, 0xff, 0xff, 0xff, 0xff, 0xff, 0xfc, 0x00, 0x03, 
	0xff, 0xff, 0xff, 0xfc, 0x00, 0x03, 0xff, 0xff, 0xff, 0xff, 0xff, 0xff, 0xff, 0xff, 0xff, 0xff, 
	0xff, 0xff, 0xff, 0xff, 0xff, 0xf0, 0xff, 0xff, 0xff, 0xff, 0xff, 0xff, 0xff, 0xff, 0xff, 0xff, 
	0xff, 0xff, 0xff, 0xf8, 0x00, 0x0f, 0xff, 0x9f, 0xff, 0xff, 0x80, 0x01, 0xff, 0xff, 0xff, 0xff, 
	0xff, 0xff, 0xff, 0xff, 0xff, 0xff, 0xff, 0xff, 0xff, 0xff, 0xff, 0xf0, 0xff, 0xff, 0xff, 0xff, 
	0xff, 0xff, 0xff, 0xff, 0xff, 0xff, 0xff, 0xff, 0xff, 0xf0, 0x00, 0x3f, 0xf0, 0x07, 0xff, 0xff, 
	0xc0, 0x00, 0xff, 0xff, 0xff, 0xff, 0xff, 0xff, 0xff, 0xff, 0xff, 0xff, 0xff, 0xff, 0xff, 0xff, 
	0xff, 0xf0, 0xff, 0xff, 0xff, 0xff, 0xff, 0xff, 0xff, 0xff, 0xff, 0xff, 0xff, 0xff, 0xff, 0xe0, 
	0x00, 0xff, 0xc0, 0x03, 0xff, 0xff, 0xf0, 0x00, 0x7f, 0xff, 0xff, 0xff, 0xff, 0xff, 0xff, 0xff, 
	0xff, 0xff, 0xff, 0xff, 0xff, 0xff, 0xff, 0xf0, 0xff, 0xff, 0xff, 0xff, 0xff, 0xff, 0xff, 0xff, 
	0xff, 0xff, 0xff, 0xff, 0xff, 0xc0, 0x01, 0xfe, 0x00, 0x01, 0xff, 0xff, 0xf8, 0x00, 0x3f, 0xff, 
	0xff, 0xff, 0xff, 0xff, 0xff, 0xff, 0xff, 0xff, 0xff, 0xff, 0xff, 0xff, 0xff, 0xf0, 0xff, 0xff, 
	0xff, 0xff, 0xff, 0xff, 0xff, 0xff, 0xff, 0xff, 0xff, 0xff, 0xff, 0x80, 0x03, 0xf8, 0x00, 0x01, 
	0xff, 0xff, 0xfe, 0x00, 0x1f, 0xff, 0xff, 0xff, 0xff, 0xff, 0xff, 0xff, 0xff, 0xff, 0xff, 0xff, 
	0xff, 0xff, 0xff, 0xf0, 0xff, 0xff, 0xff, 0xff, 0xff, 0xff, 0xff, 0xff, 0xff, 0xff, 0xff, 0xff, 
	0xff, 0x80, 0x07, 0xf0, 0x00, 0x01, 0xff, 0xff, 0xff, 0x00, 0x0f, 0xff, 0xff, 0xff, 0xff, 0xff, 
	0xff, 0xff, 0xff, 0xff, 0xff, 0xff, 0xff, 0xff, 0xff, 0xf0, 0xff, 0xff, 0xff, 0xff, 0xff, 0xff, 
	0xff, 0xff, 0xff, 0xff, 0xff, 0xff, 0xff, 0x00, 0x1f, 0xc0, 0x00, 0x01, 0xff, 0xff, 0xff, 0x80, 
	0x07, 0xff, 0xff, 0xff, 0xff, 0xff, 0xff, 0xff, 0xff, 0xff, 0xff, 0xff, 0xff, 0xff, 0xff, 0xf0, 
	0xff, 0xff, 0xff, 0xff, 0xff, 0xff, 0xff, 0xff, 0xff, 0xff, 0xff, 0xff, 0xfe, 0x00, 0x3f, 0x80, 
	0x00, 0x03, 0xff, 0xff, 0xff, 0xc0, 0x07, 0xff, 0xff, 0xff, 0xff, 0xff, 0xff, 0xff, 0xff, 0xff, 
	0xff, 0xff, 0xff, 0xff, 0xff, 0xf0, 0xff, 0xff, 0xff, 0xff, 0xff, 0xff, 0xff, 0xff, 0xff, 0xff, 
	0xff, 0xff, 0xfc, 0x00, 0x7f, 0x00, 0x00, 0x07, 0xff, 0xff, 0xff, 0xe0, 0x03, 0xff, 0xff, 0xff, 
	0xff, 0xff, 0xff, 0xff, 0xff, 0xff, 0xff, 0xff, 0xff, 0xff, 0xff, 0xf0, 0xff, 0xff, 0xff, 0xff, 
	0xff, 0xff, 0xff, 0xff, 0xff, 0xff, 0xff, 0xff, 0xfc, 0x00, 0x7e, 0x00, 0x00, 0xff, 0xff, 0xff, 
	0xff, 0xf0, 0x01, 0xff, 0xff, 0xff, 0xff, 0xff, 0xff, 0xff, 0xff, 0xff, 0xff, 0xff, 0xff, 0xff, 
	0xff, 0xf0, 0xff, 0xff, 0xff, 0xff, 0xff, 0xff, 0xff, 0xff, 0xff, 0xff, 0xff, 0xff, 0xf8, 0x00, 
	0xfc, 0x00, 0x07, 0xff, 0xff, 0xff, 0xff, 0xf8, 0x01, 0xff, 0xff, 0xff, 0xff, 0xff, 0xff, 0xff, 
	0xff, 0xff, 0xff, 0xff, 0xff, 0xff, 0xff, 0xf0, 0xff, 0xff, 0xff, 0xff, 0xff, 0xff, 0xff, 0xff, 
	0xff, 0xff, 0xff, 0xff, 0xf8, 0x01, 0xf8, 0x00, 0x1f, 0xff, 0xff, 0xff, 0xff, 0xf8, 0x00, 0xff, 
	0xff, 0xff, 0xff, 0xff, 0xff, 0xff, 0xff, 0xff, 0xff, 0xff, 0xff, 0xff, 0xff, 0xf0, 0xff, 0xff, 
	0xff, 0xff, 0xff, 0xff, 0xff, 0xff, 0xff, 0xff, 0xff, 0xff, 0xf0, 0x03, 0xf0, 0x00, 0x7f, 0xff, 
	0xff, 0xff, 0xff, 0xfc, 0x00, 0xff, 0xff, 0xff, 0xff, 0xff, 0xff, 0xff, 0xff, 0xff, 0xff, 0xff, 
	0xff, 0xff, 0xff, 0xf0, 0xff, 0xff, 0xff, 0xff, 0xff, 0xff, 0xff, 0xff, 0xff, 0xff, 0xff, 0xff, 
	0xe0, 0x03, 0xe0, 0x00, 0xff, 0xff, 0xff, 0xff, 0xff, 0xfe, 0x00, 0x7f, 0xff, 0xff, 0xff, 0xff, 
	0xff, 0xff, 0xff, 0xff, 0xff, 0xff, 0xff, 0xff, 0xff, 0xf0, 0xff, 0xff, 0xff, 0xff, 0xff, 0xff, 
	0xff, 0xff, 0xff, 0xff, 0xff, 0xff, 0xe0, 0x07, 0xc0, 0x03, 0xff, 0xff, 0xff, 0xff, 0xff, 0xfe, 
	0x00, 0x7f, 0xff, 0xff, 0xff, 0xff, 0xff, 0xff, 0xff, 0xff, 0xff, 0xff, 0xff, 0xff, 0xff, 0xf0, 
	0xff, 0xff, 0xff, 0xff, 0xff, 0xff, 0xff, 0xff, 0xff, 0xff, 0xff, 0xff, 0xe0, 0x0f, 0xc0, 0x07, 
	0xff, 0xff, 0xff, 0xff, 0xff, 0xff, 0x00, 0x3f, 0xff, 0xff, 0xff, 0xff, 0xff, 0xff, 0xff, 0xff, 
	0xff, 0xff, 0xff, 0xff, 0xff, 0xf0, 0xff, 0xff, 0xff, 0xff, 0xff, 0xff, 0xff, 0xff, 0xff, 0xff, 
	0xff, 0xff, 0xc0, 0x0f, 0x80, 0x0f, 0xff, 0xff, 0xff, 0xff, 0xff, 0xff, 0x00, 0x3f, 0xff, 0xff, 
	0xff, 0xff, 0xff, 0xff, 0xff, 0xff, 0xff, 0xff, 0xff, 0xff, 0xff, 0xf0, 0xff, 0xff, 0xff, 0xff, 
	0xff, 0xff, 0xff, 0xff, 0xff, 0xff, 0xff, 0xff, 0xc0, 0x1f, 0x00, 0x1f, 0xff, 0xff, 0xff, 0xff, 
	0xff, 0xff, 0x80, 0x1f, 0xff, 0xff, 0xff, 0xff, 0xff, 0xff, 0xff, 0xff, 0xff, 0xff, 0xff, 0xff, 
	0xff, 0xf0, 0xff, 0xff, 0xff, 0xff, 0xff, 0xff, 0xff, 0xff, 0xff, 0xff, 0xff, 0xff, 0x80, 0x1f, 
	0x00, 0x3f, 0xff, 0xff, 0xff, 0xff, 0xff, 0xff, 0x80, 0x1f, 0xff, 0xff, 0xff, 0xff, 0xff, 0xff, 
	0xff, 0xff, 0xff, 0xff, 0xff, 0xff, 0xff, 0xf0, 0xff, 0xff, 0xff, 0xff, 0xff, 0xff, 0xff, 0xff, 
	0xff, 0xff, 0xff, 0xff, 0x80, 0x3e, 0x00, 0x3f, 0xff, 0xff, 0xff, 0xff, 0xff, 0xff, 0xc0, 0x1f, 
	0xff, 0xff, 0xff, 0xff, 0xff, 0xff, 0xff, 0xff, 0xff, 0xff, 0xff, 0xff, 0xff, 0xf0, 0xff, 0xff, 
	0xff, 0xff, 0xff, 0xff, 0xff, 0xff, 0xff, 0xff, 0xff, 0xff, 0x80, 0x3e, 0x00, 0x7f, 0xff, 0xff, 
	0xff, 0xff, 0xff, 0xff, 0xc0, 0x0f, 0xff, 0xff, 0xff, 0xff, 0xff, 0xff, 0xff, 0xff, 0xff, 0xff, 
	0xff, 0xff, 0xff, 0xf0, 0xff, 0xff, 0xff, 0xff, 0xff, 0xff, 0xff, 0xff, 0xff, 0xff, 0xff, 0xff, 
	0x00, 0x3c, 0x00, 0xff, 0xff, 0xff, 0xff, 0xff, 0xff, 0xff, 0xe0, 0x0f, 0xff, 0xff, 0xff, 0xff, 
	0xff, 0xff, 0xff, 0xff, 0xff, 0xff, 0xff, 0xff, 0xff, 0xf0, 0xff, 0xff, 0xff, 0xff, 0xff, 0xff, 
	0xff, 0xff, 0xff, 0xff, 0xff, 0xff, 0x00, 0x7c, 0x00, 0xff, 0xff, 0xff, 0xff, 0xff, 0xff, 0xff, 
	0xe0, 0x0f, 0xff, 0xff, 0xff, 0xff, 0xff, 0xff, 0xff, 0xff, 0xff, 0xff, 0xff, 0xff, 0xff, 0xf0, 
	0xff, 0xff, 0xff, 0xff, 0xff, 0xff, 0xff, 0xff, 0xff, 0xff, 0xff, 0xff, 0x00, 0x7c, 0x01, 0xff, 
	0xff, 0xff, 0xff, 0xff, 0xff, 0xff, 0xe0, 0x0f, 0xff, 0xff, 0xff, 0xff, 0xff, 0xff, 0xff, 0xff, 
	0xff, 0xff, 0xff, 0xff, 0xff, 0xf0, 0xff, 0xff, 0xff, 0xff, 0xff, 0xff, 0xff, 0xff, 0xff, 0xff, 
	0xff, 0xff, 0x00, 0x78, 0x01, 0xff, 0xff, 0xff, 0xff, 0xff, 0xff, 0xff, 0xf0, 0x07, 0xff, 0xff, 
	0xff, 0xff, 0xff, 0xff, 0xff, 0xff, 0xff, 0xff, 0xff, 0xff, 0xff, 0xf0, 0xff, 0xff, 0xff, 0xff, 
	0xff, 0xff, 0xff, 0xff, 0xff, 0xff, 0xff, 0xfe, 0x00, 0xf8, 0x03, 0xff, 0xff, 0xff, 0xff, 0xff, 
	0xff, 0xff, 0xf0, 0x07, 0xff, 0xff, 0xff, 0xff, 0xff, 0xff, 0xff, 0xff, 0xff, 0xff, 0xff, 0xff, 
	0xff, 0xf0, 0xff, 0xff, 0xff, 0xff, 0xff, 0xff, 0xff, 0xff, 0xff, 0xff, 0xff, 0xfe, 0x00, 0xf8, 
	0x03, 0xff, 0xff, 0xff, 0xff, 0xff, 0xff, 0xff, 0xf0, 0x07, 0xff, 0xff, 0xff, 0xff, 0xff, 0xff, 
	0xff, 0xff, 0xff, 0xff, 0xff, 0xff, 0xff, 0xf0, 0xff, 0xff, 0xff, 0xff, 0xff, 0xff, 0xff, 0xff, 
	0xff, 0xff, 0xff, 0xfe, 0x00, 0xf0, 0x03, 0xff, 0xff, 0xff, 0xff, 0xff, 0xff, 0xff, 0xf0, 0x07, 
	0xff, 0xff, 0xff, 0xff, 0xff, 0xff, 0xff, 0xff, 0xff, 0xff, 0xff, 0xff, 0xff, 0xf0, 0xff, 0xff, 
	0xff, 0xff, 0xff, 0xff, 0xff, 0xff, 0xff, 0xff, 0xff, 0xfe, 0x00, 0xf0, 0x07, 0xff, 0xff, 0xff, 
	0xff, 0xff, 0xff, 0xff, 0xf0, 0x07, 0xff, 0xff, 0xff, 0xff, 0xff, 0xff, 0xff, 0xff, 0xff, 0xff, 
	0xff, 0xff, 0xff, 0xf0, 0xff, 0xff, 0xff, 0xff, 0xff, 0xff, 0xff, 0xff, 0xff, 0xff, 0xff, 0xfe, 
	0x00, 0xf0, 0x07, 0xff, 0xff, 0xff, 0xff, 0xff, 0xff, 0xff, 0xf8, 0x03, 0xff, 0xff, 0xff, 0xff, 
	0xff, 0xff, 0xff, 0xff, 0xff, 0xff, 0xff, 0xff, 0xff, 0xf0, 0xff, 0xff, 0xff, 0xff, 0xff, 0xff, 
	0xff, 0xff, 0xff, 0xff, 0xff, 0xfe, 0x00, 0xf0, 0x07, 0xff, 0xff, 0xff, 0xff, 0xff, 0xff, 0xff, 
	0xf8, 0x03, 0xff, 0xff, 0xff, 0xff, 0xff, 0xff, 0xff, 0xff, 0xff, 0xff, 0xff, 0xff, 0xff, 0xf0, 
	0xff, 0xff, 0xff, 0xff, 0xff, 0xff, 0xff, 0xff, 0xff, 0xff, 0xff, 0xfe, 0x01, 0xf0, 0x07, 0xff, 
	0xff, 0xff, 0xff, 0xff, 0xff, 0xff, 0xf8, 0x03, 0xff, 0xff, 0xff, 0xff, 0xff, 0xff, 0xff, 0xff, 
	0xff, 0xff, 0xff, 0xff, 0xff, 0xf0, 0xff, 0xff, 0xff, 0xff, 0xff, 0xff, 0xff, 0xff, 0xff, 0xff, 
	0xff, 0xfe, 0x01, 0xf0, 0x07, 0xff, 0xff, 0xff, 0xff, 0xff, 0xff, 0xff, 0xf8, 0x03, 0xff, 0xff, 
	0xff, 0xff, 0xff, 0xff, 0xff, 0xff, 0xff, 0xff, 0xff, 0xff, 0xff, 0xf0, 0xff, 0xff, 0xff, 0xff, 
	0xff, 0xff, 0xff, 0xff, 0xff, 0xff, 0xff, 0xfc, 0x01, 0xf0, 0x0f, 0xff, 0xff, 0xff, 0xff, 0xff, 
	0xff, 0xff, 0xf8, 0x03, 0xff, 0xff, 0xff, 0xff, 0xff, 0xff, 0xff, 0xff, 0xff, 0xff, 0xff, 0xff, 
	0xff, 0xf0, 0xff, 0xff, 0xff, 0xff, 0xff, 0xff, 0xff, 0xff, 0xff, 0xff, 0xff, 0xfc, 0x01, 0xf0, 
	0x0f, 0xff, 0xff, 0xff, 0xff, 0xff, 0xff, 0xff, 0xf8, 0x03, 0xff, 0xff, 0xff, 0xfc, 0x00, 0xff, 
	0xff, 0xff, 0xff, 0xff, 0xff, 0xff, 0xff, 0xf0, 0xff, 0xff, 0xff, 0xff, 0xff, 0xff, 0xff, 0xff, 
	0xff, 0xff, 0xff, 0xfc, 0x01, 0xf0, 0x0f, 0xff, 0xff, 0xff, 0xff, 0xff, 0xff, 0xff, 0xf8, 0x03, 
	0xff, 0xff, 0xc0, 0x00, 0x00, 0x7f, 0xff, 0xff, 0xff, 0xff, 0xff, 0xff, 0xff, 0xf0, 0xff, 0xff, 
	0xff, 0xff, 0xff, 0xff, 0xff, 0xff, 0xff, 0xff, 0xff, 0xfe, 0x01, 0xf0, 0x0f, 0xff, 0xff, 0xff, 
	0xff, 0xff, 0xff, 0xff, 0xf8, 0x03, 0xff, 0xfc, 0x00, 0x00, 0x00, 0x3f, 0xff, 0xff, 0xff, 0xff, 
	0xff, 0xff, 0xff, 0xf0, 0xff, 0xff, 0xff, 0xff, 0xff, 0xff, 0xff, 0xff, 0xff, 0xff, 0xff, 0xfe, 
	0x01, 0xf8, 0x1f, 0xff, 0xff, 0xff, 0xff, 0xff, 0xff, 0xff, 0xf8, 0x03, 0xff, 0xf8, 0x00, 0x00, 
	0x00, 0x3f, 0xff, 0xff, 0xff, 0xff, 0xff, 0xff, 0xff, 0xf0, 0xff, 0xff, 0xff, 0xff, 0xff, 0xff, 
	0xff, 0xff, 0xff, 0xff, 0xff, 0xfe, 0x00, 0xfc, 0x3f, 0xff, 0xff, 0xff, 0xff, 0xff, 0xff, 0xff, 
	0xf8, 0x03, 0xff, 0xf8, 0x00, 0x00, 0x00, 0x3f, 0xff, 0xff, 0xff, 0xff, 0xff, 0xff, 0xff, 0xf0, 
	0xff, 0xff, 0xff, 0xff, 0xff, 0xff, 0xff, 0xff, 0xff, 0xff, 0xff, 0xfe, 0x00, 0xff, 0xff, 0xff, 
	0xff, 0xff, 0xff, 0xff, 0xff, 0xff, 0xf8, 0x03, 0xff, 0xf0, 0x00, 0x00, 0x00, 0x3f, 0xff, 0xff, 
	0xff, 0xff, 0xff, 0xff, 0xff, 0xf0, 0xff, 0xff, 0xff, 0xff, 0xff, 0xff, 0xff, 0xff, 0xff, 0xff, 
	0xff, 0xfe, 0x00, 0xff, 0xff, 0xff, 0xff, 0xff, 0xff, 0xff, 0xff, 0xff, 0xf8, 0x03, 0xff, 0xf0, 
	0x00, 0x00, 0x00, 0x7f, 0xff, 0xff, 0xff, 0xff, 0xff, 0xff, 0xff, 0xf0, 0xff, 0xff, 0xff, 0xff, 
	0xff, 0xff, 0xff, 0xff, 0xff, 0xff, 0xff, 0xfe, 0x00, 0xff, 0xff, 0xff, 0xff, 0xff, 0xff, 0xff, 
	0xff, 0xff, 0xfc, 0x03, 0xff, 0xf8, 0x00, 0x00, 0x00, 0x7f, 0xff, 0xff, 0xff, 0xff, 0xff, 0xff, 
	0xff, 0xf0, 0xff, 0xff, 0xff, 0xff, 0xff, 0xff, 0xff, 0xff, 0xff, 0xff, 0xff, 0xfe, 0x00, 0xff, 
	0xff, 0xff, 0xff, 0xff, 0xff, 0xff, 0xff, 0xff, 0xfc, 0x01, 0xff, 0xf8, 0x00, 0x00, 0x03, 0xff, 
	0xff, 0xff, 0xff, 0xff, 0xff, 0xff, 0xff, 0xf0, 0xff, 0xff, 0xff, 0xff, 0xff, 0xff, 0xff, 0xff, 
	0xff, 0xff, 0xff, 0xfe, 0x00, 0xff, 0xff, 0xff, 0xff, 0xff, 0xff, 0xff, 0xff, 0xff, 0xfc, 0x01, 
	0xff, 0xfc, 0x00, 0x3f, 0xff, 0xff, 0xff, 0xff, 0xff, 0xff, 0xff, 0xff, 0xff, 0xf0, 0xff, 0xff, 
	0xff, 0xff, 0xff, 0xff, 0xff, 0xff, 0xff, 0xff, 0xff, 0xfe, 0x00, 0xff, 0xff, 0xff, 0xff, 0xff, 
	0xff, 0xff, 0xff, 0xff, 0xfc, 0x01, 0xff, 0xff, 0xff, 0xff, 0xff, 0xff, 0xff, 0xff, 0xff, 0xff, 
	0xff, 0xff, 0xff, 0xf0, 0xff, 0xff, 0xff, 0xff, 0xff, 0xff, 0xff, 0xff, 0xff, 0xff, 0xff, 0xfe, 
	0x00, 0xff, 0xff, 0xff, 0xff, 0xff, 0xff, 0xff, 0xff, 0xff, 0xfc, 0x01, 0xff, 0xff, 0xff, 0xff, 
	0xff, 0xff, 0xff, 0xff, 0xff, 0xff, 0xff, 0xff, 0xff, 0xf0, 0xff, 0xff, 0xff, 0xff, 0xff, 0xff, 
	0xff, 0xff, 0xff, 0xff, 0xff, 0xfe, 0x00, 0xff, 0xff, 0xff, 0xff, 0xff, 0xff, 0xff, 0xff, 0xff, 
	0xfc, 0x01, 0xff, 0xff, 0xff, 0xff, 0xff, 0xff, 0xff, 0xff, 0xff, 0xff, 0xff, 0xff, 0xff, 0xf0, 
	0xff, 0xff, 0xff, 0xff, 0xff, 0xff, 0xff, 0xff, 0xff, 0xff, 0xff, 0xfe, 0x00, 0xff, 0xff, 0xff, 
	0xff, 0xff, 0xff, 0xff, 0xff, 0xff, 0xfc, 0x01, 0xff, 0xff, 0xff, 0xff, 0xff, 0xff, 0xff, 0xff, 
	0xff, 0xff, 0xff, 0xff, 0xff, 0xf0, 0xff, 0xff, 0xff, 0xff, 0xff, 0xff, 0xff, 0xfc, 0x00, 0x1f, 
	0xff, 0xfe, 0x00, 0xff, 0xff, 0xff, 0xff, 0xff, 0xff, 0xff, 0xff, 0xff, 0xfc, 0x01, 0xff, 0xff, 
	0xff, 0xff, 0xff, 0xff, 0xff, 0xff, 0xff, 0xff, 0xff, 0xff, 0xff, 0xf0, 0xff, 0xff, 0xff, 0xff, 
	0xff, 0xff, 0xe0, 0x00, 0x00, 0x0f, 0xff, 0xff, 0x00, 0xff, 0xff, 0xff, 0xff, 0xff, 0xff, 0xff, 
	0xff, 0xff, 0xfc, 0x01, 0xff, 0xff, 0xff, 0xff, 0xff, 0xff, 0xff, 0xff, 0xff, 0xff, 0xff, 0xff, 
	0xff, 0xf0, 0xff, 0xff, 0xff, 0xff, 0xff, 0xff, 0x80, 0x00, 0x00, 0x07, 0xff, 0xff, 0x00, 0x7f, 
	0xff, 0xff, 0xff, 0xff, 0xff, 0xff, 0xff, 0xff, 0xfc, 0x01, 0xff, 0xff, 0xff, 0xff, 0xff, 0xff, 
	0xff, 0xff, 0xff, 0xff, 0xff, 0xff, 0xff, 0xf0, 0xff, 0xff, 0xff, 0xff, 0xff, 0xff, 0x00, 0x00, 
	0x00, 0x07, 0xff, 0xff, 0x00, 0x7f, 0xff, 0xff, 0xff, 0xff, 0xff, 0xff, 0xff, 0xff, 0xfc, 0x01, 
	0xff, 0xff, 0xff, 0xff, 0xff, 0xff, 0xff, 0xff, 0xff, 0xff, 0xff, 0xff, 0xff, 0xf0, 0xff, 0xff, 
	0xff, 0xff, 0xff, 0xfe, 0x00, 0x00, 0x00, 0x07, 0xff, 0xff, 0x00, 0x7f, 0xff, 0xff, 0xff, 0xff, 
	0xff, 0xff, 0xff, 0xff, 0xfc, 0x01, 0xff, 0xff, 0xff, 0xff, 0xff, 0xff, 0xff, 0xff, 0xff, 0xff, 
	0xff, 0xff, 0xff, 0xf0, 0xff, 0xff, 0xff, 0xff, 0xff, 0xfe, 0x00, 0x00, 0x00, 0x07, 0xff, 0xff, 
	0x00, 0x7f, 0xff, 0xff, 0xff, 0xff, 0xff, 0xff, 0xff, 0xff, 0xfe, 0x01, 0xff, 0xff, 0xff, 0xff, 
	0xff, 0xff, 0xff, 0xff, 0xff, 0xff, 0xff, 0xff, 0xff, 0xf0, 0xff, 0xff, 0xff, 0xff, 0xff, 0xfe, 
	0x00, 0x00, 0x00, 0x0f, 0xff, 0xff, 0x00, 0x7f, 0xff, 0xff, 0xff, 0xff, 0xff, 0xff, 0xff, 0xff, 
	0xfe, 0x00, 0xff, 0xff, 0xff, 0xff, 0xff, 0xff, 0xff, 0xff, 0xff, 0xff, 0xff, 0xff, 0xff, 0xf0, 
	0xff, 0xff, 0xff, 0xff, 0xff, 0xff, 0x00, 0x00, 0x00, 0x1f, 0xff, 0xff, 0x00, 0x7f, 0xff, 0xff, 
	0xff, 0xff, 0xff, 0xff, 0xff, 0xff, 0xfe, 0x00, 0xff, 0xff, 0xff, 0xff, 0xff, 0xff, 0xff, 0xff, 
	0xff, 0xff, 0xff, 0xff, 0xff, 0xf0, 0xff, 0xff, 0xff, 0xff, 0xff, 0xff, 0x00, 0x00, 0x01, 0xff, 
	0xff, 0xff, 0x00, 0x7f, 0xff, 0xff, 0xff, 0xff, 0xff, 0xff, 0xff, 0xff, 0xfe, 0x00, 0xff, 0xff, 
	0xff, 0xff, 0xff, 0xff, 0xff, 0xff, 0xff, 0xff, 0xff, 0xff, 0xff, 0xf0, 0xff, 0xff, 0xff, 0xff, 
	0xff, 0xff, 0x80, 0x1f, 0xff, 0xff, 0xff, 0xff, 0x00, 0x7f, 0xff, 0xff, 0xff, 0xff, 0xff, 0xff, 
	0xff, 0xff, 0xfe, 0x00, 0xff, 0xff, 0xff, 0xff, 0xff, 0xff, 0xff, 0xff, 0xff, 0xff, 0xff, 0xff, 
	0xff, 0xf0, 0xff, 0xff, 0xff, 0xff, 0xff, 0xff, 0xff, 0xff, 0xff, 0xff, 0xff, 0xff, 0x00, 0x7f, 
	0xff, 0xff, 0xff, 0xff, 0xff, 0xff, 0xff, 0xff, 0xfe, 0x00, 0xff, 0xff, 0xff, 0xff, 0xff, 0xff, 
	0xff, 0xff, 0xff, 0xff, 0xff, 0xff, 0xff, 0xf0, 0xff, 0xff, 0xff, 0xff, 0xff, 0xff, 0xff, 0xff, 
	0xff, 0xff, 0xff, 0xff, 0x00, 0x7f, 0xff, 0xff, 0xff, 0xff, 0xff, 0xff, 0xff, 0xff, 0xfe, 0x00, 
	0xff, 0xff, 0xff, 0xff, 0xff, 0xff, 0xff, 0xff, 0xff, 0xff, 0xff, 0xff, 0xff, 0xf0, 0xff, 0xff, 
	0xff, 0xff, 0xff, 0xff, 0xff, 0xff, 0xff, 0xff, 0xff, 0xff, 0x80, 0x7f, 0xff, 0xff, 0xff, 0xff, 
	0xff, 0xff, 0xff, 0xff, 0xfe, 0x00, 0xff, 0xff, 0xff, 0xff, 0xff, 0xff, 0xff, 0xff, 0xff, 0xff, 
	0xff, 0xff, 0xff, 0xf0, 0xff, 0xff, 0xff, 0xff, 0xff, 0xff, 0xff, 0xff, 0xff, 0xff, 0xff, 0xff, 
	0x80, 0x7f, 0xff, 0xff, 0xff, 0xff, 0xff, 0xff, 0xff, 0xff, 0xfe, 0x00, 0xff, 0xff, 0xff, 0xff, 
	0xff, 0xff, 0xff, 0xff, 0xff, 0xff, 0xff, 0xff, 0xff, 0xf0, 0xff, 0xff, 0xff, 0xff, 0xff, 0xff, 
	0xff, 0xff, 0xff, 0xff, 0xff, 0xff, 0x80, 0x3f, 0xff, 0xff, 0xff, 0xff, 0xff, 0xff, 0xff, 0xff, 
	0xfe, 0x00, 0xff, 0xff, 0xff, 0xff, 0xff, 0xff, 0xff, 0xff, 0xff, 0xff, 0xff, 0xff, 0xff, 0xf0, 
	0xff, 0xff, 0xff, 0xff, 0xff, 0xff, 0xff, 0xff, 0xff, 0xff, 0xff, 0xff, 0x80, 0x3f, 0xff, 0xff, 
	0xff, 0xff, 0xff, 0xff, 0xff, 0xff, 0xfe, 0x00, 0xff, 0xff, 0xff, 0xff, 0xff, 0xff, 0xff, 0xff, 
	0xff, 0xff, 0xff, 0xff, 0xff, 0xf0, 0xff, 0xff, 0xff, 0xff, 0xff, 0xff, 0xff, 0xff, 0xff, 0xff, 
	0xff, 0xff, 0x80, 0x3f, 0xff, 0xff, 0xff, 0xff, 0xff, 0xff, 0xff, 0xff, 0xff, 0x00, 0xff, 0xff, 
	0xff, 0xff, 0xff, 0xff, 0xff, 0xff, 0xff, 0xff, 0xff, 0xff, 0xff, 0xf0, 0xff, 0xff, 0xff, 0xff, 
	0xff, 0xff, 0xff, 0xff, 0xff, 0xff, 0xff, 0xff, 0x80, 0x3f, 0xff, 0xff, 0xff, 0xff, 0xff, 0xff, 
	0xff, 0xff, 0xff, 0x00, 0xff, 0xff, 0xff, 0xff, 0xff, 0xff, 0xff, 0xff, 0xff, 0xff, 0xff, 0xff, 
	0xff, 0xf0, 0xff, 0xff, 0xff, 0xff, 0xff, 0xff, 0xff, 0xff, 0xff, 0xff, 0xff, 0xff, 0x80, 0x3f, 
	0xff, 0xff, 0xff, 0xff, 0xff, 0xff, 0xff, 0xff, 0xff, 0x00, 0x7f, 0xff, 0xff, 0xff, 0xff, 0xff, 
	0xff, 0xff, 0xff, 0xff, 0xff, 0xff, 0xff, 0xf0, 0xff, 0xff, 0xff, 0xff, 0xff, 0xff, 0xff, 0xff, 
	0xff, 0xff, 0xff, 0xff, 0x80, 0x3f, 0xff, 0xff, 0xff, 0xff, 0xff, 0xff, 0xff, 0xff, 0xff, 0x00, 
	0x7f, 0xff, 0xff, 0xff, 0xff, 0xff, 0xff, 0xff, 0xff, 0xff, 0xff, 0xff, 0xff, 0xf0, 0xff, 0xff, 
	0xff, 0xff, 0xff, 0xff, 0xff, 0xff, 0xff, 0xff, 0xff, 0xff, 0x80, 0x3f, 0xff, 0xff, 0xff, 0xff, 
	0xff, 0xff, 0xff, 0xff, 0xff, 0x00, 0x7f, 0xff, 0xff, 0xff, 0xff, 0xff, 0xff, 0xff, 0xff, 0xff, 
	0xff, 0xff, 0xff, 0xf0, 0xff, 0xff, 0xff, 0xff, 0xff, 0xff, 0xff, 0xff, 0xff, 0xff, 0xff, 0xff, 
	0x80, 0x3f, 0xff, 0xff, 0xff, 0xff, 0xff, 0xff, 0xff, 0xff, 0xff, 0x00, 0x7f, 0xff, 0xff, 0xff, 
	0xff, 0xff, 0xff, 0xff, 0xff, 0xff, 0xff, 0xff, 0xff, 0xf0, 0xff, 0xff, 0xff, 0xff, 0xff, 0xff, 
	0xff, 0xff, 0xff, 0xff, 0xff, 0xff, 0x80, 0x3f, 0xff, 0xff, 0xff, 0xff, 0xff, 0xff, 0xff, 0xff, 
	0xff, 0x00, 0x7f, 0xff, 0xff, 0xff, 0xff, 0xff, 0xff, 0xff, 0xff, 0xff, 0xff, 0xff, 0xff, 0xf0, 
	0xff, 0xff, 0xff, 0xff, 0xff, 0xff, 0xff, 0xff, 0xff, 0xff, 0xff, 0xff, 0x80, 0x3f, 0xff, 0xff, 
	0xff, 0xff, 0xff, 0xff, 0xff, 0xff, 0xff, 0x00, 0x7f, 0xff, 0xff, 0xff, 0xff, 0xff, 0xff, 0xff, 
	0xff, 0xff, 0xff, 0xff, 0xff, 0xf0, 0xff, 0xff, 0xff, 0xff, 0xff, 0xff, 0xff, 0xff, 0xff, 0xff, 
	0xff, 0xff, 0xc0, 0x3f, 0xff, 0xff, 0xff, 0xff, 0xff, 0xff, 0xff, 0xff, 0xff, 0x00, 0x7f, 0xff, 
	0xff, 0xff, 0xff, 0xff, 0xff, 0xff, 0xff, 0xff, 0xff, 0xff, 0xff, 0xf0, 0xff, 0xff, 0xff, 0xff, 
	0xff, 0xff, 0xff, 0xff, 0xff, 0xff, 0xff, 0xff, 0xc0, 0x1f, 0xff, 0xff, 0xff, 0xff, 0xff, 0xff, 
	0xff, 0xff, 0xff, 0x00, 0x7f, 0xff, 0xff, 0xff, 0xff, 0xff, 0xff, 0xff, 0xff, 0xff, 0xff, 0xff, 
	0xff, 0xf0, 0xff, 0xff, 0xff, 0xff, 0xff, 0xff, 0xff, 0xff, 0xff, 0xff, 0xff, 0xff, 0xc0, 0x1f, 
	0xff, 0xff, 0xff, 0xff, 0xff, 0xff, 0xff, 0xff, 0xff, 0x00, 0x7f, 0xff, 0xff, 0xff, 0xff, 0xff, 
	0xff, 0xff, 0xff, 0xff, 0xff, 0xff, 0xff, 0xf0, 0xff, 0xff, 0xff, 0xff, 0xff, 0xff, 0xff, 0xff, 
	0xff, 0xff, 0xff, 0xff, 0xc0, 0x1f, 0xff, 0xff, 0xff, 0xff, 0xff, 0xff, 0xff, 0xff, 0xff, 0x80, 
	0x7f, 0xff, 0xff, 0xff, 0xff, 0xff, 0xff, 0xff, 0xff, 0xff, 0xff, 0xff, 0xff, 0xf0, 0xff, 0xff, 
	0xff, 0xff, 0xff, 0xff, 0xff, 0xff, 0xff, 0xff, 0xff, 0xff, 0xc0, 0x1f, 0xff, 0xff, 0xff, 0xff, 
	0xff, 0xff, 0xff, 0xff, 0xff, 0x80, 0x7f, 0xff, 0xff, 0xff, 0xff, 0xff, 0xff, 0xff, 0xff, 0xff, 
	0xff, 0xff, 0xff, 0xf0, 0xff, 0xff, 0xff, 0xff, 0xff, 0xff, 0xff, 0xff, 0xff, 0xff, 0xff, 0xff, 
	0xc0, 0x1f, 0xff, 0xff, 0xff, 0xff, 0xff, 0xff, 0xff, 0xff, 0xff, 0x80, 0x3f, 0xff, 0xff, 0xff, 
	0xff, 0xff, 0xff, 0xff, 0xff, 0xff, 0xff, 0xff, 0xff, 0xf0, 0xff, 0xff, 0xff, 0xff, 0xff, 0xff, 
	0xff, 0xff, 0xff, 0xff, 0xff, 0xff, 0xc0, 0x1f, 0xff, 0xff, 0xff, 0xff, 0xff, 0xff, 0xff, 0xff, 
	0xff, 0x80, 0x3f, 0xff, 0xff, 0xff, 0xff, 0xff, 0xff, 0xff, 0xff, 0xff, 0xff, 0xff, 0xff, 0xf0, 
	0xff, 0xff, 0xff, 0xff, 0xff, 0xff, 0xff, 0xff, 0xff, 0xff, 0xff, 0xff, 0xc0, 0x1f, 0xff, 0xff, 
	0xff, 0xff, 0xff, 0xff, 0xff, 0xff, 0xff, 0x80, 0x3f, 0xff, 0xff, 0xff, 0xff, 0xff, 0xff, 0xff, 
	0xff, 0xff, 0xff, 0xff, 0xff, 0xf0, 0xff, 0xff, 0xff, 0xff, 0xff, 0xff, 0xff, 0xff, 0xff, 0xff, 
	0xff, 0xff, 0xc0, 0x1f, 0xff, 0xff, 0xff, 0xff, 0xff, 0xff, 0xff, 0xff, 0xff, 0x80, 0x3f, 0xff, 
	0xff, 0xff, 0xff, 0xff, 0xff, 0xff, 0xff, 0xff, 0xff, 0xff, 0xff, 0xf0, 0xff, 0xff, 0xff, 0xff, 
	0xff, 0xff, 0xff, 0xff, 0xff, 0xff, 0xff, 0xff, 0xc0, 0x1f, 0xff, 0xff, 0xff, 0xff, 0xff, 0xff, 
	0xff, 0xff, 0xff, 0x80, 0x3f, 0xff, 0xff, 0xff, 0xff, 0xff, 0xff, 0xff, 0xff, 0xff, 0xff, 0xff, 
	0xff, 0xf0, 0xff, 0xff, 0xff, 0xff, 0xff, 0xff, 0xff, 0xff, 0xff, 0xff, 0xff, 0xff, 0xc0, 0x1f, 
	0xff, 0xff, 0xff, 0xff, 0xff, 0xff, 0xff, 0xff, 0xff, 0x80, 0x3f, 0xff, 0xff, 0xff, 0xff, 0xff, 
	0xff, 0xff, 0xff, 0xff, 0xff, 0xff, 0xff, 0xf0, 0xff, 0xff, 0xff, 0xff, 0xff, 0xff, 0xff, 0xff, 
	0xff, 0xff, 0xff, 0xff, 0xc0, 0x1f, 0xff, 0xff, 0xff, 0xff, 0xff, 0xff, 0xff, 0xff, 0xff, 0x80, 
	0x3f, 0xff, 0xff, 0xff, 0xff, 0xff, 0xff, 0xff, 0xff, 0xff, 0xff, 0xff, 0xff, 0xf0, 0xff, 0xff, 
	0xff, 0xff, 0xff, 0xff, 0xff, 0xff, 0xff, 0xff, 0xff, 0xff, 0xe0, 0x1f, 0xff, 0xff, 0xff, 0xff, 
	0xff, 0xff, 0xff, 0xff, 0xff, 0x80, 0x3f, 0xff, 0xff, 0xff, 0xff, 0xff, 0xff, 0xff, 0xff, 0xff, 
	0xff, 0xff, 0xff, 0xf0, 0xff, 0xff, 0xff, 0xff, 0xff, 0xff, 0xff, 0xff, 0xff, 0xff, 0xff, 0xff, 
	0xe0, 0x0f, 0xff, 0xff, 0xff, 0xff, 0xff, 0xff, 0xff, 0xff, 0xff, 0x80, 0x3f, 0xff, 0xff, 0xff, 
	0xff, 0xff, 0xff, 0xff, 0xff, 0xff, 0xff, 0xff, 0xff, 0xf0, 0xff, 0xff, 0xff, 0xff, 0xff, 0xff, 
	0xff, 0xff, 0xff, 0xff, 0xff, 0xff, 0xe0, 0x0f, 0xff, 0xff, 0xff, 0xff, 0xff, 0xff, 0xff, 0xff, 
	0xff, 0x80, 0x3f, 0xff, 0xff, 0xff, 0xff, 0xff, 0xff, 0xff, 0xff, 0xff, 0xff, 0xff, 0xff, 0xf0, 
	0xff, 0xff, 0xff, 0xff, 0xff, 0xff, 0xff, 0xff, 0xff, 0xff, 0xff, 0xff, 0xe0, 0x0f, 0xff, 0xff, 
	0xff, 0xff, 0xff, 0xff, 0xff, 0xff, 0xff, 0xc0, 0x3f, 0xff, 0xff, 0xff, 0xff, 0xff, 0xff, 0xff, 
	0xff, 0xff, 0xff, 0xff, 0xff, 0xf0, 0xff, 0xff, 0xff, 0xff, 0xff, 0xff, 0xff, 0xff, 0xff, 0xff, 
	0xff, 0xff, 0xe0, 0x0f, 0xff, 0xff, 0xff, 0xff, 0xff, 0xff, 0xff, 0xff, 0xff, 0xc0, 0x1f, 0xff, 
	0xff, 0xff, 0xff, 0xff, 0xff, 0xff, 0xff, 0xff, 0xff, 0xff, 0xff, 0xf0, 0xff, 0xff, 0xff, 0xff, 
	0xff, 0xff, 0xff, 0xff, 0xff, 0xff, 0xff, 0xff, 0xe0, 0x0f, 0xff, 0xff, 0xff, 0xff, 0xff, 0xff, 
	0xff, 0xff, 0xff, 0xc0, 0x1f, 0xff, 0xff, 0xff, 0xff, 0xff, 0xff, 0xff, 0xff, 0xff, 0xff, 0xff, 
	0xff, 0xf0, 0xff, 0xff, 0xff, 0xff, 0xff, 0xff, 0xff, 0xff, 0xff, 0xff, 0xff, 0xff, 0xe0, 0x0f, 
	0xff, 0xff, 0xff, 0xff, 0xff, 0xff, 0xff, 0xff, 0xff, 0xc0, 0x1f, 0xff, 0xff, 0xff, 0xff, 0xff, 
	0xff, 0xff, 0xff, 0xff, 0xff, 0xff, 0xff, 0xf0, 0xff, 0xff, 0xff, 0xff, 0xff, 0xff, 0xff, 0xff, 
	0xff, 0xff, 0xff, 0xff, 0xe0, 0x0f, 0xff, 0xff, 0xff, 0xff, 0xff, 0xff, 0xff, 0xff, 0xff, 0xc0, 
	0x1f, 0xff, 0xff, 0xff, 0xff, 0xff, 0xff, 0xff, 0xff, 0xff, 0xff, 0xff, 0xff, 0xf0, 0xff, 0xff, 
	0xff, 0xff, 0xff, 0xff, 0xff, 0xff, 0xff, 0xff, 0xff, 0xff, 0xe0, 0x0f, 0xff, 0xff, 0xff, 0xff, 
	0xff, 0xff, 0xff, 0xff, 0xff, 0xc0, 0x1f, 0xff, 0xff, 0xff, 0xff, 0xff, 0xff, 0xff, 0xff, 0xff, 
	0xff, 0xff, 0xff, 0xf0, 0xff, 0xff, 0xff, 0xff, 0xff, 0xff, 0xff, 0xff, 0xff, 0xff, 0xff, 0xff, 
	0xe0, 0x0f, 0xff, 0xff, 0xff, 0xff, 0xff, 0xff, 0xff, 0xff, 0xff, 0xc0, 0x1f, 0xff, 0xff, 0xff, 
	0xff, 0xff, 0xff, 0xff, 0xff, 0xff, 0xff, 0xff, 0xff, 0xf0, 0xff, 0xff, 0xff, 0xff, 0xff, 0xff, 
	0xff, 0xff, 0xff, 0xff, 0xff, 0xff, 0xe0, 0x0f, 0xff, 0xff, 0xff, 0xff, 0xff, 0xff, 0xff, 0xff, 
	0xff, 0xc0, 0x1f, 0xff, 0xff, 0xff, 0xff, 0xff, 0xff, 0xff, 0xff, 0xff, 0xff, 0xff, 0xff, 0xf0, 
	0xff, 0xff, 0xff, 0xff, 0xff, 0xff, 0xff, 0xff, 0xff, 0xff, 0xff, 0xff, 0xf0, 0x0f, 0xff, 0xff, 
	0xff, 0xff, 0xff, 0xff, 0xff, 0xff, 0xff, 0xc0, 0x1f, 0xff, 0xff, 0xff, 0xff, 0xff, 0xff, 0xff, 
	0xff, 0xff, 0xff, 0xff, 0xff, 0xf0, 0xff, 0xff, 0xff, 0xff, 0xff, 0xff, 0xff, 0xff, 0xff, 0xff, 
	0xff, 0xff, 0xf0, 0x0f, 0xff, 0xff, 0xff, 0xff, 0xff, 0xff, 0xff, 0xff, 0xff, 0xc0, 0x1f, 0xff, 
	0xff, 0xff, 0xff, 0xff, 0xff, 0xff, 0xff, 0xff, 0xff, 0xff, 0xff, 0xf0, 0xff, 0xff, 0xff, 0xff, 
	0xff, 0xff, 0xff, 0xff, 0xff, 0xff, 0xff, 0xff, 0xf0, 0x07, 0xff, 0xff, 0xff, 0xff, 0xff, 0xff, 
	0xff, 0xff, 0xff, 0xc0, 0x1f, 0xff, 0xff, 0xff, 0xff, 0xff, 0xff, 0xff, 0xff, 0xff, 0xff, 0xff, 
	0xff, 0xf0, 0xff, 0xff, 0xff, 0xff, 0xff, 0xff, 0xff, 0xff, 0xff, 0xff, 0xff, 0xff, 0xf0, 0x07, 
	0xff, 0xff, 0xff, 0xff, 0xff, 0xff, 0xff, 0xff, 0xff, 0xe0, 0x1f, 0xff, 0xff, 0xff, 0xff, 0xff, 
	0xff, 0xff, 0xff, 0xff, 0xff, 0xff, 0xff, 0xf0, 0xff, 0xff, 0xff, 0xff, 0xff, 0xff, 0xff, 0xff, 
	0xff, 0xff, 0xff, 0xff, 0xf0, 0x07, 0xff, 0xff, 0xff, 0xff, 0xff, 0xff, 0xff, 0xff, 0xff, 0xe0, 
	0x1f, 0xff, 0xff, 0xff, 0xff, 0xff, 0xff, 0xff, 0xff, 0xff, 0xff, 0xff, 0xff, 0xf0, 0xff, 0xff, 
	0xff, 0xff, 0xff, 0xff, 0xff, 0xff, 0xff, 0xff, 0xff, 0xff, 0xf0, 0x07, 0xff, 0xff, 0xff, 0xff, 
	0xff, 0xff, 0xff, 0xff, 0xff, 0xe0, 0x0f, 0xff, 0xff, 0xff, 0xff, 0xff, 0xff, 0xff, 0xff, 0xff, 
	0xff, 0xff, 0xff, 0xf0, 0xff, 0xff, 0xff, 0xff, 0xff, 0xff, 0xff, 0xff, 0xff, 0xff, 0xff, 0xff, 
	0xf0, 0x07, 0xff, 0xff, 0xff, 0xff, 0xff, 0xff, 0xff, 0xff, 0xff, 0xe0, 0x0f, 0xff, 0xff, 0xff, 
	0xff, 0xff, 0xff, 0xff, 0xff, 0xff, 0xff, 0xff, 0xff, 0xf0, 0xff, 0xff, 0xff, 0xff, 0xff, 0xff, 
	0xff, 0xff, 0xff, 0xff, 0xff, 0xff, 0xf0, 0x07, 0xff, 0xff, 0xff, 0xff, 0xff, 0xff, 0xff, 0xff, 
	0xff, 0xe0, 0x0f, 0xff, 0xff, 0xff, 0xff, 0xff, 0xff, 0xff, 0xff, 0xff, 0xff, 0xff, 0xff, 0xf0, 
	0xff, 0xff, 0xff, 0xff, 0xff, 0xff, 0xff, 0xff, 0xff, 0xff, 0xff, 0xff, 0xf0, 0x07, 0xff, 0xff, 
	0xff, 0xff, 0xff, 0xff, 0xff, 0xff, 0xff, 0xe0, 0x00, 0x01, 0xff, 0xff, 0xff, 0xff, 0xff, 0xff, 
	0xff, 0xff, 0xff, 0xff, 0xff, 0xf0, 0xff, 0xff, 0xff, 0xff, 0xff, 0xff, 0xff, 0xff, 0xff, 0xff, 
	0xff, 0xff, 0xf0, 0x07, 0xff, 0xff, 0xff, 0xff, 0xff, 0xff, 0xff, 0xff, 0xfe, 0x00, 0x00, 0x00, 
	0xff, 0xff, 0xff, 0xff, 0xff, 0xff, 0xff, 0xff, 0xff, 0xff, 0xff, 0xf0, 0xff, 0xff, 0xff, 0xff, 
	0xff, 0xff, 0xff, 0xff, 0xff, 0xff, 0xff, 0xff, 0xf0, 0x07, 0xff, 0xff, 0xff, 0xff, 0xff, 0xff, 
	0xff, 0xf0, 0x00, 0x00, 0x00, 0x00, 0xff, 0xff, 0xff, 0xff, 0xff, 0xff, 0xff, 0xff, 0xff, 0xff, 
	0xff, 0xf0, 0xff, 0xff, 0xff, 0xff, 0xff, 0xff, 0xff, 0xff, 0xff, 0xff, 0xff, 0xff, 0xf0, 0x07, 
	0xff, 0xff, 0xff, 0xff, 0xff, 0xff, 0x80, 0x00, 0x00, 0x00, 0x00, 0x00, 0x7f, 0xff, 0xff, 0xff, 
	0xff, 0xff, 0xff, 0xff, 0xff, 0xff, 0xff, 0xf0, 0xff, 0xff, 0xff, 0xff, 0xff, 0xff, 0xff, 0xff, 
	0xff, 0xff, 0xff, 0xff, 0xf8, 0x07, 0xff, 0xff, 0xff, 0xff, 0xf8, 0x00, 0x00, 0x00, 0x00, 0x00, 
	0x00, 0x00, 0x7f, 0xff, 0xff, 0xff, 0xff, 0xff, 0xff, 0xff, 0xff, 0xff, 0xff, 0xf0, 0xff, 0xff, 
	0xff, 0xff, 0xff, 0xff, 0xff, 0xff, 0xff, 0xff, 0xff, 0xff, 0xf8, 0x03, 0xff, 0xff, 0xff, 0xc0, 
	0x00, 0x00, 0x00, 0x00, 0x00, 0x00, 0x00, 0x00, 0x7f, 0xff, 0xff, 0xff, 0xff, 0xff, 0xff, 0xff, 
	0xff, 0xff, 0xff, 0xf0, 0xff, 0xff, 0xff, 0xff, 0xff, 0xff, 0xff, 0xff, 0xff, 0xff, 0xff, 0xff, 
	0xf8, 0x03, 0xff, 0xfc, 0x00, 0x00, 0x00, 0x00, 0x00, 0x00, 0x00, 0x00, 0x00, 0x00, 0x7f, 0xff, 
	0xff, 0xff, 0xff, 0xff, 0xff, 0xff, 0xff, 0xff, 0xff, 0xf0, 0xff, 0xff, 0xff, 0xff, 0xff, 0xff, 
	0xff, 0xff, 0xff, 0xff, 0xff, 0xff, 0xf8, 0x03, 0xe0, 0x00, 0x00, 0x00, 0x00, 0x00, 0x00, 0x00, 
	0x00, 0x00, 0x00, 0x00, 0x7f, 0xff, 0xff, 0xff, 0xff, 0xff, 0xff, 0xff, 0xff, 0xff, 0xff, 0xf0, 
	0xff, 0xff, 0xff, 0xff, 0xff, 0xff, 0xff, 0xff, 0xff, 0xff, 0xff, 0xff, 0xf8, 0x00, 0x00, 0x00, 
	0x00, 0x00, 0x00, 0x00, 0x00, 0x00, 0x00, 0x00, 0x00, 0x00, 0x7f, 0xff, 0xff, 0xff, 0xff, 0xff, 
	0xff, 0xff, 0xff, 0xff, 0xff, 0xf0, 0xff, 0xff, 0xff, 0xff, 0xff, 0xff, 0xff, 0xff, 0xff, 0xff, 
	0xff, 0xf8, 0x00, 0x00, 0x00, 0x00, 0x00, 0x00, 0x00, 0x00, 0x00, 0x00, 0x00, 0x00, 0xff, 0x00, 
	0x7f, 0xff, 0xff, 0xff, 0xff, 0xff, 0xff, 0xff, 0xff, 0xff, 0xff, 0xf0, 0xff, 0xff, 0xff, 0xff, 
	0xff, 0xff, 0xff, 0xff, 0xff, 0xff, 0xff, 0xe0, 0x00, 0x00, 0x00, 0x00, 0x00, 0x00, 0x00, 0x00, 
	0x00, 0x00, 0x07, 0xff, 0xff, 0x80, 0x7f, 0xff, 0xff, 0xff, 0xff, 0xff, 0xff, 0xff, 0xff, 0xff, 
	0xff, 0xf0, 0xff, 0xff, 0xff, 0xff, 0xff, 0xff, 0xff, 0xff, 0xff, 0xff, 0xff, 0xc0, 0x00, 0x00, 
	0x00, 0x00, 0x00, 0x00, 0x00, 0x00, 0x00, 0x3f, 0xff, 0xff, 0xff, 0x80, 0x7f, 0xff, 0xff, 0xff, 
	0xff, 0xff, 0xff, 0xff, 0xff, 0xff, 0xff, 0xf0, 0xff, 0xff, 0xff, 0xff, 0xff, 0xff, 0xff, 0xff, 
	0xff, 0xff, 0xff, 0x80, 0x00, 0x00, 0x00, 0x00, 0x00, 0x00, 0x00, 0x03, 0xff, 0xff, 0xff, 0xff, 
	0xff, 0x80, 0x7f, 0xff, 0xff, 0xff, 0xff, 0xff, 0xff, 0xff, 0xff, 0xff, 0xff, 0xf0, 0xff, 0xff, 
	0xff, 0xff, 0xff, 0xff, 0xff, 0xff, 0xff, 0xff, 0xff, 0x80, 0x00, 0x00, 0x00, 0x00, 0x00, 0x00, 
	0x1f, 0xff, 0xff, 0xff, 0xff, 0xff, 0xff, 0x80, 0x3f, 0xff, 0xff, 0xff, 0xff, 0xff, 0xff, 0xff, 
	0xff, 0xff, 0xff, 0xf0, 0xff, 0xff, 0xff, 0xff, 0xff, 0xff, 0xff, 0xff, 0xff, 0xff, 0xff, 0x80, 
	0x00, 0x00, 0x00, 0x00, 0x00, 0xff, 0xff, 0xff, 0xff, 0xff, 0xff, 0xff, 0xff, 0x80, 0x3f, 0xff, 
	0xff, 0xff, 0xff, 0xff, 0xff, 0xff, 0xff, 0xff, 0xff, 0xf0, 0xff, 0xff, 0xff, 0xff, 0xff, 0xff, 
	0xff, 0xff, 0xff, 0xff, 0xff, 0x80, 0x00, 0x00, 0x00, 0x0f, 0xff, 0xff, 0xff, 0xff, 0xff, 0xff, 
	0xff, 0xff, 0xff, 0x80, 0x3f, 0xff, 0xff, 0xff, 0xff, 0xff, 0xff, 0xff, 0xff, 0xff, 0xff, 0xf0, 
	0xff, 0xff, 0xff, 0xff, 0xff, 0xff, 0xff, 0xff, 0xff, 0xff, 0xff, 0x80, 0x00, 0x00, 0x7f, 0xff, 
	0xff, 0xff, 0xff, 0xff, 0xff, 0xff, 0xff, 0xff, 0xff, 0x80, 0x3f, 0xff, 0xff, 0xff, 0xff, 0xff, 
	0xff, 0xff, 0xff, 0xff, 0xff, 0xf0, 0xff, 0xff, 0xff, 0xff, 0xff, 0xff, 0xff, 0xff, 0xff, 0xff, 
	0xff, 0x80, 0x07, 0xff, 0xff, 0xff, 0xff, 0xff, 0xff, 0xff, 0xff, 0xff, 0xff, 0xff, 0xff, 0x80, 
	0x3f, 0xff, 0xff, 0xff, 0xff, 0xff, 0xff, 0xff, 0xff, 0xff, 0xff, 0xf0, 0xff, 0xff, 0xff, 0xff, 
	0xff, 0xff, 0xff, 0xff, 0xff, 0xff, 0xff, 0x80, 0x3f, 0xff, 0xff, 0xff, 0xff, 0xff, 0xff, 0xff, 
	0xff, 0xff, 0xff, 0xff, 0xff, 0x80, 0x3f, 0xff, 0xff, 0xff, 0xff, 0xff, 0xff, 0xff, 0xff, 0xff, 
	0xff, 0xf0, 0xff, 0xff, 0xff, 0xff, 0xff, 0xff, 0xff, 0xff, 0xff, 0xff, 0xff, 0x80, 0x3f, 0xff, 
	0xff, 0xff, 0xff, 0xff, 0xff, 0xff, 0xff, 0xff, 0xff, 0xff, 0xff, 0x80, 0x3f, 0xff, 0xff, 0xff, 
	0xff, 0xff, 0xff, 0xff, 0xff, 0xff, 0xff, 0xf0, 0xff, 0xff, 0xff, 0xff, 0xff, 0xff, 0xff, 0xff, 
	0xff, 0xff, 0xff, 0x80, 0x3f, 0xff, 0xff, 0xff, 0xff, 0xff, 0xff, 0xff, 0xff, 0xff, 0xff, 0xff, 
	0xff, 0x80, 0x3f, 0xff, 0xff, 0xff, 0xff, 0xff, 0xff, 0xff, 0xff, 0xff, 0xff, 0xf0, 0xff, 0xff, 
	0xff, 0xff, 0xff, 0xff, 0xff, 0xff, 0xff, 0xff, 0xff, 0x80, 0x3f, 0xff, 0xff, 0xff, 0xff, 0xff, 
	0xff, 0xff, 0xff, 0xff, 0xff, 0xff, 0xff, 0x80, 0x3f, 0xff, 0xff, 0xff, 0xff, 0xff, 0xff, 0xff, 
	0xff, 0xff, 0xff, 0xf0, 0xff, 0xff, 0xff, 0xff, 0xff, 0xff, 0xff, 0xff, 0xff, 0xff, 0xff, 0xc0, 
	0x3f, 0xff, 0xff, 0xff, 0xff, 0xff, 0xff, 0xff, 0xff, 0xff, 0xff, 0xff, 0xff, 0x80, 0x3f, 0xff, 
	0xff, 0xff, 0xff, 0xff, 0xff, 0xff, 0xff, 0xff, 0xff, 0xf0, 0xff, 0xff, 0xff, 0xff, 0xff, 0xff, 
	0xff, 0xff, 0xff, 0xff, 0xff, 0xc0, 0x3f, 0xff, 0xff, 0xff, 0xff, 0xff, 0xff, 0xff, 0xff, 0xff, 
	0xff, 0xff, 0xff, 0x80, 0x3f, 0xff, 0xff, 0xff, 0xff, 0xff, 0xff, 0xff, 0xff, 0xff, 0xff, 0xf0, 
	0xff, 0xff, 0xff, 0xff, 0xff, 0xff, 0xff, 0xff, 0xff, 0xff, 0xff, 0xc0, 0x3f, 0xff, 0xff, 0xff, 
	0xff, 0xff, 0xff, 0xff, 0xff, 0xff, 0xff, 0xff, 0xff, 0xc0, 0x3f, 0xff, 0xff, 0xff, 0xff, 0xff, 
	0xff, 0xff, 0xff, 0xff, 0xff, 0xf0, 0xff, 0xff, 0xff, 0xff, 0xff, 0xff, 0xff, 0xff, 0xff, 0xff, 
	0xff, 0xc0, 0x3f, 0xff, 0xff, 0xff, 0xff, 0xff, 0xff, 0xff, 0xff, 0xff, 0xff, 0xff, 0xff, 0xc0, 
	0x3f, 0xff, 0xff, 0xff, 0xff, 0xff, 0xff, 0xff, 0xff, 0xff, 0xff, 0xf0, 0xff, 0xff, 0xff, 0xff, 
	0xff, 0xff, 0xff, 0xff, 0xff, 0xff, 0xff, 0xc0, 0x1f, 0xff, 0xff, 0xff, 0xff, 0xff, 0xff, 0xff, 
	0xff, 0xff, 0xff, 0xff, 0xff, 0xc0, 0x3f, 0xff, 0xff, 0xff, 0xff, 0xff, 0xff, 0xff, 0xff, 0xff, 
	0xff, 0xf0, 0xff, 0xff, 0xff, 0xff, 0xff, 0xff, 0xff, 0xff, 0xff, 0xff, 0xff, 0xc0, 0x1f, 0xff, 
	0xff, 0xff, 0xff, 0xff, 0xff, 0xff, 0xff, 0xff, 0xff, 0xff, 0xf8, 0x00, 0x3f, 0xff, 0xff, 0xff, 
	0xff, 0xff, 0xff, 0xff, 0xff, 0xff, 0xff, 0xf0, 0xff, 0xff, 0xff, 0xff, 0xff, 0xff, 0xff, 0xff, 
	0xff, 0xff, 0xff, 0xc0, 0x1f, 0xff, 0xff, 0xff, 0xff, 0xff, 0xff, 0xff, 0xff, 0xff, 0xff, 0x80, 
	0x00, 0x00, 0x1f, 0xff, 0xff, 0xff, 0xff, 0xff, 0xff, 0xff, 0xff, 0xff, 0xff, 0xf0, 0xff, 0xff, 
	0xff, 0xff, 0xff, 0xff, 0xff, 0xff, 0xff, 0xff, 0xff, 0xc0, 0x1f, 0xff, 0xff, 0xff, 0xff, 0xff, 
	0xff, 0xff, 0xff, 0xfc, 0x00, 0x00, 0x00, 0x00, 0x1f, 0xff, 0xff, 0xff, 0xff, 0xff, 0xff, 0xff, 
	0xff, 0xff, 0xff, 0xf0, 0xff, 0xff, 0xff, 0xff, 0xff, 0xff, 0xff, 0xff, 0xff, 0xff, 0xff, 0xc0, 
	0x1f, 0xff, 0xff, 0xff, 0xff, 0xff, 0xff, 0xff, 0xe0, 0x00, 0x00, 0x00, 0x00, 0x00, 0x1f, 0xff, 
	0xff, 0xff, 0xff, 0xff, 0xff, 0xff, 0xff, 0xff, 0xff, 0xf0, 0xff, 0xff, 0xff, 0xff, 0xff, 0xff, 
	0xff, 0xff, 0xff, 0xff, 0xff, 0xc0, 0x1f, 0xff, 0xff, 0xff, 0xff, 0xff, 0xfe, 0x00, 0x00, 0x00, 
	0x00, 0x00, 0x00, 0x00, 0x1f, 0xff, 0xff, 0xff, 0xff, 0xff, 0xff, 0xff, 0xff, 0xff, 0xff, 0xf0, 
	0xff, 0xff, 0xff, 0xff, 0xff, 0xff, 0xff, 0xff, 0xff, 0xff, 0xff, 0xc0, 0x1f, 0xff, 0xff, 0xff, 
	0xff, 0xf0, 0x00, 0x00, 0x00, 0x00, 0x00, 0x00, 0x00, 0x00, 0x3f, 0xff, 0xff, 0xff, 0xff, 0xff, 
	0xff, 0xff, 0xff, 0xff, 0xff, 0xf0, 0xff, 0xff, 0xff, 0xff, 0xff, 0xff, 0xff, 0xff, 0xff, 0xff, 
	0xff, 0xc0, 0x1f, 0xff, 0xff, 0xff, 0x80, 0x00, 0x00, 0x00, 0x00, 0x00, 0x00, 0x00, 0x00, 0x00, 
	0x3f, 0xff, 0xff, 0xff, 0xff, 0xff, 0xff, 0xff, 0xff, 0xff, 0xff, 0xf0, 0xff, 0xff, 0xff, 0xff, 
	0xff, 0xff, 0xff, 0xff, 0xff, 0xff, 0xff, 0xc0, 0x1f, 0xff, 0xfc, 0x00, 0x00, 0x00, 0x00, 0x00, 
	0x00, 0x00, 0x00, 0x00, 0x00, 0x00, 0x7f, 0xff, 0xff, 0xff, 0xff, 0xff, 0xff, 0xff, 0xff, 0xff, 
	0xff, 0xf0, 0xff, 0xff, 0xff, 0xff, 0xff, 0xff, 0xff, 0xff, 0xff, 0xff, 0xff, 0xc0, 0x1f, 0xc0, 
	0x00, 0x00, 0x00, 0x00, 0x00, 0x00, 0x00, 0x00, 0x00, 0x00, 0x00, 0x03, 0xff, 0xff, 0xff, 0xff, 
	0xff, 0xff, 0xff, 0xff, 0xff, 0xff, 0xff, 0xf0, 0xff, 0xff, 0xff, 0xff, 0xff, 0xff, 0xff, 0xff, 
	0xff, 0xff, 0xff, 0xc0, 0x00, 0x00, 0x00, 0x00, 0x00, 0x00, 0x00, 0x00, 0x00, 0x00, 0x00, 0x00, 
	0x3f, 0xff, 0xff, 0xff, 0xff, 0xff, 0xff, 0xff, 0xff, 0xff, 0xff, 0xff, 0xff, 0xf0, 0xff, 0xff, 
	0xff, 0xff, 0xff, 0xff, 0xff, 0xff, 0xff, 0xff, 0xff, 0xe0, 0x00, 0x00, 0x00, 0x00, 0x00, 0x00, 
	0x00, 0x00, 0x00, 0x00, 0x01, 0xff, 0xff, 0xff, 0xff, 0xff, 0xff, 0xff, 0xff, 0xff, 0xff, 0xff, 
	0xff, 0xff, 0xff, 0xf0, 0xff, 0xff, 0xff, 0xff, 0xff, 0xff, 0xff, 0xff, 0xff, 0xff, 0xff, 0xe0, 
	0x00, 0x00, 0x00, 0x00, 0x00, 0x00, 0x00, 0x00, 0x00, 0x07, 0xff, 0xff, 0xff, 0xff, 0xff, 0xff, 
	0xff, 0xff, 0xff, 0xff, 0xff, 0xff, 0xff, 0xff, 0xff, 0xf0, 0xff, 0xff, 0xff, 0xff, 0xff, 0xff, 
	0xff, 0xff, 0xff, 0xff, 0xff, 0xe0, 0x00, 0x00, 0x00, 0x00, 0x00, 0x00, 0x00, 0x00, 0xf0, 0x07, 
	0xff, 0xff, 0xff, 0xff, 0xff, 0xff, 0xff, 0xff, 0xff, 0xff, 0xff, 0xff, 0xff, 0xff, 0xff, 0xf0, 
	0xff, 0xff, 0xff, 0xff, 0xff, 0xff, 0xff, 0xff, 0xff, 0xff, 0xff, 0xe0, 0x00, 0x00, 0x00, 0x00, 
	0x00, 0x00, 0x07, 0xff, 0xf0, 0x07, 0xff, 0xff, 0xff, 0xff, 0xff, 0xff, 0xff, 0xff, 0xff, 0xff, 
	0xff, 0xff, 0xff, 0xff, 0xff, 0xf0, 0xff, 0xff, 0xff, 0xff, 0xff, 0xff, 0xff, 0xff, 0xff, 0xff, 
	0xff, 0xe0, 0x00, 0x00, 0x00, 0x00, 0x00, 0x3f, 0xff, 0xff, 0xf0, 0x07, 0xff, 0xff, 0xff, 0xff, 
	0xff, 0xff, 0xff, 0xff, 0xff, 0xff, 0xff, 0xff, 0xff, 0xff, 0xff, 0xf0, 0xff, 0xff, 0xff, 0xff, 
	0xff, 0xff, 0xff, 0xff, 0xff, 0xff, 0xff, 0xe0, 0x00, 0x00, 0x00, 0x02, 0x00, 0x7f, 0xff, 0xff, 
	0xf8, 0x07, 0xff, 0xff, 0xff, 0xff, 0xff, 0xff, 0xff, 0xff, 0xff, 0xff, 0xff, 0xff, 0xff, 0xff, 
	0xff, 0xf0, 0xff, 0xff, 0xff, 0xff, 0xff, 0xff, 0xff, 0xff, 0xff, 0xff, 0xff, 0xf0, 0x00, 0x00, 
	0x1f, 0xff, 0x00, 0x7f, 0xff, 0xff, 0xf8, 0x07, 0xff, 0xff, 0xff, 0xff, 0xff, 0xff, 0xff, 0xff, 
	0xff, 0xff, 0xff, 0xff, 0xff, 0xff, 0xff, 0xf0, 0xff, 0xff, 0xff, 0xff, 0xff, 0xff, 0xff, 0xff, 
	0xff, 0xff, 0xff, 0xf8, 0x01, 0xff, 0xff, 0xff, 0x00, 0x7f, 0xff, 0xff, 0xf8, 0x03, 0xff, 0xff, 
	0xff, 0xff, 0xff, 0xff, 0xff, 0xff, 0xff, 0xff, 0xff, 0xff, 0xff, 0xff, 0xff, 0xf0, 0xff, 0xff, 
	0xff, 0xff, 0xff, 0xff, 0xff, 0xff, 0xff, 0xff, 0xff, 0xff, 0xff, 0xff, 0xff, 0xff, 0x00, 0x7f, 
	0xff, 0xff, 0xf8, 0x03, 0xff, 0xff, 0xff, 0xff, 0xff, 0xff, 0xff, 0xff, 0xff, 0xff, 0xff, 0xff, 
	0xff, 0xff, 0xff, 0xf0, 0xff, 0xff, 0xff, 0xff, 0xff, 0xff, 0xff, 0xff, 0xff, 0xff, 0xff, 0xff, 
	0xff, 0xff, 0xff, 0xff, 0x00, 0x7f, 0xff, 0xff, 0xf8, 0x03, 0xff, 0xff, 0xff, 0xff, 0xff, 0xff, 
	0xff, 0xff, 0xff, 0xff, 0xff, 0xff, 0xff, 0xff, 0xff, 0xf0, 0xff, 0xff, 0xff, 0xff, 0xff, 0xff, 
	0xff, 0xff, 0xff, 0xff, 0xff, 0xff, 0xff, 0xff, 0xff, 0xff, 0x00, 0x7f, 0xff, 0xff, 0xf8, 0x03, 
	0xff, 0xff, 0xff, 0xff, 0xff, 0xff, 0xff, 0xff, 0xff, 0xff, 0xff, 0xff, 0xff, 0xff, 0xff, 0xf0, 
	0xff, 0xff, 0xff, 0xff, 0xff, 0xff, 0xff, 0xff, 0xff, 0xff, 0xff, 0xff, 0xff, 0xff, 0xff, 0xff, 
	0x00, 0x7f, 0xff, 0xff, 0xf8, 0x03, 0xff, 0xff, 0xff, 0xff, 0xff, 0xff, 0xff, 0xff, 0xff, 0xff, 
	0xff, 0xff, 0xff, 0xff, 0xff, 0xf0, 0xff, 0xff, 0xff, 0xff, 0xff, 0xff, 0xff, 0xff, 0xff, 0xff, 
	0xff, 0xff, 0xff, 0xff, 0xff, 0xff, 0x00, 0x7f, 0xff, 0xff, 0xf8, 0x03, 0xff, 0xff, 0xff, 0xff, 
	0xff, 0xff, 0xff, 0xff, 0xff, 0xff, 0xff, 0xff, 0xff, 0xff, 0xff, 0xf0, 0xff, 0xff, 0xff, 0xff, 
	0xff, 0xff, 0xff, 0xff, 0xff, 0xff, 0xff, 0xff, 0xff, 0xff, 0xff, 0xff, 0x00, 0x7f, 0xff, 0xff, 
	0xf8, 0x03, 0xff, 0xff, 0xff, 0xff, 0xff, 0xff, 0xff, 0xff, 0xff, 0xff, 0xff, 0xff, 0xff, 0xff, 
	0xff, 0xf0, 0xff, 0xff, 0xff, 0xff, 0xff, 0xff, 0xff, 0xff, 0xff, 0xff, 0xff, 0xff, 0xff, 0xff, 
	0xff, 0xff, 0x80, 0x7f, 0xff, 0xff, 0xf8, 0x03, 0xff, 0xff, 0xff, 0xff, 0xff, 0xff, 0xff, 0xff, 
	0xff, 0xff, 0xff, 0xff, 0xff, 0xff, 0xff, 0xf0, 0xff, 0xff, 0xff, 0xff, 0xff, 0xff, 0xff, 0xff, 
	0xff, 0xff, 0xff, 0xff, 0xff, 0xff, 0xff, 0xff, 0x80, 0x7f, 0xff, 0xff, 0xf8, 0x03, 0xff, 0xff, 
	0xff, 0xff, 0xff, 0xff, 0xff, 0xff, 0xff, 0xff, 0xff, 0xff, 0xff, 0xff, 0xff, 0xf0, 0xff, 0xff, 
	0xff, 0xff, 0xff, 0xff, 0xff, 0xff, 0xff, 0xff, 0xff, 0xff, 0xff, 0xff, 0xff, 0xff, 0x80, 0x3f, 
	0xff, 0xff, 0xfc, 0x03, 0xff, 0xff, 0xff, 0xff, 0xff, 0xff, 0xff, 0xff, 0xff, 0xff, 0xff, 0xff, 
	0xff, 0xff, 0xff, 0xf0, 0xff, 0xff, 0xff, 0xff, 0xff, 0xff, 0xff, 0xff, 0xff, 0xff, 0xff, 0xff, 
	0xff, 0xff, 0xff, 0xff, 0x80, 0x3f, 0xff, 0xff, 0xfc, 0x03, 0xff, 0xff, 0xff, 0xff, 0xff, 0xff, 
	0xff, 0xff, 0xff, 0xff, 0xff, 0xff, 0xff, 0xff, 0xff, 0xf0, 0xff, 0xff, 0xff, 0xff, 0xff, 0xff, 
	0xff, 0xff, 0xff, 0xff, 0xff, 0xff, 0xff, 0xff, 0xff, 0xff, 0x80, 0x3f, 0xff, 0xff, 0xfc, 0x01, 
	0xff, 0xff, 0xff, 0xff, 0xff, 0xff, 0xff, 0xff, 0xff, 0xff, 0xff, 0xff, 0xff, 0xff, 0xff, 0xf0, 
	0xff, 0xff, 0xff, 0xff, 0xff, 0xff, 0xff, 0xff, 0xff, 0xff, 0xff, 0xff, 0xff, 0xff, 0xff, 0xff, 
	0x80, 0x3f, 0xff, 0xff, 0xfc, 0x01, 0xff, 0xff, 0xff, 0xff, 0xff, 0xff, 0xff, 0xff, 0xff, 0xff, 
	0xff, 0xff, 0xff, 0xff, 0xff, 0xf0, 0xff, 0xff, 0xff, 0xff, 0xff, 0xff, 0xff, 0xff, 0xff, 0xff, 
	0xff, 0xff, 0xff, 0xff, 0xff, 0xff, 0x80, 0x3f, 0xff, 0xff, 0xfc, 0x01, 0xff, 0xff, 0xff, 0xff, 
	0xff, 0xff, 0xff, 0xff, 0xff, 0xff, 0xff, 0xff, 0xff, 0xff, 0xff, 0xf0, 0xff, 0xff, 0xff, 0xff, 
	0xff, 0xff, 0xff, 0xff, 0xff, 0xff, 0xff, 0xff, 0xff, 0xff, 0xff, 0xff, 0x80, 0x3f, 0xff, 0xff, 
	0xfc, 0x01, 0xff, 0xff, 0xff, 0xff, 0xff, 0xff, 0xff, 0xff, 0xff, 0xff, 0xff, 0xff, 0xff, 0xff, 
	0xff, 0xf0, 0xff, 0xff, 0xff, 0xff, 0xff, 0xff, 0xff, 0xff, 0xff, 0xff, 0xff, 0xff, 0xff, 0xff, 
	0xff, 0xff, 0x80, 0x3f, 0xff, 0xff, 0xfc, 0x01, 0xff, 0xff, 0xff, 0xff, 0xff, 0xff, 0xff, 0xff, 
	0xff, 0xff, 0xff, 0xff, 0xff, 0xff, 0xff, 0xf0, 0xff, 0xff, 0xff, 0xff, 0xff, 0xff, 0xff, 0xff, 
	0xff, 0xff, 0xff, 0xff, 0xff, 0xff, 0xff, 0xff, 0x80, 0x3f, 0xff, 0xff, 0xfc, 0x01, 0xff, 0xff, 
	0xff, 0xff, 0xff, 0xff, 0xff, 0xff, 0xff, 0xff, 0xff, 0xff, 0xff, 0xff, 0xff, 0xf0, 0xff, 0xff, 
	0xff, 0xff, 0xff, 0xff, 0xff, 0xff, 0xff, 0xff, 0xff, 0xff, 0xff, 0xff, 0xff, 0xff, 0x80, 0x3f, 
	0xff, 0xff, 0xfc, 0x01, 0xff, 0xff, 0xff, 0xff, 0xff, 0xff, 0xff, 0xff, 0xff, 0xff, 0xff, 0xff, 
	0xff, 0xff, 0xff, 0xf0, 0xff, 0xff, 0xff, 0xff, 0xff, 0xff, 0xff, 0xff, 0xff, 0xff, 0xff, 0xff, 
	0xff, 0xff, 0xff, 0xff, 0x80, 0x3f, 0xff, 0xff, 0xfc, 0x01, 0xff, 0xff, 0xff, 0xff, 0xff, 0xff, 
	0xff, 0xff, 0xff, 0xff, 0xff, 0xff, 0xff, 0xff, 0xff, 0xf0, 0xff, 0xff, 0xff, 0xff, 0xff, 0xff, 
	0xff, 0xff, 0xff, 0xff, 0xff, 0xff, 0xff, 0xff, 0xff, 0xff, 0xc0, 0x3f, 0xff, 0xff, 0xfc, 0x01, 
	0xff, 0xff, 0xff, 0xff, 0xff, 0xff, 0xff, 0xff, 0xff, 0xff, 0xff, 0xff, 0xff, 0xff, 0xff, 0xf0, 
	0xff, 0xff, 0xff, 0xff, 0xff, 0xff, 0xff, 0xff, 0xff, 0xff, 0xff, 0xff, 0xff, 0xff, 0xff, 0xff, 
	0xc0, 0x3f, 0xff, 0xff, 0xfe, 0x01, 0xff, 0xff, 0xff, 0xff, 0xff, 0xff, 0xff, 0xff, 0xff, 0xff, 
	0xff, 0xff, 0xff, 0xff, 0xff, 0xf0, 0xff, 0xff, 0xff, 0xff, 0xff, 0xff, 0xff, 0xff, 0xff, 0xff, 
	0xff, 0xff, 0xff, 0xff, 0xff, 0xff, 0xc0, 0x1f, 0xff, 0xff, 0xfe, 0x01, 0xff, 0xff, 0xff, 0xff, 
	0xff, 0xff, 0xff, 0xff, 0xff, 0xff, 0xff, 0xff, 0xff, 0xff, 0xff, 0xf0, 0xff, 0xff, 0xff, 0xff, 
	0xff, 0xff, 0xff, 0xff, 0xff, 0xff, 0xff, 0xff, 0xff, 0xff, 0xff, 0xff, 0xc0, 0x1f, 0xff, 0xff, 
	0xfe, 0x00, 0xff, 0xff, 0xff, 0xff, 0xff, 0xff, 0xff, 0xff, 0xff, 0xff, 0xff, 0xff, 0xff, 0xff, 
	0xff, 0xf0, 0xff, 0xff, 0xff, 0xff, 0xff, 0xff, 0xff, 0xff, 0xff, 0xff, 0xff, 0xff, 0xff, 0xff, 
	0xff, 0xff, 0xc0, 0x1f, 0xff, 0xff, 0xfe, 0x00, 0xff, 0xff, 0xff, 0xff, 0xff, 0xff, 0xff, 0xff, 
	0xff, 0xff, 0xff, 0xff, 0xff, 0xff, 0xff, 0xf0, 0xff, 0xff, 0xff, 0xff, 0xff, 0xff, 0xff, 0xff, 
	0xff, 0xff, 0xff, 0xff, 0xff, 0xff, 0xff, 0xff, 0xc0, 0x1f, 0xff, 0xff, 0xfe, 0x00, 0xff, 0xff, 
	0xff, 0xff, 0xff, 0xff, 0xff, 0xff, 0xff, 0xff, 0xff, 0xff, 0xff, 0xff, 0xff, 0xf0, 0xff, 0xff, 
	0xff, 0xff, 0xff, 0xff, 0xff, 0xff, 0xff, 0xff, 0xff, 0xff, 0xff, 0xff, 0xff, 0xff, 0xc0, 0x1f, 
	0xff, 0xff, 0xfe, 0x00, 0xff, 0xff, 0xff, 0xff, 0xff, 0xff, 0xff, 0xff, 0xff, 0xff, 0xff, 0xff, 
	0xff, 0xff, 0xff, 0xf0, 0xff, 0xff, 0xff, 0xff, 0xff, 0xff, 0xff, 0xff, 0xff, 0xff, 0xff, 0xff, 
	0xff, 0xff, 0xff, 0xff, 0xc0, 0x1f, 0xff, 0xff, 0xfe, 0x00, 0xff, 0xff, 0xff, 0xff, 0xff, 0xff, 
	0xff, 0xff, 0xff, 0xff, 0xff, 0xff, 0xff, 0xff, 0xff, 0xf0, 0xff, 0xff, 0xff, 0xff, 0xff, 0xff, 
	0xff, 0xff, 0xff, 0xff, 0xff, 0xff, 0xff, 0xff, 0xff, 0xff, 0xc0, 0x1f, 0xff, 0xff, 0xfe, 0x00, 
	0xff, 0xff, 0xff, 0xff, 0xff, 0xff, 0xff, 0xff, 0xff, 0xff, 0xff, 0xff, 0xff, 0xff, 0xff, 0xf0, 
	0xff, 0xff, 0xff, 0xff, 0xff, 0xff, 0xff, 0xff, 0xff, 0xff, 0xff, 0xff, 0xff, 0xff, 0xff, 0xff, 
	0xc0, 0x1f, 0xff, 0xff, 0xfe, 0x00, 0xff, 0xff, 0xff, 0xff, 0xff, 0xff, 0xff, 0xff, 0xff, 0xff, 
	0xff, 0xff, 0xff, 0xff, 0xff, 0xf0, 0xff, 0xff, 0xff, 0xff, 0xff, 0xff, 0xff, 0xff, 0xff, 0xff, 
	0xff, 0xff, 0xff, 0xff, 0xff, 0xff, 0xc0, 0x1f, 0xff, 0xff, 0xfe, 0x00, 0xff, 0xff, 0xff, 0xff, 
	0xff, 0xff, 0xff, 0xff, 0xff, 0xff, 0xff, 0xff, 0xff, 0xff, 0xff, 0xf0, 0xff, 0xff, 0xff, 0xff, 
	0xff, 0xff, 0xff, 0xff, 0xff, 0xff, 0xff, 0xff, 0xff, 0xff, 0xff, 0xff, 0xc0, 0x1f, 0xff, 0xff, 
	0xfe, 0x00, 0xff, 0xff, 0xff, 0xff, 0xff, 0xff, 0xff, 0xff, 0xff, 0xff, 0xff, 0xff, 0xff, 0xff, 
	0xff, 0xf0, 0xff, 0xff, 0xff, 0xff, 0xff, 0xff, 0xff, 0xff, 0xff, 0xff, 0xff, 0xff, 0xff, 0xff, 
	0xff, 0xff, 0xe0, 0x1f, 0xff, 0xff, 0xff, 0x00, 0xff, 0xff, 0xff, 0xff, 0xff, 0xff, 0xff, 0xff, 
	0xff, 0xff, 0xff, 0xff, 0xff, 0xff, 0xff, 0xf0, 0xff, 0xff, 0xff, 0xff, 0xff, 0xff, 0xff, 0xff, 
	0xff, 0xff, 0xff, 0xff, 0xff, 0xff, 0xff, 0xff, 0xe0, 0x1f, 0xff, 0xff, 0xff, 0x00, 0xff, 0xff, 
	0xff, 0xff, 0xff, 0xff, 0xff, 0xff, 0xff, 0xff, 0xff, 0xff, 0xff, 0xff, 0xff, 0xf0, 0xff, 0xff, 
	0xff, 0xff, 0xff, 0xff, 0xff, 0xff, 0xff, 0xff, 0xff, 0xff, 0xff, 0xff, 0xff, 0xff, 0xe0, 0x0f, 
	0xff, 0xff, 0xff, 0x00, 0x7f, 0xff, 0xff, 0xff, 0xff, 0xff, 0xff, 0xff, 0xff, 0xff, 0xff, 0xff, 
	0xff, 0xff, 0xff, 0xf0, 0xff, 0xff, 0xff, 0xff, 0xff, 0xff, 0xff, 0xff, 0xff, 0xff, 0xff, 0xff, 
	0xff, 0xff, 0xff, 0xff, 0xe0, 0x0f, 0xff, 0xff, 0xff, 0x00, 0x7f, 0xff, 0xff, 0xff, 0xff, 0xff, 
	0xff, 0xff, 0xff, 0xff, 0xff, 0xff, 0xff, 0xff, 0xff, 0xf0, 0xff, 0xff, 0xff, 0xff, 0xff, 0xff, 
	0xff, 0xff, 0xff, 0xff, 0xff, 0xff, 0xff, 0xff, 0xff, 0xff, 0xe0, 0x0f, 0xff, 0xff, 0xff, 0x00, 
	0x7f, 0xff, 0xff, 0xff, 0xff, 0xff, 0xff, 0xff, 0xff, 0xff, 0xff, 0xff, 0xff, 0xff, 0xff, 0xf0, 
	0xff, 0xff, 0xff, 0xff, 0xff, 0xff, 0xff, 0xff, 0xff, 0xff, 0xff, 0xff, 0xff, 0xff, 0xff, 0xff, 
	0xe0, 0x0f, 0xff, 0xff, 0xff, 0x00, 0x7f, 0xff, 0xff, 0xff, 0xff, 0xff, 0xff, 0xff, 0xff, 0xff, 
	0xff, 0xff, 0xff, 0xff, 0xff, 0xf0, 0xff, 0xff, 0xff, 0xff, 0xff, 0xff, 0xff, 0xff, 0xff, 0xff, 
	0xff, 0xff, 0xff, 0xff, 0xff, 0xff, 0xe0, 0x0f, 0xff, 0xff, 0xff, 0x00, 0x7f, 0xff, 0xff, 0xff, 
	0xff, 0xff, 0xff, 0xff, 0xff, 0xff, 0xff, 0xff, 0xff, 0xff, 0xff, 0xf0, 0xff, 0xff, 0xff, 0xff, 
	0xff, 0xff, 0xff, 0xff, 0xff, 0xff, 0xff, 0xff, 0xff, 0xff, 0xff, 0xff, 0xe0, 0x0f, 0xff, 0xff, 
	0xff, 0x00, 0x7f, 0xff, 0xff, 0xff, 0xff, 0xff, 0xff, 0xff, 0xff, 0xff, 0xff, 0xff, 0xff, 0xff, 
	0xff, 0xf0, 0xff, 0xff, 0xff, 0xff, 0xff, 0xff, 0xff, 0xff, 0xff, 0xff, 0xff, 0xff, 0xff, 0xff, 
	0xff, 0xfc, 0x00, 0x0f, 0xff, 0xff, 0xff, 0x00, 0x7f, 0xff, 0xff, 0xff, 0xff, 0xff, 0xff, 0xff, 
	0xff, 0xff, 0xff, 0xff, 0xff, 0xff, 0xff, 0xf0, 0xff, 0xff, 0xff, 0xff, 0xff, 0xff, 0xff, 0xff, 
	0xff, 0xff, 0xff, 0xff, 0xff, 0xff, 0xfe, 0x00, 0x00, 0x0f, 0xff, 0xff, 0xff, 0x00, 0x7f, 0xff, 
	0xff, 0xff, 0xff, 0xff, 0xff, 0xff, 0xff, 0xff, 0xff, 0xff, 0xff, 0xff, 0xff, 0xf0, 0xff, 0xff, 
	0xff, 0xff, 0xff, 0xff, 0xff, 0xff, 0xff, 0xff, 0xff, 0xff, 0xff, 0xff, 0xf8, 0x00, 0x00, 0x0f, 
	0xff, 0xff, 0xff, 0x00, 0x7f, 0xff, 0xff, 0xff, 0xff, 0xff, 0xff, 0xff, 0xff, 0xff, 0xff, 0xff, 
	0xff, 0xff, 0xff, 0xf0, 0xff, 0xff, 0xff, 0xff, 0xff, 0xff, 0xff, 0xff, 0xff, 0xff, 0xff, 0xff, 
	0xff, 0xff, 0xf0, 0x00, 0x00, 0x0f, 0xff, 0xff, 0xff, 0x80, 0x7f, 0xff, 0xff, 0xff, 0xff, 0xff, 
	0xff, 0xff, 0xff, 0xff, 0xff, 0xff, 0xff, 0xff, 0xff, 0xf0, 0xff, 0xff, 0xff, 0xff, 0xff, 0xff, 
	0xff, 0xff, 0xff, 0xff, 0xff, 0xff, 0xff, 0xff, 0xf0, 0x00, 0x00, 0x0f, 0xff, 0xff, 0xff, 0x80, 
	0x7f, 0xff, 0xff, 0xff, 0xff, 0xff, 0xff, 0xff, 0xff, 0xff, 0xff, 0xff, 0xff, 0xff, 0xff, 0xf0, 
	0xff, 0xff, 0xff, 0xff, 0xff, 0xff, 0xff, 0xff, 0xff, 0xff, 0xff, 0xff, 0xff, 0xff, 0xe0, 0x00, 
	0x00, 0x0f, 0xff, 0xff, 0xff, 0x80, 0x3f, 0xff, 0xff, 0xff, 0xff, 0xff, 0xff, 0xff, 0xff, 0xff, 
	0xff, 0xff, 0xff, 0xff, 0xff, 0xf0, 0xff, 0xff, 0xff, 0xff, 0xff, 0xff, 0xff, 0xff, 0xff, 0xff, 
	0xff, 0xff, 0xff, 0xff, 0xf0, 0x00, 0x00, 0x1f, 0xff, 0xff, 0xff, 0x80, 0x3f, 0xff, 0xff, 0xff, 
	0xff, 0xff, 0xff, 0xff, 0xff, 0xff, 0xff, 0xff, 0xff, 0xff, 0xff, 0xf0, 0xff, 0xff, 0xff, 0xff, 
	0xff, 0xff, 0xff, 0xff, 0xff, 0xff, 0xff, 0xff, 0xff, 0xff, 0xf0, 0x00, 0x00, 0x3f, 0xff, 0xff, 
	0xff, 0x80, 0x3f, 0xff, 0xff, 0xff, 0xff, 0xff, 0xff, 0xff, 0xff, 0xff, 0xff, 0xff, 0xff, 0xff, 
	0xff, 0xf0, 0xff, 0xff, 0xff, 0xff, 0xff, 0xff, 0xff, 0xff, 0xff, 0xff, 0xff, 0xff, 0xff, 0xff, 
	0xf8, 0x00, 0x07, 0xff, 0xff, 0xff, 0xff, 0x80, 0x3f, 0xff, 0xff, 0xff, 0xff, 0xff, 0xff, 0xff, 
	0xff, 0xff, 0xff, 0xff, 0xff, 0xff, 0xff, 0xf0, 0xff, 0xff, 0xff, 0xff, 0xff, 0xff, 0xff, 0xff, 
	0xff, 0xff, 0xff, 0xff, 0xff, 0xff, 0xfc, 0x0f, 0xff, 0xff, 0xff, 0xff, 0xff, 0x80, 0x3f, 0xff, 
	0xff, 0xff, 0xff, 0xff, 0xff, 0xff, 0xff, 0xff, 0xff, 0xff, 0xff, 0xff, 0xff, 0xf0, 0xff, 0xff, 
	0xff, 0xff, 0xff, 0xff, 0xff, 0xff, 0xff, 0xff, 0xff, 0xff, 0xff, 0xff, 0xff, 0xff, 0xff, 0xff, 
	0xff, 0xff, 0xff, 0x80, 0x3f, 0xff, 0xff, 0xff, 0xff, 0xff, 0xff, 0xff, 0xff, 0xff, 0xff, 0xff, 
	0xff, 0xff, 0xff, 0xf0, 0xff, 0xff, 0xff, 0xff, 0xff, 0xff, 0xff, 0xff, 0xff, 0xff, 0xff, 0xff, 
	0xff, 0xff, 0xff, 0xff, 0xff, 0xff, 0xff, 0xff, 0xff, 0x80, 0x3f, 0xff, 0xff, 0xff, 0xff, 0xff, 
	0xff, 0xff, 0xff, 0xff, 0xff, 0xff, 0xff, 0xff, 0xff, 0xf0, 0xff, 0xff, 0xff, 0xff, 0xff, 0xff, 
	0xff, 0xff, 0xff, 0xff, 0xff, 0xff, 0xff, 0xff, 0xff, 0xff, 0xff, 0xff, 0xff, 0xff, 0xff, 0x80, 
	0x3f, 0xff, 0xff, 0xff, 0xff, 0xff, 0xff, 0xff, 0xff, 0xff, 0xff, 0xff, 0xff, 0xff, 0xff, 0xf0, 
	0xff, 0xff, 0xff, 0xff, 0xff, 0xff, 0xff, 0xff, 0xff, 0xff, 0xff, 0xff, 0xff, 0xff, 0xff, 0xff, 
	0xff, 0xff, 0xff, 0xff, 0xff, 0x80, 0x3f, 0xff, 0xff, 0xff, 0xff, 0xff, 0xff, 0xff, 0xff, 0xff, 
	0xff, 0xff, 0xff, 0xff, 0xff, 0xf0, 0xff, 0xff, 0xff, 0xff, 0xff, 0xff, 0xff, 0xff, 0xff, 0xff, 
	0xff, 0xff, 0xff, 0xff, 0xff, 0xff, 0xff, 0xff, 0xff, 0xff, 0xff, 0xc0, 0x3f, 0xff, 0xff, 0xff, 
	0xff, 0xff, 0xff, 0xff, 0xff, 0xff, 0xff, 0xff, 0xff, 0xff, 0xff, 0xf0, 0xff, 0xff, 0xff, 0xff, 
	0xff, 0xff, 0xff, 0xff, 0xff, 0xff, 0xff, 0xff, 0xff, 0xff, 0xff, 0xff, 0xff, 0xff, 0xff, 0xff, 
	0xff, 0xc0, 0x3f, 0xff, 0xff, 0xff, 0xff, 0xff, 0xff, 0xff, 0xff, 0xff, 0xff, 0xff, 0xff, 0xff, 
	0xff, 0xf0, 0xff, 0xff, 0xff, 0xff, 0xff, 0xff, 0xff, 0xff, 0xff, 0xff, 0xff, 0xff, 0xff, 0xff, 
	0xff, 0xff, 0xff, 0xff, 0xff, 0xff, 0xff, 0xc0, 0x3f, 0xff, 0xff, 0xff, 0xff, 0xff, 0xff, 0xff, 
	0xff, 0xff, 0xff, 0xff, 0xff, 0xff, 0xff, 0xf0, 0xff, 0xff, 0xff, 0xff, 0xff, 0xff, 0xff, 0xff, 
	0xff, 0xff, 0xff, 0xff, 0xff, 0xff, 0xff, 0xff, 0xff, 0xff, 0xff, 0xff, 0xff, 0xc0, 0x1f, 0xff, 
	0xff, 0xff, 0xff, 0xff, 0xff, 0xff, 0xff, 0xff, 0xff, 0xff, 0xff, 0xff, 0xff, 0xf0, 0xff, 0xff, 
	0xff, 0xff, 0xff, 0xff, 0xff, 0xff, 0xff, 0xff, 0xff, 0xff, 0xff, 0xff, 0xff, 0xff, 0xff, 0xff, 
	0xff, 0xff, 0xff, 0xc0, 0x1f, 0xff, 0xff, 0xff, 0xff, 0xff, 0xff, 0xff, 0xff, 0xff, 0xff, 0xff, 
	0xff, 0xff, 0xff, 0xf0, 0xff, 0xff, 0xff, 0xff, 0xff, 0xff, 0xff, 0xff, 0xff, 0xff, 0xff, 0xff, 
	0xff, 0xff, 0xff, 0xff, 0xff, 0xff, 0xff, 0xff, 0xff, 0xc0, 0x1f, 0xff, 0xff, 0xff, 0xff, 0xff, 
	0xff, 0xff, 0xff, 0xff, 0xff, 0xff, 0xff, 0xff, 0xff, 0xf0, 0xff, 0xff, 0xff, 0xff, 0xff, 0xff, 
	0xff, 0xff, 0xff, 0xff, 0xff, 0xff, 0xff, 0xff, 0xff, 0xff, 0xff, 0xff, 0xff, 0xff, 0xff, 0xc0, 
	0x1f, 0xff, 0xff, 0xff, 0xff, 0xff, 0xff, 0xff, 0xff, 0xff, 0xff, 0xff, 0xff, 0xff, 0xff, 0xf0, 
	0xff, 0xff, 0xff, 0xff, 0xff, 0xff, 0xff, 0xff, 0xff, 0xff, 0xff, 0xff, 0xff, 0xff, 0xff, 0xff, 
	0xff, 0xff, 0xff, 0xff, 0xff, 0xc0, 0x1f, 0xff, 0xff, 0xff, 0xff, 0xff, 0xff, 0xff, 0xff, 0xff, 
	0xff, 0xff, 0xff, 0xff, 0xff, 0xf0, 0xff, 0xff, 0xff, 0xff, 0xff, 0xff, 0xff, 0xff, 0xff, 0xff, 
	0xff, 0xff, 0xff, 0xff, 0xff, 0xff, 0xff, 0xff, 0xff, 0xff, 0xff, 0xc0, 0x1f, 0xff, 0xff, 0xff, 
	0xff, 0xff, 0xff, 0xff, 0xff, 0xff, 0xff, 0xff, 0xff, 0xff, 0xff, 0xf0, 0xff, 0xff, 0xff, 0xff, 
	0xff, 0xff, 0xff, 0xff, 0xff, 0xff, 0xff, 0xff, 0xff, 0xff, 0xff, 0xff, 0xff, 0xff, 0xff, 0xff, 
	0xff, 0xc0, 0x1f, 0xff, 0xff, 0xff, 0xff, 0xff, 0xff, 0xff, 0xff, 0xff, 0xff, 0xff, 0xff, 0xff, 
	0xff, 0xf0, 0xff, 0xff, 0xff, 0xff, 0xff, 0xff, 0xff, 0xff, 0xff, 0xff, 0xff, 0xff, 0xff, 0xff, 
	0xff, 0xff, 0xff, 0xff, 0xff, 0xff, 0xff, 0xc0, 0x1f, 0xff, 0xff, 0xff, 0xff, 0xff, 0xff, 0xff, 
	0xff, 0xff, 0xff, 0xff, 0xff, 0xff, 0xff, 0xf0, 0xff, 0xff, 0xff, 0xff, 0xff, 0xff, 0xff, 0xff, 
	0xff, 0xff, 0xff, 0xff, 0xff, 0xff, 0xff, 0xff, 0xff, 0xff, 0xff, 0xff, 0xff, 0xe0, 0x1f, 0xff, 
	0xff, 0xff, 0xff, 0xff, 0xff, 0xff, 0xff, 0xff, 0xff, 0xff, 0xff, 0xff, 0xff, 0xf0, 0xff, 0xff, 
	0xff, 0xff, 0xff, 0xff, 0xff, 0xff, 0xff, 0xff, 0xff, 0xff, 0xff, 0xff, 0xff, 0xff, 0xff, 0xff, 
	0xff, 0xff, 0xff, 0xe0, 0x1f, 0xff, 0xff, 0xff, 0xff, 0xff, 0xff, 0xff, 0xff, 0xff, 0xff, 0xff, 
	0xff, 0xff, 0xff, 0xf0, 0xff, 0xff, 0xff, 0xff, 0xff, 0xff, 0xff, 0xff, 0xff, 0xff, 0xff, 0xff, 
	0xff, 0xff, 0xff, 0xff, 0xff, 0xff, 0xff, 0xff, 0xff, 0xe0, 0x1f, 0xff, 0xff, 0xff, 0xff, 0xff, 
	0xff, 0xff, 0xff, 0xff, 0xff, 0xff, 0xff, 0xff, 0xff, 0xf0, 0xff, 0xff, 0xff, 0xff, 0xff, 0xff, 
	0xff, 0xff, 0xff, 0xff, 0xff, 0xff, 0xff, 0xff, 0xff, 0xff, 0xff, 0xff, 0xff, 0xff, 0xff, 0xe0, 
	0x0f, 0xff, 0xff, 0xff, 0xff, 0xff, 0xff, 0xff, 0xff, 0xff, 0xff, 0xff, 0xff, 0xff, 0xff, 0xf0, 
	0xff, 0xff, 0xff, 0xff, 0xff, 0xff, 0xff, 0xff, 0xff, 0xff, 0xff, 0xff, 0xff, 0xff, 0xff, 0xff, 
	0xff, 0xff, 0xff, 0xff, 0xff, 0xe0, 0x0f, 0xff, 0xff, 0xff, 0xff, 0xff, 0xff, 0xff, 0xff, 0xff, 
	0xff, 0xff, 0xff, 0xff, 0xff, 0xf0, 0xff, 0xff, 0xff, 0xff, 0xff, 0xff, 0xff, 0xff, 0xff, 0xff, 
	0xff, 0xff, 0xff, 0xff, 0xff, 0xff, 0xff, 0xff, 0xff, 0xff, 0xff, 0xe0, 0x0f, 0x80, 0x07, 0xff, 
	0xff, 0xff, 0xff, 0xff, 0xff, 0xff, 0xff, 0xff, 0xff, 0xff, 0xff, 0xf0, 0xff, 0xff, 0xff, 0xff, 
	0xff, 0xff, 0xff, 0xff, 0xff, 0xff, 0xff, 0xff, 0xff, 0xff, 0xff, 0xff, 0xff, 0xff, 0xff, 0xff, 
	0xff, 0xe0, 0x00, 0x00, 0x03, 0xff, 0xff, 0xff, 0xff, 0xff, 0xff, 0xff, 0xff, 0xff, 0xff, 0xff, 
	0xff, 0xf0, 0xff, 0xff, 0xff, 0xff, 0xff, 0xff, 0xff, 0xff, 0xff, 0xff, 0xff, 0xff, 0xff, 0xff, 
	0xff, 0xff, 0xff, 0xff, 0xff, 0xff, 0xff, 0xe0, 0x00, 0x00, 0x03, 0xff, 0xff, 0xff, 0xff, 0xff, 
	0xff, 0xff, 0xff, 0xff, 0xff, 0xff, 0xff, 0xf0, 0xff, 0xff, 0xff, 0xff, 0xff, 0xff, 0xff, 0xff, 
	0xff, 0xff, 0xff, 0xff, 0xff, 0xff, 0xff, 0xff, 0xff, 0xff, 0xff, 0xff, 0xff, 0xe0, 0x00, 0x00, 
	0x03, 0xff, 0xff, 0xff, 0xff, 0xff, 0xff, 0xff, 0xff, 0xff, 0xff, 0xff, 0xff, 0xf0, 0xff, 0xff, 
	0xff, 0xff, 0xff, 0xff, 0xff, 0xff, 0xff, 0xff, 0xff, 0xff, 0xff, 0xff, 0xff, 0xff, 0xff, 0xff, 
	0xff, 0xff, 0xff, 0xe0, 0x00, 0x00, 0x03, 0xff, 0xff, 0xff, 0xff, 0xff, 0xff, 0xff, 0xff, 0xff, 
	0xff, 0xff, 0xff, 0xf0, 0xff, 0xff, 0xff, 0xff, 0xff, 0xff, 0xff, 0xff, 0xff, 0xff, 0xff, 0xff, 
	0xff, 0xff, 0xff, 0xff, 0xff, 0xff, 0xff, 0xff, 0xff, 0xe0, 0x00, 0x00, 0x03, 0xff, 0xff, 0xff, 
	0xff, 0xff, 0xff, 0xff, 0xff, 0xff, 0xff, 0xff, 0xff, 0xf0, 0xff, 0xff, 0xff, 0xff, 0xff, 0xff, 
	0xff, 0xff, 0xff, 0xff, 0xff, 0xff, 0xff, 0xff, 0xff, 0xff, 0xff, 0xff, 0xff, 0xff, 0xff, 0xf0, 
	0x00, 0x00, 0x07, 0xff, 0xff, 0xff, 0xff, 0xff, 0xff, 0xff, 0xff, 0xff, 0xff, 0xff, 0xff, 0xf0, 
	0xff, 0xff, 0xff, 0xff, 0xff, 0xff, 0xff, 0xff, 0xff, 0xff, 0xff, 0xff, 0xff, 0xff, 0xff, 0xff, 
	0xff, 0xff, 0xff, 0xff, 0xff, 0xf0, 0x00, 0x00, 0x0f, 0xff, 0xff, 0xff, 0xff, 0xff, 0xff, 0xff, 
	0xff, 0xff, 0xff, 0xff, 0xff, 0xf0, 0xff, 0xff, 0xff, 0xff, 0xff, 0xff, 0xff, 0xff, 0xff, 0xff, 
	0xff, 0xff, 0xff, 0xff, 0xff, 0xff, 0xff, 0xff, 0xff, 0xff, 0xff, 0xf8, 0x00, 0x00, 0xff, 0xff, 
	0xff, 0xff, 0xff, 0xff, 0xff, 0xff, 0xff, 0xff, 0xff, 0xff, 0xff, 0xf0, 0xff, 0xff, 0xff, 0xff, 
	0xff, 0xff, 0xff, 0xff, 0xff, 0xff, 0xff, 0xff, 0xff, 0xff, 0xff, 0xff, 0xff, 0xff, 0xff, 0xff, 
	0xff, 0xfc, 0x00, 0xff, 0xff, 0xff, 0xff, 0xff, 0xff, 0xff, 0xff, 0xff, 0xff, 0xff, 0xff, 0xff, 
	0xff, 0xf0, 0xff, 0xff, 0xff, 0xff, 0xff, 0xff, 0xff, 0xff, 0xff, 0xff, 0xff, 0xff, 0xff, 0xff, 
	0xff, 0xff, 0xff, 0xff, 0xff, 0xff, 0xff, 0xff, 0xff, 0xff, 0xff, 0xff, 0xff, 0xff, 0xff, 0xff, 
	0xff, 0xff, 0xff, 0xff, 0xff, 0xff, 0xff, 0xf0, 0xff, 0xff, 0xff, 0xff, 0xff, 0xff, 0xff, 0xff, 
	0xff, 0xff, 0xff, 0xff, 0xff, 0xff, 0xff, 0xff, 0xff, 0xff, 0xff, 0xff, 0xff, 0xff, 0xff, 0xff, 
	0xff, 0xff, 0xff, 0xff, 0xff, 0xff, 0xff, 0xff, 0xff, 0xff, 0xff, 0xff, 0xff, 0xf0, 0xff, 0xff, 
	0xff, 0xff, 0xff, 0xff, 0xff, 0xff, 0xff, 0xff, 0xff, 0xff, 0xff, 0xff, 0xff, 0xff, 0xff, 0xff, 
	0xff, 0xff, 0xff, 0xff, 0xff, 0xff, 0xff, 0xff, 0xff, 0xff, 0xff, 0xff, 0xff, 0xff, 0xff, 0xff, 
	0xff, 0xff, 0xff, 0xf0, 0xff, 0xff, 0xff, 0xff, 0xff, 0xff, 0xff, 0xff, 0xff, 0xff, 0xff, 0xff, 
	0xff, 0xff, 0xff, 0xff, 0xff, 0xff, 0xff, 0xff, 0xff, 0xff, 0xff, 0xff, 0xff, 0xff, 0xff, 0xff, 
	0xff, 0xff, 0xff, 0xff, 0xff, 0xff, 0xff, 0xff, 0xff, 0xf0, 0xff, 0xff, 0xff, 0xff, 0xff, 0xff, 
	0xff, 0xff, 0xff, 0xff, 0xff, 0xff, 0xff, 0xff, 0xff, 0xff, 0xff, 0xff, 0xff, 0xff, 0xff, 0xff, 
	0xff, 0xff, 0xff, 0xff, 0xff, 0xff, 0xff, 0xff, 0xff, 0xff, 0xff, 0xff, 0xff, 0xff, 0xff, 0xf0, 
	0xff, 0xff, 0xff, 0xff, 0xff, 0xff, 0xff, 0xff, 0xff, 0xff, 0xff, 0xff, 0xff, 0xff, 0xff, 0xff, 
	0xff, 0xff, 0xff, 0xff, 0xff, 0xff, 0xff, 0xff, 0xff, 0xff, 0xff, 0xff, 0xff, 0xff, 0xff, 0xff, 
	0xff, 0xff, 0xff, 0xff, 0xff, 0xf0, 0xff, 0xff, 0xff, 0xff, 0xff, 0xff, 0xff, 0xff, 0xff, 0xff, 
	0xff, 0xff, 0xff, 0xff, 0xff, 0xff, 0xff, 0xff, 0xff, 0xff, 0xff, 0xff, 0xff, 0xff, 0xff, 0xff, 
	0xff, 0xff, 0xff, 0xff, 0xff, 0xff, 0xff, 0xff, 0xff, 0xff, 0xff, 0xf0, 0xff, 0xff, 0xff, 0xff, 
	0xff, 0xff, 0xff, 0xff, 0xff, 0xff, 0xff, 0xff, 0xff, 0xff, 0xff, 0xff, 0xff, 0xff, 0xff, 0xff, 
	0xff, 0xff, 0xff, 0xff, 0xff, 0xff, 0xff, 0xff, 0xff, 0xff, 0xff, 0xff, 0xff, 0xff, 0xff, 0xff, 
	0xff, 0xf0, 0xff, 0xff, 0xff, 0xff, 0xff, 0xff, 0xff, 0xff, 0xff, 0xff, 0xff, 0xff, 0xff, 0xff, 
	0xff, 0xff, 0xff, 0xff, 0xff, 0xff, 0xff, 0xff, 0xff, 0xff, 0xff, 0xff, 0xff, 0xff, 0xff, 0xff, 
	0xff, 0xff, 0xff, 0xff, 0xff, 0xff, 0xff, 0xf0
};
